Player Name,Gender,Kingdom,Club,Player Identifier,Title,Club Title,Singles Rating,Doubles Rating,Combined Rating,Singles Won,Singles Played,Win Percentage,Doubles Won,Doubles Played,Win Percentage,Total Won,Total Played,Win Percentage,Helping Column,Helping Column,Helping Column,Helping Array,Full Name with Titles
Steven Brown,M,Pennsylvania,Pittsburgh Crokinole Club,1000,", King of Pennsylvania",", Champion of Pittsburgh Crokinole Club",1591,1658,1625,23,38,61%,18,27,67%,41,65,63%,Pennsylvania 1624.55,Pittsburgh Crokinole Club 1624.55,Steven Brown 1000,Aaron Birnbaum 1978,"Steven Brown, King of Pennsylvania, Champion of Pittsburgh Crokinole Club (1000)"
Ben Harding,M,South Carolina,Charleston Crokinole Club,1001,", King of South Carolina",", Champion of Charleston Crokinole Club",1665,1733,1699,25,39,64%,31,43,72%,56,82,68%,South Carolina 1698.78,Charleston Crokinole Club 1698.78,Ben Harding 1001,Aaron Crow 1475,"Ben Harding, King of South Carolina, Champion of Charleston Crokinole Club (1001)"
Preston Leeke,M,South Carolina,Charleston Crokinole Club,1002,,", Charleston Crokinole Club",1511,1564,1538,6,14,43%,17,28,61%,23,42,55%,South Carolina 1537.82,Charleston Crokinole Club 1537.82,Preston Leeke 1002,Aaron Cygnarowicz 1855,"Preston Leeke, Charleston Crokinole Club (1002)"
Joe Seifert,M,South Carolina,Charleston Crokinole Club,1003,,", Charleston Crokinole Club",1632,1604,1618,11,14,79%,7,8,88%,18,22,82%,South Carolina 1618.12,Charleston Crokinole Club 1618.12,Joe Seifert 1003,Aaron Fuegi 1627,"Joe Seifert, Charleston Crokinole Club (1003)"
Richard Willsea,M,South Carolina,Charleston Crokinole Club,1004,,", Charleston Crokinole Club",1546,1575,1561,10,15,67%,18,28,64%,28,43,65%,South Carolina 1560.77,Charleston Crokinole Club 1560.77,Richard Willsea 1004,Aaron Schwarz 1651,"Richard Willsea, Charleston Crokinole Club (1004)"
Stephanie Willsea,F,South Carolina,Charleston Crokinole Club,1005,,", Charleston Crokinole Club",1465,1429,1447,5,14,36%,7,21,33%,12,35,34%,South Carolina 1446.68,Charleston Crokinole Club 1446.68,Stephanie Willsea 1005,Ab Leitch 1061,"Stephanie Willsea, Charleston Crokinole Club (1005)"
Chris Prestero,M,South Carolina,Charleston Crokinole Club,1006,,", Charleston Crokinole Club",1535,1571,1553,9,14,64%,14,27,52%,23,41,56%,South Carolina 1552.9,Charleston Crokinole Club 1552.9,Chris Prestero 1006,Abigail Boles 1525,"Chris Prestero, Charleston Crokinole Club (1006)"
Karen Suter,F,South Carolina,Charleston Crokinole Club,1007,,", Charleston Crokinole Club",1454,1473,1463,7,14,50%,8,21,38%,15,35,43%,South Carolina 1463.23,Charleston Crokinole Club 1463.23,Karen Suter 1007,Abijah Jongsma 1135,"Karen Suter, Charleston Crokinole Club (1007)"
Andy Petrone,M,South Carolina,Charleston Crokinole Club,1008,,", Charleston Crokinole Club",1425,1500,1463,4,14,29%,0,0,N/A,4,14,29%,South Carolina 1462.65,Charleston Crokinole Club 1462.65,Andy Petrone 1008,Adah Swenson 1479,"Andy Petrone, Charleston Crokinole Club (1008)"
John Gray,M,South Carolina,Charleston Crokinole Club,1009,,", Charleston Crokinole Club",1464,1454,1459,3,10,30%,10,20,50%,13,30,43%,South Carolina 1458.97,Charleston Crokinole Club 1458.97,John Gray 1009,Ádám Huszárik 1039,"John Gray, Charleston Crokinole Club (1009)"
Deanne Gray,F,South Carolina,Charleston Crokinole Club,1010,,", Charleston Crokinole Club",1436,1484,1460,5,10,50%,7,14,50%,12,24,50%,South Carolina 1460.34,Charleston Crokinole Club 1460.34,Deanne Gray 1010,Adam Matyja 1538,"Deanne Gray, Charleston Crokinole Club (1010)"
Will Mature,M,South Carolina,Charleston Crokinole Club,1011,,", Charleston Crokinole Club",1421,1500,1460,4,15,27%,0,0,N/A,4,15,27%,South Carolina 1460.35,Charleston Crokinole Club 1460.35,Will Mature 1011,Adam Niehenke 1908,"Will Mature, Charleston Crokinole Club (1011)"
Sam Fleming,M,South Carolina,Charleston Crokinole Club,1012,,", Charleston Crokinole Club",1500,1478,1489,0,0,N/A,4,8,50%,4,8,50%,South Carolina 1489.21,Charleston Crokinole Club 1489.21,Sam Fleming 1012,Adam Shroat 1274,"Sam Fleming, Charleston Crokinole Club (1012)"
Ashley Skow,F,South Carolina,Charleston Crokinole Club,1013,,", Charleston Crokinole Club",1500,1465,1482,0,0,N/A,2,8,25%,2,8,25%,South Carolina 1482.48,Charleston Crokinole Club 1482.48,Ashley Skow 1013,Adam Vass 2017,"Ashley Skow, Charleston Crokinole Club (1013)"
Russell Daniels,M,South Carolina,Charleston Crokinole Club,1014,,", Charleston Crokinole Club",1500,1487,1493,0,0,N/A,6,13,46%,6,13,46%,South Carolina 1493.27,Charleston Crokinole Club 1493.27,Russell Daniels 1014,Adam Ziobrowski 1347,"Russell Daniels, Charleston Crokinole Club (1014)"
Sherri Marquardt,F,South Carolina,Charleston Crokinole Club,1015,,", Charleston Crokinole Club",1500,1424,1462,0,0,N/A,2,13,15%,2,13,15%,South Carolina 1462.12,Charleston Crokinole Club 1462.12,Sherri Marquardt 1015,Adria Gratiot 1300,"Sherri Marquardt, Charleston Crokinole Club (1015)"
Sheryl Prestero,F,South Carolina,Charleston Crokinole Club,1016,,", Charleston Crokinole Club",1500,1552,1526,0,0,N/A,10,14,71%,10,14,71%,South Carolina 1526.17,Charleston Crokinole Club 1526.17,Sheryl Prestero 1016,Adrian Long 1616,"Sheryl Prestero, Charleston Crokinole Club (1016)"
Nick Garcia,M,South Carolina,Charleston Crokinole Club,1017,,", Charleston Crokinole Club",1500,1552,1526,0,0,N/A,9,16,56%,9,16,56%,South Carolina 1526.19,Charleston Crokinole Club 1526.19,Nick Garcia 1017,Ágoston Orbán 1190,"Nick Garcia, Charleston Crokinole Club (1017)"
Cori Harding,F,South Carolina,Charleston Crokinole Club,1018,,", Charleston Crokinole Club",1500,1458,1479,0,0,N/A,4,10,40%,4,10,40%,South Carolina 1479.23,Charleston Crokinole Club 1479.23,Cori Harding 1018,Al Carter 1106,"Cori Harding, Charleston Crokinole Club (1018)"
Doug Brown,M,Pennsylvania,Pittsburgh Crokinole Club,1019,,", Pittsburgh Crokinole Club",1509,1494,1502,4,6,67%,0,1,0%,4,7,57%,Pennsylvania 1501.69,Pittsburgh Crokinole Club 1501.69,Doug Brown 1019,Alan Wood 1530,"Doug Brown, Pittsburgh Crokinole Club (1019)"
Jim Gress,M,Ohio,Cleveland Crokinole Club,1020,", King of Ohio",", Champion of Cleveland Crokinole Club",1660,1500,1580,17,22,77%,0,0,N/A,17,22,77%,Ohio 1580.16,Cleveland Crokinole Club 1580.16,Jim Gress 1020,Alec Willman 1292,"Jim Gress, King of Ohio, Champion of Cleveland Crokinole Club (1020)"
Rob Richardson,M,Ohio,Cleveland Crokinole Club,1021,,", Cleveland Crokinole Club",1651,1500,1576,13,16,81%,0,0,N/A,13,16,81%,Ohio 1575.74,Cleveland Crokinole Club 1575.74,Rob Richardson 1021,Alesha Cowles 1685,"Rob Richardson, Cleveland Crokinole Club (1021)"
Rick Ammon,M,Ohio,Cleveland Crokinole Club,1022,,", Cleveland Crokinole Club",1506,1500,1503,6,8,75%,0,0,N/A,6,8,75%,Ohio 1503.01,Cleveland Crokinole Club 1503.01,Rick Ammon 1022,Alex Bastecki 1422,"Rick Ammon, Cleveland Crokinole Club (1022)"
Coby Kelly,M,Ohio,Cleveland Crokinole Club,1023,,", Cleveland Crokinole Club",1468,1500,1484,2,8,25%,0,0,N/A,2,8,25%,Ohio 1483.97,Cleveland Crokinole Club 1483.97,Coby Kelly 1023,Alex Bruckner 1875,"Coby Kelly, Cleveland Crokinole Club (1023)"
Jill Begue,F,Ohio,Cleveland Crokinole Club,1024,,", Cleveland Crokinole Club",1405,1500,1452,0,8,0%,0,0,N/A,0,8,0%,Ohio 1452.38,Cleveland Crokinole Club 1452.38,Jill Begue 1024,Alex Carson 1910,"Jill Begue, Cleveland Crokinole Club (1024)"
Nickle Keyes,F,Pennsylvania,Pittsburgh Crokinole Club,1025,,", Pittsburgh Crokinole Club",1490,1500,1495,2,4,50%,0,0,N/A,2,4,50%,Pennsylvania 1495.2,Pittsburgh Crokinole Club 1495.2,Nickle Keyes 1025,Alex Emmert 1736,"Nickle Keyes, Pittsburgh Crokinole Club (1025)"
Matt Antonich,M,Pennsylvania,Pittsburgh Crokinole Club,1026,,", Pittsburgh Crokinole Club",1497,1535,1516,2,5,40%,3,6,50%,5,11,45%,Pennsylvania 1516.05,Pittsburgh Crokinole Club 1516.05,Matt Antonich 1026,Alex Holub 1311,"Matt Antonich, Pittsburgh Crokinole Club (1026)"
Cody Sheldon,M,Pennsylvania,Pittsburgh Crokinole Club,1027,,", Pittsburgh Crokinole Club",1449,1500,1474,1,5,20%,0,0,N/A,1,5,20%,Pennsylvania 1474.38,Pittsburgh Crokinole Club 1474.38,Cody Sheldon 1027,Alex Jones 1798,"Cody Sheldon, Pittsburgh Crokinole Club (1027)"
Chelsea Sheldon,F,Pennsylvania,Pittsburgh Crokinole Club,1028,,", Pittsburgh Crokinole Club",1480,1451,1465,1,4,25%,0,6,0%,1,10,10%,Pennsylvania 1465.42,Pittsburgh Crokinole Club 1465.42,Chelsea Sheldon 1028,Alex Parsons 2064,"Chelsea Sheldon, Pittsburgh Crokinole Club (1028)"
Glen Parks,M,Pennsylvania,Pittsburgh Crokinole Club,1029,,", Pittsburgh Crokinole Club",1562,1576,1569,12,19,63%,6,11,55%,18,30,60%,Pennsylvania 1568.85,Pittsburgh Crokinole Club 1568.85,Glen Parks 1029,Alex Protas 1117,"Glen Parks, Pittsburgh Crokinole Club (1029)"
Brad Kwiatek,M,Pennsylvania,Pittsburgh Crokinole Club,1030,,", Pittsburgh Crokinole Club",1514,1518,1516,7,14,50%,3,5,60%,10,19,53%,Pennsylvania 1515.89,Pittsburgh Crokinole Club 1515.89,Brad Kwiatek 1030,Alex Schlosser 1948,"Brad Kwiatek, Pittsburgh Crokinole Club (1030)"
Jenny Kwiatek,F,Pennsylvania,Pittsburgh Crokinole Club,1031,,", Pittsburgh Crokinole Club",1503,1500,1501,3,4,75%,0,0,N/A,3,4,75%,Pennsylvania 1501.26,Pittsburgh Crokinole Club 1501.26,Jenny Kwiatek 1031,Alexa Zumhagen 1507,"Jenny Kwiatek, Pittsburgh Crokinole Club (1031)"
Duane Stewart III,M,Pennsylvania,Pittsburgh Crokinole Club,1032,,", Pittsburgh Crokinole Club",1598,1544,1571,11,19,58%,5,6,83%,16,25,64%,Pennsylvania 1571.13,Pittsburgh Crokinole Club 1571.13,Duane Stewart III 1032,Alexis Mack 1384,"Duane Stewart III, Pittsburgh Crokinole Club (1032)"
Tobias Mcfadden,M,Pennsylvania,Pittsburgh Crokinole Club,1033,,", Pittsburgh Crokinole Club",1426,1500,1463,0,6,0%,0,0,N/A,0,6,0%,Pennsylvania 1462.8,Pittsburgh Crokinole Club 1462.8,Tobias Mcfadden 1033,Alfonso Román 1175,"Tobias Mcfadden, Pittsburgh Crokinole Club (1033)"
Josh Mcfadden,M,Pennsylvania,Pittsburgh Crokinole Club,1034,,", Pittsburgh Crokinole Club",1514,1500,1507,1,1,100%,0,0,N/A,1,1,100%,Pennsylvania 1507.13,Pittsburgh Crokinole Club 1507.13,Josh Mcfadden 1034,Allen Lewis 1825,"Josh Mcfadden, Pittsburgh Crokinole Club (1034)"
Attila Berzlánovich,M,Hungary,Szombathely,1035,,", Champion of Szombathely",1635,1577,1606,35,57,61%,8,12,67%,43,69,62%,Hungary 1605.7,Szombathely 1605.7,Attila Berzlánovich 1035,Allen Pengelly 1133,"Attila Berzlánovich, Champion of Szombathely (1035)"
Krisztián Berzlánovich,M,Hungary,Szombathely,1036,,", Szombathely",1616,1577,1596,47,77,61%,8,12,67%,55,89,62%,Hungary 1596.38,Szombathely 1596.38,Krisztián Berzlánovich 1036,Álmos Ákos Illyés-Rataj 1050,"Krisztián Berzlánovich, Szombathely (1036)"
Tamás Zámbó,M,Hungary,Nagykanizsa,1037,,", Champion of Nagykanizsa",1608,1532,1570,41,75,55%,14,25,56%,55,100,55%,Hungary 1569.86,Nagykanizsa 1569.86,Tamás Zámbó 1037,Alona Garza 2057,"Tamás Zámbó, Champion of Nagykanizsa (1037)"
Kristóf Zámbó,M,Hungary,Nagykanizsa,1038,,", Nagykanizsa",1529,1532,1531,40,76,53%,14,25,56%,54,101,53%,Hungary 1530.75,Nagykanizsa 1530.75,Kristóf Zámbó 1038,Amanda Brown 1375,"Kristóf Zámbó, Nagykanizsa (1038)"
Ádám Huszárik,M,Hungary,Budapest,1039,", King of Hungary",", Champion of Budapest",1658,1580,1619,17,21,81%,16,25,64%,33,46,72%,Hungary 1618.87,Budapest 1618.87,Ádám Huszárik 1039,Amanda Rouse 1691,"Ádám Huszárik, King of Hungary, Champion of Budapest (1039)"
Mihály Huszárik,M,Hungary,Budapest,1040,,", Budapest",1504,1580,1542,9,18,50%,16,25,64%,25,43,58%,Hungary 1541.82,Budapest 1541.82,Mihály Huszárik 1040,Amanda Schaedig 1894,"Mihály Huszárik, Budapest (1040)"
Nikolett Huszárik,F,Hungary,Budapest,1041,,", Budapest",1610,1595,1603,12,20,60%,19,27,70%,31,47,66%,Hungary 1602.97,Budapest 1602.97,Nikolett Huszárik 1041,Amelia Hartman 1118,"Nikolett Huszárik, Budapest (1041)"
Árpád Lonsták,M,Hungary,Budapest,1042,,", Budapest",1535,1595,1565,11,19,58%,19,27,70%,30,46,65%,Hungary 1565.24,Budapest 1565.24,Árpád Lonsták 1042,Amy Zumhagen 1421,"Árpád Lonsták, Budapest (1042)"
Zsolt Bodnár,M,Hungary,Budapest,1043,,", Budapest",1488,1512,1500,4,10,40%,12,23,52%,16,33,48%,Hungary 1500.44,Budapest 1500.44,Zsolt Bodnár 1043,Anastasia Weiker 1473,"Zsolt Bodnár, Budapest (1043)"
Attila Molnár,M,Hungary,Budapest,1044,,", Budapest",1500,1489,1494,0,0,N/A,4,10,40%,4,10,40%,Hungary 1494.46,Budapest 1494.46,Attila Molnár 1044,András Béni 1531,"Attila Molnár, Budapest (1044)"
György Bozóki,M,Hungary,Pécel,1045,,", Champion of Pécel",1500,1462,1481,0,0,N/A,3,10,30%,3,10,30%,Hungary 1481.2,Pécel 1481.2,György Bozóki 1045,András Kacskovics 1193,"György Bozóki, Champion of Pécel (1045)"
Tamara Bozóki,F,Hungary,Pécel,1046,,", Pécel",1500,1462,1481,0,0,N/A,3,10,30%,3,10,30%,Hungary 1481.2,Pécel 1481.2,Tamara Bozóki 1046,András Naszádi 1140,"Tamara Bozóki, Pécel (1046)"
Dániel Létay,M,Hungary,Budapest,1047,,", Budapest",1539,1498,1519,27,57,47%,4,10,40%,31,67,46%,Hungary 1518.62,Budapest 1518.62,Dániel Létay 1047,Andre Herron Jr. 2049,"Dániel Létay, Budapest (1047)"
Gáspár Létay,M,Hungary,Budapest,1048,,", Budapest",1642,1498,1570,36,57,63%,4,10,40%,40,67,60%,Hungary 1569.92,Budapest 1569.92,Gáspár Létay 1048,Andrew Beougher 1313,"Gáspár Létay, Budapest (1048)"
Szilvia Rataj,F,Hungary,Budapest,1049,,", Budapest",1360,1362,1361,4,22,18%,4,23,17%,8,45,18%,Hungary 1361.03,Budapest 1361.03,Szilvia Rataj 1049,Andrew duLuard 1493,"Szilvia Rataj, Budapest (1049)"
Álmos Ákos Illyés-Rataj,M,Hungary,Budapest,1050,,", Budapest",1366,1362,1364,18,42,43%,4,23,17%,22,65,34%,Hungary 1364.16,Budapest 1364.16,Álmos Ákos Illyés-Rataj 1050,Andrew Emmert 1818,"Álmos Ákos Illyés-Rataj, Budapest (1050)"
Lelle Ladányi,F,Hungary,Esztergom,1051,,", Esztergom",1500,1515,1508,0,0,N/A,14,23,61%,14,23,61%,Hungary 1507.66,Esztergom 1507.66,Lelle Ladányi 1051,Andrew Flanders 2081,"Lelle Ladányi, Esztergom (1051)"
Péter Ladányi,M,Hungary,Esztergom,1052,,", Champion of Esztergom",1576,1515,1546,13,18,72%,14,23,61%,27,41,66%,Hungary 1545.63,Esztergom 1545.63,Péter Ladányi 1052,Andrew Freeman 1550,"Péter Ladányi, Champion of Esztergom (1052)"
Zoltán István Osvai,M,Hungary,Budapest,1053,,", Budapest",1500,1410,1455,0,0,N/A,1,10,10%,1,10,10%,Hungary 1455.04,Budapest 1455.04,Zoltán István Osvai 1053,Andrew Garth 1458,"Zoltán István Osvai, Budapest (1053)"
Attila Retkes,M,Hungary,Budapest,1054,,", Budapest",1446,1410,1428,7,19,37%,1,10,10%,8,29,28%,Hungary 1428.04,Budapest 1428.04,Attila Retkes 1054,Andrew Herndon 1317,"Attila Retkes, Budapest (1054)"
Zsolt Rimár,M,Hungary,Budapest,1055,,", Budapest",1568,1533,1551,29,57,51%,14,25,56%,43,82,52%,Hungary 1550.61,Budapest 1550.61,Zsolt Rimár 1055,Andrew Huber 2027,"Zsolt Rimár, Budapest (1055)"
Attila Gelics,M,Hungary,Budapest,1056,,", Budapest",1536,1510,1523,8,12,67%,6,12,50%,14,24,58%,Hungary 1522.8,Budapest 1522.8,Attila Gelics 1056,Andrew Hutchinson 1113,"Attila Gelics, Budapest (1056)"
Will Baldwin,M,South Carolina,Charleston Crokinole Club,1057,,", Charleston Crokinole Club",1500,1431,1466,0,0,N/A,1,7,14%,1,7,14%,South Carolina 1465.52,Charleston Crokinole Club 1465.52,Will Baldwin 1057,Andrew Kisner 1923,"Will Baldwin, Charleston Crokinole Club (1057)"
Michael Hewitt,M,South Carolina,Charleston Crokinole Club,1058,,", Charleston Crokinole Club",1500,1434,1467,0,0,N/A,2,8,25%,2,8,25%,South Carolina 1467.04,Charleston Crokinole Club 1467.04,Michael Hewitt 1058,Andrew Korchok 1159,"Michael Hewitt, Charleston Crokinole Club (1058)"
Jonathon Leeke,M,South Carolina,Charleston Crokinole Club,1059,,", Charleston Crokinole Club",1489,1518,1503,0,1,0%,5,8,63%,5,9,56%,South Carolina 1503.32,Charleston Crokinole Club 1503.32,Jonathon Leeke 1059,Andrew Stiles 1722,"Jonathon Leeke, Charleston Crokinole Club (1059)"
Nathan Walsh,M,Canada,,1060,,", ",1635,1516,1576,189,350,54%,20,36,56%,209,386,54%,Canada 1575.64, 1575.64,Nathan Walsh 1060,Andrew van Andel 1160,"Nathan Walsh,  (1060)"
Ab Leitch,M,Canada,,1061,,", ",1572,1465,1518,51,89,57%,5,11,45%,56,100,56%,Canada 1518.3, 1518.3,Ab Leitch 1061,Andy Fiehler 1336,"Ab Leitch,  (1061)"
Eric Miltenburg,M,Canada,,1062,,", ",1537,1494,1516,120,231,52%,8,24,33%,128,255,50%,Canada 1515.79, 1515.79,Eric Miltenburg 1062,Andy Flanders 2082,"Eric Miltenburg,  (1062)"
Jason Beierling,M,Canada,,1063,,", ",1671,1624,1648,139,245,57%,22,36,61%,161,281,57%,Canada 1647.59, 1647.59,Jason Beierling 1063,Andy Petrone 1008,"Jason Beierling,  (1063)"
Ray Beierling,M,Canada,,1064,,", ",1685,1638,1661,157,288,55%,24,36,67%,181,324,56%,Canada 1661.23, 1661.23,Ray Beierling 1064,Angie Justice 1324,"Ray Beierling,  (1064)"
Joe Arnup,M,Canada,,1065,,", ",1554,1500,1527,17,27,63%,0,0,N/A,17,27,63%,Canada 1527.01, 1527.01,Joe Arnup 1065,Anna Bubashvili 1544,"Joe Arnup,  (1065)"
Kent Robinson,M,,,1066,,", ",1475,1500,1488,3,7,43%,0,0,N/A,3,7,43%, 1487.55, 1487.55,Kent Robinson 1066,Anna Takács 1171,"Kent Robinson,  (1066)"
Rob Mader,M,,,1067,,", ",1533,1449,1491,49,88,56%,1,5,20%,50,93,54%, 1491.24, 1491.24,Rob Mader 1067,Anthony Anthous 1658,"Rob Mader,  (1067)"
Brian Cook,M,England,,1068,", King of England",", ",1597,1500,1549,13,21,62%,0,0,N/A,13,21,62%,England 1548.65, 1548.65,Brian Cook 1068,Anthony Salupo 2050,"Brian Cook, King of England,  (1068)"
Jon Conrad,M,Canada,,1069,,", ",1628,1583,1606,158,283,56%,10,13,77%,168,296,57%,Canada 1605.77, 1605.77,Jon Conrad 1069,Anthony Spicer 1884,"Jon Conrad,  (1069)"
Jason Carter,M,,,1070,,", ",1501,1500,1501,3,8,38%,0,0,N/A,3,8,38%, 1500.63, 1500.63,Jason Carter 1070,Anthony Sutliff 1986,"Jason Carter,  (1070)"
Justin Slater,M,Canada,,1071,", King of Canada",", ",1774,1585,1680,130,205,63%,19,29,66%,149,234,64%,Canada 1679.71, 1679.71,Justin Slater 1071,Anton Perkins 1909,"Justin Slater, King of Canada,  (1071)"
Fred Slater,M,Canada,,1072,,", ",1602,1585,1594,137,244,56%,19,29,66%,156,273,57%,Canada 1593.63, 1593.63,Fred Slater 1072,Antony Saccenti 1940,"Fred Slater,  (1072)"
John Harvey,M,,,1073,,", ",1517,1500,1509,30,57,53%,0,0,N/A,30,57,53%, 1508.69, 1508.69,John Harvey 1073,April Finnell 1688,"John Harvey,  (1073)"
Greg Matthison,M,,,1074,,", ",1444,1500,1472,5,17,29%,0,0,N/A,5,17,29%, 1471.83, 1471.83,Greg Matthison 1074,Ari Gottesman 1269,"Greg Matthison,  (1074)"
Robert Bonnett,M,Canada,,1075,,", ",1606,1526,1566,72,137,53%,13,24,54%,85,161,53%,Canada 1565.62, 1565.62,Robert Bonnett 1075,Ariel Everitt 1484,"Robert Bonnett,  (1075)"
Rex Johnston,M,,,1076,,", ",1574,1487,1530,84,154,55%,3,11,27%,87,165,53%, 1530.46, 1530.46,Rex Johnston 1076,Áron Retkes 1218,"Rex Johnston,  (1076)"
Lloyd Wiseman,M,,,1077,,", ",1525,1500,1513,41,77,53%,0,0,N/A,41,77,53%, 1512.62, 1512.62,Lloyd Wiseman 1077,Árpád Lonsták 1042,"Lloyd Wiseman,  (1077)"
Howard Martin,M,,,1078,,", ",1453,1483,1468,82,186,44%,12,24,50%,94,210,45%, 1468.38, 1468.38,Howard Martin 1078,Arthur Hogg 1817,"Howard Martin,  (1078)"
Barry Kiggins,M,,,1079,,", ",1471,1500,1485,31,61,51%,0,0,N/A,31,61,51%, 1485.37, 1485.37,Barry Kiggins 1079,Asbjorn Parmer 1177,"Barry Kiggins,  (1079)"
Louis Gauthier,M,,,1080,,", ",1536,1537,1536,29,59,49%,8,11,73%,37,70,53%, 1536.43, 1536.43,Louis Gauthier 1080,Ashley Anschutz 1886,"Louis Gauthier,  (1080)"
Matt Brown,M,,,1081,,", ",1574,1525,1549,40,69,58%,8,16,50%,48,85,56%, 1549.36, 1549.36,Matt Brown 1081,Ashley Byron 1832,"Matt Brown,  (1081)"
Joe Richards,M,,,1082,,", ",1468,1500,1484,3,9,33%,0,0,N/A,3,9,33%, 1483.84, 1483.84,Joe Richards 1082,Ashley Roesch 1712,"Joe Richards,  (1082)"
Reuben Jongsma,M,,,1083,,", ",1543,1500,1521,74,134,55%,0,0,N/A,74,134,55%, 1521.44, 1521.44,Reuben Jongsma 1083,Ashley Skow 1013,"Reuben Jongsma,  (1083)"
Jamie Sala,M,,,1084,,", ",1461,1500,1481,3,9,33%,0,0,N/A,3,9,33%, 1480.7, 1480.7,Jamie Sala 1084,Ashley Vojtush 1816,"Jamie Sala,  (1084)"
Paul Brubacher,M,Canada,,1085,,", ",1562,1500,1531,48,87,55%,0,0,N/A,48,87,55%,Canada 1530.9, 1530.9,Paul Brubacher 1085,Aspen Newland 1807,"Paul Brubacher,  (1085)"
Roy Campbell,M,Canada,,1086,,", ",1659,1566,1612,125,223,56%,18,31,58%,143,254,56%,Canada 1612.45, 1612.45,Roy Campbell 1086,Attila Berzlánovich 1035,"Roy Campbell,  (1086)"
Tom Johnston,M,,,1087,,", ",1577,1487,1532,57,101,56%,3,11,27%,60,112,54%, 1532.27, 1532.27,Tom Johnston 1087,Attila Gelics 1056,"Tom Johnston,  (1087)"
Murray Perdue,M,,,1088,,", ",1425,1500,1462,6,16,38%,0,0,N/A,6,16,38%, 1462.4, 1462.4,Murray Perdue 1088,Attila Kánnár 1137,"Murray Perdue,  (1088)"
Dennis Ernest,M,,,1089,,", ",1401,1444,1422,3,16,19%,3,11,27%,6,27,22%, 1422.29, 1422.29,Dennis Ernest 1089,Attila Molnár 1044,"Dennis Ernest,  (1089)"
Bob Jones,M,,,1090,,", ",1515,1463,1489,93,183,51%,5,13,38%,98,196,50%, 1488.98, 1488.98,Bob Jones 1090,Attila Retkes 1054,"Bob Jones,  (1090)"
Peter Tarle,M,,,1091,,", ",1479,1537,1508,40,74,54%,8,11,73%,48,85,56%, 1507.95, 1507.95,Peter Tarle 1091,Attila Szecsei 1141,"Peter Tarle,  (1091)"
Dave Brown,M,,,1092,,", ",1421,1525,1473,29,60,48%,8,16,50%,37,76,49%, 1473.08, 1473.08,Dave Brown 1092,Austin Comfort 1285,"Dave Brown,  (1092)"
Roger Vaillancourt,M,,,1093,,", ",1557,1500,1529,76,146,52%,0,0,N/A,76,146,52%, 1528.51, 1528.51,Roger Vaillancourt 1093,Bailey Osborne 1350,"Roger Vaillancourt,  (1093)"
Bill Geris,M,,,1094,,", ",1482,1500,1491,34,72,47%,0,0,N/A,34,72,47%, 1491.03, 1491.03,Bill Geris 1094,Balázs Kacskovics 1215,"Bill Geris,  (1094)"
Kathy Geris,M,,,1095,,", ",1310,1500,1405,17,58,29%,0,0,N/A,17,58,29%, 1405.11, 1405.11,Kathy Geris 1095,Bálint Béni 1532,"Kathy Geris,  (1095)"
Ron Reesor,M,Canada,,1096,,", ",1499,1533,1516,35,76,46%,5,11,45%,40,87,46%,Canada 1516.28, 1516.28,Ron Reesor 1096,Baross Gábor 1169,"Ron Reesor,  (1096)"
Bob Mader,M,,,1097,,", ",1479,1500,1489,17,36,47%,0,0,N/A,17,36,47%, 1489.35, 1489.35,Bob Mader 1097,Barrett Bachmann 1521,"Bob Mader,  (1097)"
John Quaiser,M,,,1098,,", ",1361,1500,1431,32,80,40%,0,0,N/A,32,80,40%, 1430.53, 1430.53,John Quaiser 1098,Barry Kiggins 1079,"John Quaiser,  (1098)"
Richard Voisin,M,,,1099,,", ",1464,1500,1482,17,36,47%,0,0,N/A,17,36,47%, 1481.78, 1481.78,Richard Voisin 1099,Barry Mombourquette 1156,"Richard Voisin,  (1099)"
John Lichti,M,,,1100,,", ",1463,1483,1473,18,37,49%,6,13,46%,24,50,48%, 1472.94, 1472.94,John Lichti 1100,Becky Drab 2058,"John Lichti,  (1100)"
Beverly Vaillancourt,F,,,1101,,", ",1493,1500,1497,63,126,50%,0,0,N/A,63,126,50%, 1496.51, 1496.51,Beverly Vaillancourt 1101,Ben Flanders 2006,"Beverly Vaillancourt,  (1101)"
Clare Kuepfer,M,Canada,,1102,,", ",1562,1509,1535,134,267,50%,17,29,59%,151,296,51%,Canada 1535.32, 1535.32,Clare Kuepfer 1102,Ben Hackney-Williams 1540,"Clare Kuepfer,  (1102)"
Brian Simpson,M,,,1103,,", ",1605,1500,1553,33,56,59%,0,0,N/A,33,56,59%, 1552.67, 1552.67,Brian Simpson 1103,Ben Harding 1001,"Brian Simpson,  (1103)"
Jo-Ann Carter,F,,,1104,,", ",1478,1500,1489,83,178,47%,0,0,N/A,83,178,47%, 1488.81, 1488.81,Jo-Ann Carter 1104,Ben Naber 1396,"Jo-Ann Carter,  (1104)"
Peter Carter,M,,,1105,,", ",1529,1477,1503,112,220,51%,4,11,36%,116,231,50%, 1503.33, 1503.33,Peter Carter 1105,Ben Nowicki 1882,"Peter Carter,  (1105)"
Al Carter,M,,,1106,,", ",1424,1500,1462,32,72,44%,0,0,N/A,32,72,44%, 1461.94, 1461.94,Al Carter 1106,Ben Schanfish 1912,"Al Carter,  (1106)"
Cathy Kuepfer,F,Canada,,1107,,", ",1477,1407,1442,98,200,49%,4,13,31%,102,213,48%,Canada 1441.91, 1441.91,Cathy Kuepfer 1107,Ben Sherman 1437,"Cathy Kuepfer,  (1107)"
Dale Henry,M,,,1108,,", ",1442,1461,1452,84,172,49%,3,13,23%,87,185,47%, 1451.72, 1451.72,Dale Henry 1108,Ben Swenson 1480,"Dale Henry,  (1108)"
Gloria Walsh,F,Canada,,1109,,", ",1397,1532,1464,32,71,45%,8,13,62%,40,84,48%,Canada 1464.47, 1464.47,Gloria Walsh 1109,Ben Voorhorst 1448,"Gloria Walsh,  (1109)"
Neil Cook,M,,,1110,,", ",1435,1487,1461,15,40,38%,14,24,58%,29,64,45%, 1461, 1461,Neil Cook 1110,Ben Walters 1743,"Neil Cook,  (1110)"
Dan Shantz,M,,,1111,,", ",1466,1500,1483,9,20,45%,0,0,N/A,9,20,45%, 1482.76, 1482.76,Dan Shantz 1111,Ben Wiseman 1243,"Dan Shantz,  (1111)"
Chris Gorsline,M,,,1112,,", ",1410,1500,1455,5,22,23%,0,0,N/A,5,22,23%, 1454.86, 1454.86,Chris Gorsline 1112,Benjamin Chen 1494,"Chris Gorsline,  (1112)"
Andrew Hutchinson,M,Canada,,1113,,", ",1684,1549,1616,127,227,56%,11,20,55%,138,247,56%,Canada 1616.1, 1616.1,Andrew Hutchinson 1113,Benjamin Koester 1467,"Andrew Hutchinson,  (1113)"
Jeremy Tracey,M,Canada,,1114,,", ",1675,1566,1620,110,201,55%,11,20,55%,121,221,55%,Canada 1620.18, 1620.18,Jeremy Tracey 1114,Benjamin Swenson 1844,"Jeremy Tracey,  (1114)"
Dwayne Campbell,M,,,1115,,", ",1610,1489,1550,62,103,60%,4,13,31%,66,116,57%, 1549.77, 1549.77,Dwayne Campbell 1115,Benjamin Voorhorst 1391,"Dwayne Campbell,  (1115)"
Christina Campbell,F,,,1116,,", ",1553,1489,1521,49,96,51%,4,13,31%,53,109,49%, 1520.95, 1520.95,Christina Campbell 1116,Bennett Roesch 1714,"Christina Campbell,  (1116)"
Alex Protas,M,,,1117,,", ",1433,1444,1438,7,24,29%,3,11,27%,10,35,29%, 1438.43, 1438.43,Alex Protas 1117,Bert Costermans 1192,"Alex Protas,  (1117)"
Amelia Hartman,F,,,1118,,", ",1464,1500,1482,10,21,48%,0,0,N/A,10,21,48%, 1482.05, 1482.05,Amelia Hartman 1118,Bess Matthews 1642,"Amelia Hartman,  (1118)"
Raymond Kappes,M,Canada,,1119,,", ",1589,1500,1544,14,21,67%,0,0,N/A,14,21,67%,Canada 1544.27, 1544.27,Raymond Kappes 1119,Beth Hanes 1466,"Raymond Kappes,  (1119)"
Bill Harris,M,,,1120,,", ",1482,1500,1491,44,85,52%,0,0,N/A,44,85,52%, 1490.85, 1490.85,Bill Harris 1120,Beth Schripsema 2031,"Bill Harris,  (1120)"
Derek McKie,M,,,1121,,", ",1518,1500,1509,32,64,50%,0,0,N/A,32,64,50%, 1509.23, 1509.23,Derek McKie 1121,Betsy Burdett 1954,"Derek McKie,  (1121)"
Nolan Tracey,M,Canada,,1122,,", ",1566,1549,1557,82,142,58%,9,13,69%,91,155,59%,Canada 1557.49, 1557.49,Nolan Tracey 1122,Betty Flanders 1991,"Nolan Tracey,  (1122)"
Reid Tracey,M,Canada,,1123,,", ",1637,1549,1593,98,162,60%,9,13,69%,107,175,61%,Canada 1592.56, 1592.56,Reid Tracey 1123,Beverly Vaillancourt 1101,"Reid Tracey,  (1123)"
Ezra Jantzi,M,,,1124,,", ",1435,1500,1468,7,20,35%,0,0,N/A,7,20,35%, 1467.6, 1467.6,Ezra Jantzi 1124,Bill Bickel 1997,"Ezra Jantzi,  (1124)"
Doreen Sulkye,F,,,1125,,", ",1395,1500,1447,28,72,39%,0,0,N/A,28,72,39%, 1447.3, 1447.3,Doreen Sulkye 1125,Bill Geris 1094,"Doreen Sulkye,  (1125)"
Zionne Jongsma,M,,,1126,,", ",1304,1500,1402,11,38,29%,0,0,N/A,11,38,29%, 1402.17, 1402.17,Zionne Jongsma 1126,Bill Harris 1120,"Zionne Jongsma,  (1126)"
Jahjireh Jongsma,M,,,1127,,", ",1352,1500,1426,18,48,38%,0,0,N/A,18,48,38%, 1426.07, 1426.07,Jahjireh Jongsma 1127,Billy Conner 2087,"Jahjireh Jongsma,  (1127)"
Manoah Jongsma,M,,,1128,,", ",1201,1500,1351,1,38,3%,0,0,N/A,1,38,3%, 1350.75, 1350.75,Manoah Jongsma 1128,Bob Jones 1090,"Manoah Jongsma,  (1128)"
Mary-Ann Johnston,F,,,1129,,", ",1397,1500,1449,5,19,26%,0,0,N/A,5,19,26%, 1448.68, 1448.68,Mary-Ann Johnston 1129,Bob Leggett 1249,"Mary-Ann Johnston,  (1129)"
Kelly Fisher,M,,,1130,,", ",1443,1500,1472,7,19,37%,0,0,N/A,7,19,37%, 1471.59, 1471.59,Kelly Fisher 1130,Bob Mader 1097,"Kelly Fisher,  (1130)"
Janet Diebel,F,,,1131,,", ",1421,1500,1461,35,82,43%,0,0,N/A,35,82,43%, 1460.5, 1460.5,Janet Diebel 1131,Brad Barhorst 1362,"Janet Diebel,  (1131)"
Tom Walsh,M,,,1132,,", ",1457,1500,1478,9,19,47%,0,0,N/A,9,19,47%, 1478.37, 1478.37,Tom Walsh 1132,Brad Boothe 1359,"Tom Walsh,  (1132)"
Allen Pengelly,M,,,1133,,", ",1452,1500,1476,8,21,38%,0,0,N/A,8,21,38%, 1476.22, 1476.22,Allen Pengelly 1133,Brad Kwiatek 1030,"Allen Pengelly,  (1133)"
Vera Gutzke,F,,,1134,,", ",1348,1500,1424,10,37,27%,0,0,N/A,10,37,27%, 1424.13, 1424.13,Vera Gutzke 1134,Brad Thorpe 1853,"Vera Gutzke,  (1134)"
Abijah Jongsma,M,,,1135,,", ",1481,1500,1490,58,122,48%,0,0,N/A,58,122,48%, 1490.46, 1490.46,Abijah Jongsma 1135,Brad Wright 1654,"Abijah Jongsma,  (1135)"
Péter Nagy,M,Hungary,,1136,,", ",1475,1500,1488,23,50,46%,0,0,N/A,23,50,46%,Hungary 1487.51, 1487.51,Péter Nagy 1136,Braden Alan 1433,"Péter Nagy,  (1136)"
Attila Kánnár,M,Hungary,,1137,,", ",1454,1500,1477,7,19,37%,0,0,N/A,7,19,37%,Hungary 1476.86, 1476.86,Attila Kánnár 1137,Braden van Andel 1152,"Attila Kánnár,  (1137)"
Kristóf Lődör,M,Hungary,,1138,,", ",1574,1500,1537,30,57,53%,0,0,N/A,30,57,53%,Hungary 1537.22, 1537.22,Kristóf Lődör 1138,Bradley Broyles 1383,"Kristóf Lődör,  (1138)"
Dóra Salamon,M,Hungary,,1139,,", ",1543,1500,1521,30,57,53%,0,0,N/A,30,57,53%,Hungary 1521.33, 1521.33,Dóra Salamon 1139,Bradley Raszewski 1586,"Dóra Salamon,  (1139)"
András Naszádi,M,Hungary,,1140,,", ",1487,1500,1494,24,50,48%,0,0,N/A,24,50,48%,Hungary 1493.7, 1493.7,András Naszádi 1140,Brady Detwiler 1553,"András Naszádi,  (1140)"
Attila Szecsei,M,Hungary,,1141,,", ",1453,1500,1476,17,31,55%,0,0,N/A,17,31,55%,Hungary 1476.43, 1476.43,Attila Szecsei 1141,Brandon Beran 1848,"Attila Szecsei,  (1141)"
István Kádár,F,Hungary,,1142,,", ",1624,1500,1562,34,57,60%,0,0,N/A,34,57,60%,Hungary 1562.16, 1562.16,István Kádár 1142,Brandon Bernard 1419,"István Kádár,  (1142)"
Márton Karli,M,Hungary,,1143,,", ",1456,1500,1478,9,19,47%,0,0,N/A,9,19,47%,Hungary 1478.01, 1478.01,Márton Karli 1143,Brandon Buchanan 1942,"Márton Karli,  (1143)"
Márton Tőrös,M,Hungary,,1144,,", ",1486,1500,1493,7,19,37%,0,0,N/A,7,19,37%,Hungary 1493.14, 1493.14,Márton Tőrös 1144,Brandon House 1868,"Márton Tőrös,  (1144)"
Domonkos Kollár,M,Hungary,,1145,,", ",1506,1500,1503,24,50,48%,0,0,N/A,24,50,48%,Hungary 1502.8, 1502.8,Domonkos Kollár 1145,Brandon Murtaugh 1898,"Domonkos Kollár,  (1145)"
Edvin Schiller,M,,,1146,,", ",1446,1500,1473,7,19,37%,0,0,N/A,7,19,37%, 1472.95, 1472.95,Edvin Schiller 1146,Brandon Wines 1634,"Edvin Schiller,  (1146)"
Connor Reinman,M,Michigan,,1147,", King of Michigan",", ",1663,1534,1598,57,87,66%,5,7,71%,62,94,66%,Michigan 1598.37, 1598.37,Connor Reinman 1147,Brandyn Osborne 1341,"Connor Reinman, King of Michigan,  (1147)"
Brian Henry,M,,,1148,,", ",1386,1500,1443,28,71,39%,0,0,N/A,28,71,39%, 1443.19, 1443.19,Brian Henry 1148,Brendan Crowe 1946,"Brian Henry,  (1148)"
Jacob Westerhof,M,,,1149,,", ",1414,1500,1457,8,23,35%,0,0,N/A,8,23,35%, 1457.08, 1457.08,Jacob Westerhof 1149,Brendan Mayhugh 1369,"Jacob Westerhof,  (1149)"
Cindy Paul,F,,,1150,,", ",1415,1500,1458,6,21,29%,0,0,N/A,6,21,29%, 1457.63, 1457.63,Cindy Paul 1150,Brent Thelen 1734,"Cindy Paul,  (1150)"
Dorothy Rigg,F,,,1151,,", ",1372,1500,1436,6,21,29%,0,0,N/A,6,21,29%, 1436.15, 1436.15,Dorothy Rigg 1151,Brett Tomic 1655,"Dorothy Rigg,  (1151)"
Braden van Andel,M,,,1152,,", ",1425,1500,1463,8,21,38%,0,0,N/A,8,21,38%, 1462.71, 1462.71,Braden van Andel 1152,Brian Bennett 1352,"Braden van Andel,  (1152)"
Gauthier Degli Agosti,M,,,1153,,", ",1431,1500,1465,8,20,40%,0,0,N/A,8,20,40%, 1465.43, 1465.43,Gauthier Degli Agosti 1153,Brian Brown 1355,"Gauthier Degli Agosti,  (1153)"
Thomas Sharpe,M,,,1154,,", ",1338,1500,1419,5,20,25%,0,0,N/A,5,20,25%, 1419.1, 1419.1,Thomas Sharpe 1154,Brian Cerullo 1797,"Thomas Sharpe,  (1154)"
Lorne Argent,M,,,1155,,", ",1413,1500,1457,7,20,35%,0,0,N/A,7,20,35%, 1456.6, 1456.6,Lorne Argent 1155,Brian Christie 2024,"Lorne Argent,  (1155)"
Barry Mombourquette,M,,,1156,,", ",1538,1500,1519,12,21,57%,0,0,N/A,12,21,57%, 1518.9, 1518.9,Barry Mombourquette 1156,Brian Cook 1068,"Barry Mombourquette,  (1156)"
Michael Meleg,M,,,1157,,", ",1518,1500,1509,59,120,49%,0,0,N/A,59,120,49%, 1509.01, 1509.01,Michael Meleg 1157,Brian Dowd 1357,"Michael Meleg,  (1157)"
Jake Ruggi,M,,,1158,,", ",1538,1500,1519,19,30,63%,0,0,N/A,19,30,63%, 1519.24, 1519.24,Jake Ruggi 1158,Brian Garbera 1560,"Jake Ruggi,  (1158)"
Andrew Korchok,M,,,1159,,", ",1543,1500,1521,64,118,54%,0,0,N/A,64,118,54%, 1521.46, 1521.46,Andrew Korchok 1159,Brian Henry 1148,"Andrew Korchok,  (1159)"
Andrew van Andel,M,,,1160,,", ",1505,1500,1502,9,20,45%,0,0,N/A,9,20,45%, 1502.39, 1502.39,Andrew van Andel 1160,Brian Lewis 1491,"Andrew van Andel,  (1160)"
Dave Braun,M,,,1161,,", ",1440,1500,1470,14,29,48%,0,0,N/A,14,29,48%, 1470.2, 1470.2,Dave Braun 1161,Brian Roesch 1698,"Dave Braun,  (1161)"
Ken Baumann,M,,,1162,,", ",1440,1500,1470,2,10,20%,0,0,N/A,2,10,20%, 1470.16, 1470.16,Ken Baumann 1162,Brian Simpson 1103,"Ken Baumann,  (1162)"
Linda Baumann,M,,,1163,,", ",1441,1500,1470,3,10,30%,0,0,N/A,3,10,30%, 1470.28, 1470.28,Linda Baumann 1163,Brianna Yeager 1913,"Linda Baumann,  (1163)"
Holly Argent,M,,,1164,,", ",1354,1500,1427,3,20,15%,0,0,N/A,3,20,15%, 1427.01, 1427.01,Holly Argent 1164,Brittany Baab 1720,"Holly Argent,  (1164)"
Moochie Printup,M,,,1165,,", ",1385,1500,1442,17,46,37%,0,0,N/A,17,46,37%, 1442.45, 1442.45,Moochie Printup 1165,Brittany Lowden 1895,"Moochie Printup,  (1165)"
Cor van den Hoven,M,,,1166,,", ",1516,1500,1508,24,42,57%,0,0,N/A,24,42,57%, 1507.95, 1507.95,Cor van den Hoven 1166,Brody Bierema 2005,"Cor van den Hoven,  (1166)"
Robbie Thuot,M,,,1167,,", ",1502,1500,1501,21,45,47%,0,0,N/A,21,45,47%, 1500.95, 1500.95,Robbie Thuot 1167,Brooke Wright 1417,"Robbie Thuot,  (1167)"
Marilyn Thompson,M,,,1168,,", ",1380,1500,1440,5,24,21%,0,0,N/A,5,24,21%, 1439.94, 1439.94,Marilyn Thompson 1168,Brooklyn Bierema 2002,"Marilyn Thompson,  (1168)"
Baross Gábor,M,Hungary,,1169,,", ",1470,1500,1485,4,12,33%,0,0,N/A,4,12,33%,Hungary 1485.05, 1485.05,Baross Gábor 1169,Bryan Barhorst 1439,"Baross Gábor,  (1169)"
Csaba Zongor,M,Hungary,,1170,,", ",1476,1488,1482,9,22,41%,6,13,46%,15,35,43%,Hungary 1481.89, 1481.89,Csaba Zongor 1170,Bryan Kerby 2011,"Csaba Zongor,  (1170)"
Anna Takács,F,Hungary,,1171,,", ",1381,1500,1441,1,12,8%,0,0,N/A,1,12,8%,Hungary 1440.57, 1440.57,Anna Takács 1171,Caiden Baralo 1603,"Anna Takács,  (1171)"
Joert Edink,M,Netherlands,,1172,,", ",1516,1609,1563,18,30,60%,12,15,80%,30,45,67%,Netherlands 1562.5, 1562.5,Joert Edink 1172,Cal Palazzolo 2021,"Joert Edink,  (1172)"
José Luis Andrade,M,,,1173,,", ",1437,1500,1469,3,12,25%,0,0,N/A,3,12,25%, 1468.52, 1468.52,José Luis Andrade 1173,Caleb Buhr 1339,"José Luis Andrade,  (1173)"
Zsombor Kisfaludi-Bak,M,Romania,,1174,", King of Romania",", ",1555,1524,1540,19,38,50%,7,13,54%,26,51,51%,Romania 1539.62, 1539.62,Zsombor Kisfaludi-Bak 1174,Caleb Cook 1840,"Zsombor Kisfaludi-Bak, King of Romania,  (1174)"
Alfonso Román,M,,,1175,,", ",1537,1500,1519,7,12,58%,0,0,N/A,7,12,58%, 1518.65, 1518.65,Alfonso Román 1175,Caleb Nesbit 1878,"Alfonso Román,  (1175)"
Daniele Da Fatti,M,,,1176,,", ",1536,1500,1518,9,12,75%,0,0,N/A,9,12,75%, 1517.85, 1517.85,Daniele Da Fatti 1176,Caleb Patton 1852,"Daniele Da Fatti,  (1176)"
Asbjorn Parmer,M,,,1177,,", ",1524,1500,1512,6,12,50%,0,0,N/A,6,12,50%, 1512, 1512,Asbjorn Parmer 1177,Caley Roark 1621,"Asbjorn Parmer,  (1177)"
Vígh Menyhárt,M,,,1178,,", ",1434,1500,1467,3,12,25%,0,0,N/A,3,12,25%, 1467.21, 1467.21,Vígh Menyhárt 1178,Callum Stewart 1751,"Vígh Menyhárt,  (1178)"
József Poór,M,Hungary,,1179,,", ",1437,1500,1469,2,12,17%,0,0,N/A,2,12,17%,Hungary 1468.54, 1468.54,József Poór 1179,Cameron Sauser 2013,"József Poór,  (1179)"
Kiran Vamsi,M,Hungary,,1180,,", ",1506,1500,1503,6,12,50%,0,0,N/A,6,12,50%,Hungary 1502.9, 1502.9,Kiran Vamsi 1180,Candice Boothe 1413,"Kiran Vamsi,  (1180)"
Pap Miklós,M,Hungary,,1181,,", ",1585,1500,1543,13,19,68%,0,0,N/A,13,19,68%,Hungary 1542.57, 1542.57,Pap Miklós 1181,Caren Losiewicz 1449,"Pap Miklós,  (1181)"
Dennis Vrints,M,,,1182,,", ",1532,1500,1516,11,19,58%,0,0,N/A,11,19,58%, 1515.9, 1515.9,Dennis Vrints 1182,Carl Crosnick 1953,"Dennis Vrints,  (1182)"
Victor Cobo,M,,,1183,,", ",1564,1500,1532,11,19,58%,0,0,N/A,11,19,58%, 1531.97, 1531.97,Victor Cobo 1183,Carl Krosnick 1594,"Victor Cobo,  (1183)"
Olga Rueda,M,,,1184,,", ",1436,1500,1468,2,12,17%,0,0,N/A,2,12,17%, 1468.14, 1468.14,Olga Rueda 1184,Carl Olson 1863,"Olga Rueda,  (1184)"
Randy Nevers,M,,,1185,,", ",1500,1322,1411,0,0,N/A,0,13,0%,0,13,0%, 1411.25, 1411.25,Randy Nevers 1185,Carl Sykes 1546,"Randy Nevers,  (1185)"
Pria Stefano,M,,,1186,,", ",1533,1500,1516,6,12,50%,0,0,N/A,6,12,50%, 1516.28, 1516.28,Pria Stefano 1186,Carla Queen 1911,"Pria Stefano,  (1186)"
Cristina Giarei,F,,,1187,,", ",1349,1500,1425,0,12,0%,0,0,N/A,0,12,0%, 1424.53, 1424.53,Cristina Giarei 1187,Carol Cook 1257,"Cristina Giarei,  (1187)"
Pria Jacopo,M,,,1188,,", ",1424,1500,1462,4,12,33%,0,0,N/A,4,12,33%, 1462.18, 1462.18,Pria Jacopo 1188,Cary Morris 1592,"Pria Jacopo,  (1188)"
István Szász-Köpeczy,M,Romania,,1189,,", ",1511,1524,1518,14,30,47%,7,13,54%,21,43,49%,Romania 1517.61, 1517.61,István Szász-Köpeczy 1189,Casey Kempton 1705,"István Szász-Köpeczy,  (1189)"
Ágoston Orbán,M,Hungary,,1190,,", ",1513,1500,1507,6,12,50%,0,0,N/A,6,12,50%,Hungary 1506.55, 1506.55,Ágoston Orbán 1190,Cash Campbell 1528,"Ágoston Orbán,  (1190)"
Jane Manson,F,Canada,,1191,,", ",1335,1500,1417,7,23,30%,0,0,N/A,7,23,30%,Canada 1417.49, 1417.49,Jane Manson 1191,Cathy Kuepfer 1107,"Jane Manson,  (1191)"
Bert Costermans,M,,,1192,,", ",1626,1500,1563,15,19,79%,0,0,N/A,15,19,79%, 1562.88, 1562.88,Bert Costermans 1192,Chad Ashmore 1870,"Bert Costermans,  (1192)"
András Kacskovics,M,,,1193,,", ",1546,1500,1523,8,12,67%,0,0,N/A,8,12,67%, 1523.04, 1523.04,András Kacskovics 1193,Chad Weaver 1639,"András Kacskovics,  (1193)"
Ferenc Vodicska,M,Hungary,Esztergom,1194,,", Esztergom",1573,1500,1537,21,37,57%,0,0,N/A,21,37,57%,Hungary 1536.7,Esztergom 1536.7,Ferenc Vodicska 1194,Chance Lindsay 1367,"Ferenc Vodicska, Esztergom (1194)"
Klára Soós,F,Hungary,,1195,,", ",1473,1500,1486,4,12,33%,0,0,N/A,4,12,33%,Hungary 1486.46, 1486.46,Klára Soós 1195,Chandler Ross 2008,"Klára Soós,  (1195)"
Zoltán Horváth,M,Hungary,,1196,,", ",1497,1500,1499,4,12,33%,0,0,N/A,4,12,33%,Hungary 1498.67, 1498.67,Zoltán Horváth 1196,Chanse Reddick 1757,"Zoltán Horváth,  (1196)"
Rich van den Hoven,M,,,1197,,", ",1455,1500,1478,6,19,32%,0,0,N/A,6,19,32%, 1477.74, 1477.74,Rich van den Hoven 1197,Charles Eastman 1960,"Rich van den Hoven,  (1197)"
Tony van den Hoven,M,,,1198,,", ",1469,1500,1484,6,18,33%,0,0,N/A,6,18,33%, 1484.29, 1484.29,Tony van den Hoven 1198,Charles Hayes 1271,"Tony van den Hoven,  (1198)"
Steve Lefaive,M,,,1199,,", ",1477,1465,1471,6,18,33%,5,11,45%,11,29,38%, 1470.75, 1470.75,Steve Lefaive 1199,Charlie Flanders 1988,"Steve Lefaive,  (1199)"
Maxine Whitmore,M,,,1200,,", ",1392,1500,1446,4,18,22%,0,0,N/A,4,18,22%, 1445.89, 1445.89,Maxine Whitmore 1200,Charlotte Melby 1482,"Maxine Whitmore,  (1200)"
Dave Carnahan,M,,,1201,,", ",1394,1500,1447,18,42,43%,0,0,N/A,18,42,43%, 1446.93, 1446.93,Dave Carnahan 1201,Chelsea Sheldon 1028,"Dave Carnahan,  (1201)"
Wayne Scott,M,,,1202,,", ",1565,1500,1533,6,10,60%,0,0,N/A,6,10,60%, 1532.69, 1532.69,Wayne Scott 1202,Chelsea Smith 2001,"Wayne Scott,  (1202)"
Daryl Barnhart,M,,,1203,,", ",1379,1500,1439,1,10,10%,0,0,N/A,1,10,10%, 1439.45, 1439.45,Daryl Barnhart 1203,Chris Anderson 1390,"Daryl Barnhart,  (1203)"
Mouser Henry,M,,,1204,,", ",1455,1500,1477,2,10,20%,0,0,N/A,2,10,20%, 1477.37, 1477.37,Mouser Henry 1204,Chris Broyles 1488,"Mouser Henry,  (1204)"
Ron Herrman,M,,,1205,,", ",1469,1500,1484,3,10,30%,0,0,N/A,3,10,30%, 1484.47, 1484.47,Ron Herrman 1205,Chris Burnett 1944,"Ron Herrman,  (1205)"
David Younker,M,,,1206,,", ",1472,1500,1486,3,10,30%,0,0,N/A,3,10,30%, 1485.84, 1485.84,David Younker 1206,Chris Ellinger 1760,"David Younker,  (1206)"
Jeremy Herrman,M,,,1207,,", ",1519,1500,1510,6,10,60%,0,0,N/A,6,10,60%, 1509.69, 1509.69,Jeremy Herrman 1207,Chris Gorsline 1112,"Jeremy Herrman,  (1207)"
Peter Klaassen,M,,,1208,,", ",1510,1500,1505,3,5,60%,0,0,N/A,3,5,60%, 1505.14, 1505.14,Peter Klaassen 1208,Chris Inch 1231,"Peter Klaassen,  (1208)"
Joe Klages,M,,,1209,,", ",1516,1500,1508,10,20,50%,0,0,N/A,10,20,50%, 1507.76, 1507.76,Joe Klages 1209,Chris McNairn 2055,"Joe Klages,  (1209)"
Nathan Quigley,M,,,1210,,", ",1438,1500,1469,16,38,42%,0,0,N/A,16,38,42%, 1468.8, 1468.8,Nathan Quigley 1210,Chris Prestero 1006,"Nathan Quigley,  (1210)"
Jeremy Quigley,M,,,1211,,", ",1441,1500,1471,10,19,53%,0,0,N/A,10,19,53%, 1470.51, 1470.51,Jeremy Quigley 1211,Chris Reese 1915,"Jeremy Quigley,  (1211)"
Garret Tracey,M,Canada,,1212,,", ",1485,1500,1492,22,40,55%,0,0,N/A,22,40,55%,Canada 1492.33, 1492.33,Garret Tracey 1212,Chris Trimmer 1959,"Garret Tracey,  (1212)"
Móric Szeszler,M,Hungary,,1213,,", ",1506,1500,1503,13,31,42%,0,0,N/A,13,31,42%,Hungary 1503.17, 1503.17,Móric Szeszler 1213,Chris Walters 1742,"Móric Szeszler,  (1213)"
Lóránt Sass,M,Hungary,,1214,,", ",1485,1500,1493,7,19,37%,0,0,N/A,7,19,37%,Hungary 1492.66, 1492.66,Lóránt Sass 1214,Chris Wildes 1605,"Lóránt Sass,  (1214)"
Balázs Kacskovics,M,Hungary,,1215,,", ",1470,1500,1485,8,19,42%,0,0,N/A,8,19,42%,Hungary 1484.97, 1484.97,Balázs Kacskovics 1215,Chrissa McPherson 1880,"Balázs Kacskovics,  (1215)"
László Megyesi,M,Hungary,,1216,,", ",1642,1500,1571,22,31,71%,0,0,N/A,22,31,71%,Hungary 1571.2, 1571.2,László Megyesi 1216,Christian Burton 1323,"László Megyesi,  (1216)"
Norbert Erős,M,Hungary,,1217,,", ",1517,1500,1508,11,19,58%,0,0,N/A,11,19,58%,Hungary 1508.42, 1508.42,Norbert Erős 1217,Christian Kasilag 1617,"Norbert Erős,  (1217)"
Áron Retkes,M,Hungary,,1218,,", ",1390,1500,1445,7,19,37%,0,0,N/A,7,19,37%,Hungary 1444.94, 1444.94,Áron Retkes 1218,Christina Campbell 1116,"Áron Retkes,  (1218)"
Miklós Pap,M,Hungary,,1219,,", ",1637,1500,1568,17,19,89%,0,0,N/A,17,19,89%,Hungary 1568.44, 1568.44,Miklós Pap 1219,Christina Essary 2046,"Miklós Pap,  (1219)"
Ron Langill,M,Canada,,1220,,", ",1575,1481,1528,42,77,55%,10,20,50%,52,97,54%,Canada 1527.84, 1527.84,Ron Langill 1220,Christina Reagan 1372,"Ron Langill,  (1220)"
Maradyn Wood,M,,,1221,,", ",1485,1500,1493,13,29,45%,0,0,N/A,13,29,45%, 1492.56, 1492.56,Maradyn Wood 1221,Christine Collins 1563,"Maradyn Wood,  (1221)"
Garry Wood,M,,,1222,,", ",1474,1500,1487,9,18,50%,0,0,N/A,9,18,50%, 1487.1, 1487.1,Garry Wood 1222,Christine Eickberg 1424,"Garry Wood,  (1222)"
John Wood,M,,,1223,,", ",1459,1500,1479,8,18,44%,0,0,N/A,8,18,44%, 1479.49, 1479.49,John Wood 1223,Christopher Anderson 1709,"John Wood,  (1223)"
Janet Waite,M,,,1224,,", ",1519,1500,1510,21,42,50%,0,0,N/A,21,42,50%, 1509.54, 1509.54,Janet Waite 1224,Christopher Brown 1329,"Janet Waite,  (1224)"
George Schiestel,M,,,1225,,", ",1375,1500,1438,7,24,29%,0,0,N/A,7,24,29%, 1437.62, 1437.62,George Schiestel 1225,Christopher Clancy 1281,"George Schiestel,  (1225)"
David Faerber,M,,,1226,,", ",1436,1500,1468,3,17,18%,0,0,N/A,3,17,18%, 1467.83, 1467.83,David Faerber 1226,Christopher Houle 1564,"David Faerber,  (1226)"
Graham Gaessler,M,,,1227,,", ",1449,1500,1475,5,16,31%,0,0,N/A,5,16,31%, 1474.65, 1474.65,Graham Gaessler 1227,Christopher Larry 1518,"Graham Gaessler,  (1227)"
Robin Baillie,M,,,1228,,", ",1414,1500,1457,4,16,25%,0,0,N/A,4,16,25%, 1456.96, 1456.96,Robin Baillie 1228,Christopher Lucchese 1985,"Robin Baillie,  (1228)"
James Medway,M,,,1229,,", ",1484,1500,1492,4,10,40%,0,0,N/A,4,10,40%, 1491.76, 1491.76,James Medway 1229,Christopher Mogle 1841,"James Medway,  (1229)"
Josh Carrafiello,M,Canada,,1230,,", ",1530,1500,1515,6,10,60%,0,0,N/A,6,10,60%,Canada 1515.07, 1515.07,Josh Carrafiello 1230,Christopher Sousa 1636,"Josh Carrafiello,  (1230)"
Chris Inch,M,,,1231,,", ",1498,1500,1499,4,10,40%,0,0,N/A,4,10,40%, 1499.04, 1499.04,Chris Inch 1231,Christopher Westrick 1694,"Chris Inch,  (1231)"
John Hildebrand,M,,,1232,,", ",1492,1500,1496,4,10,40%,0,0,N/A,4,10,40%, 1496.05, 1496.05,John Hildebrand 1232,Chuck Miller 1265,"John Hildebrand,  (1232)"
Karen Robinson,M,,,1233,,", ",1457,1500,1479,3,10,30%,0,0,N/A,3,10,30%, 1478.53, 1478.53,Karen Robinson 1233,Cinara Foor 1810,"Karen Robinson,  (1233)"
Dennis Stubbs,M,,,1234,,", ",1470,1500,1485,4,10,40%,0,0,N/A,4,10,40%, 1485.2, 1485.2,Dennis Stubbs 1234,Cindy Paul 1150,"Dennis Stubbs,  (1234)"
Tyler Jiggins,M,,,1235,,", ",1479,1500,1490,5,10,50%,0,0,N/A,5,10,50%, 1489.54, 1489.54,Tyler Jiggins 1235,Clare Kuepfer 1102,"Tyler Jiggins,  (1235)"
Steffan Hiller-Ranney,M,,,1236,,", ",1534,1500,1517,6,10,60%,0,0,N/A,6,10,60%, 1516.79, 1516.79,Steffan Hiller-Ranney 1236,Clayton Couts 1672,"Steffan Hiller-Ranney,  (1236)"
Jeff McKeen,M,,,1237,,", ",1528,1500,1514,7,10,70%,0,0,N/A,7,10,70%, 1513.97, 1513.97,Jeff McKeen 1237,Clifford Flachsenhar 1938,"Jeff McKeen,  (1237)"
Vuth Vann,M,,,1238,,", ",1546,1500,1523,6,10,60%,0,0,N/A,6,10,60%, 1522.78, 1522.78,Vuth Vann 1238,Coby Kelly 1023,"Vuth Vann,  (1238)"
Mark Malecki,M,,,1239,,", ",1564,1500,1532,9,10,90%,0,0,N/A,9,10,90%, 1532.13, 1532.13,Mark Malecki 1239,Cody Gates 1356,"Mark Malecki,  (1239)"
Graham Gilchrest,M,,,1240,,", ",1505,1500,1502,5,10,50%,0,0,N/A,5,10,50%, 1502.31, 1502.31,Graham Gilchrest 1240,Cody Saville 2018,"Graham Gilchrest,  (1240)"
Kevin Ranney,M,,,1241,,", ",1487,1500,1493,5,10,50%,0,0,N/A,5,10,50%, 1493.45, 1493.45,Kevin Ranney 1241,Cody Sheldon 1027,"Kevin Ranney,  (1241)"
Wayne Schroeder,M,,,1242,,", ",1452,1500,1476,27,68,40%,0,0,N/A,27,68,40%, 1475.76, 1475.76,Wayne Schroeder 1242,Cole Hockenbury 1820,"Wayne Schroeder,  (1242)"
Ben Wiseman,M,,,1243,,", ",1424,1500,1462,8,24,33%,0,0,N/A,8,24,33%, 1462.12, 1462.12,Ben Wiseman 1243,Cole Williams 1859,"Ben Wiseman,  (1243)"
Steve Wiseman,M,,,1244,,", ",1440,1500,1470,9,24,38%,0,0,N/A,9,24,38%, 1469.87, 1469.87,Steve Wiseman 1244,Cole Woodring 1926,"Steve Wiseman,  (1244)"
László Bobák,M,Hungary,,1245,,", ",1436,1500,1468,4,12,33%,0,0,N/A,4,12,33%,Hungary 1467.8, 1467.8,László Bobák 1245,Coleman Kratzke 1276,"László Bobák,  (1245)"
Zoltán Pavelka,M,Hungary,,1246,,", ",1430,1500,1465,3,12,25%,0,0,N/A,3,12,25%,Hungary 1464.99, 1464.99,Zoltán Pavelka 1246,Connor Reinman 1147,"Zoltán Pavelka,  (1246)"
Glen Bryans,M,,,1247,,", ",1417,1500,1459,4,18,22%,0,0,N/A,4,18,22%, 1458.55, 1458.55,Glen Bryans 1247,Cooper Silverio 1320,"Glen Bryans,  (1247)"
Len Chard,M,,,1248,,", ",1509,1500,1504,1,3,33%,0,0,N/A,1,3,33%, 1504.43, 1504.43,Len Chard 1248,Cooper Trahan 1581,"Len Chard,  (1248)"
Bob Leggett,M,,,1249,,", ",1481,1500,1490,0,2,0%,0,0,N/A,0,2,0%, 1490.44, 1490.44,Bob Leggett 1249,Cor van den Hoven 1166,"Bob Leggett,  (1249)"
Roy Perez,M,,,1250,,", ",1472,1500,1486,7,21,33%,0,0,N/A,7,21,33%, 1486.06, 1486.06,Roy Perez 1250,Corbin Strickland 1587,"Roy Perez,  (1250)"
Mark Gallas,M,,,1251,,", ",1430,1500,1465,2,10,20%,0,0,N/A,2,10,20%, 1464.95, 1464.95,Mark Gallas 1251,Cori Harding 1018,"Mark Gallas,  (1251)"
Richard Ball,M,,,1252,,", ",1457,1500,1479,4,10,40%,0,0,N/A,4,10,40%, 1478.72, 1478.72,Richard Ball 1252,Cory Mathis 1718,"Richard Ball,  (1252)"
Lea Lawson,F,,,1253,,", ",1500,1491,1496,0,0,N/A,2,5,40%,2,5,40%, 1495.72, 1495.72,Lea Lawson 1253,Cory Vail 1803,"Lea Lawson,  (1253)"
Jeremy Howey,M,,,1254,,", ",1500,1449,1475,0,0,N/A,1,5,20%,1,5,20%, 1474.71, 1474.71,Jeremy Howey 1254,Courtney Saville 2007,"Jeremy Howey,  (1254)"
Erica Hartviksen,M,,,1255,,", ",1500,1429,1464,0,0,N/A,3,11,27%,3,11,27%, 1464.48, 1464.48,Erica Hartviksen 1255,Craig Moffitt 1964,"Erica Hartviksen,  (1255)"
Kurt Ruthers,M,,,1256,,", ",1500,1322,1411,0,0,N/A,0,13,0%,0,13,0%, 1411.25, 1411.25,Kurt Ruthers 1256,Cristina Giarei 1187,"Kurt Ruthers,  (1256)"
Carol Cook,M,,,1257,,", ",1500,1407,1454,0,0,N/A,4,13,31%,4,13,31%, 1453.59, 1453.59,Carol Cook 1257,Csaba Zongor 1170,"Carol Cook,  (1257)"
Darren Carr,M,Canada,,1258,,", ",1500,1548,1524,0,0,N/A,9,13,69%,9,13,69%,Canada 1524.18, 1524.18,Darren Carr 1258,Curtis Beatovich 1574,"Darren Carr,  (1258)"
Wilfred Smith,M,,,1259,,", ",1500,1491,1496,0,0,N/A,2,5,40%,2,5,40%, 1495.72, 1495.72,Wilfred Smith 1259,Curtis Hundley 1856,"Wilfred Smith,  (1259)"
James Emnett,M,Missouri,,1260,,", ",1495,1500,1498,0,1,0%,0,0,N/A,0,1,0%,Missouri 1497.5, 1497.5,James Emnett 1260,Dakota Adams 1819,"James Emnett,  (1260)"
Ryan Emnett,M,Missouri,,1261,,", ",1500,1500,1500,1,2,50%,0,0,N/A,1,2,50%,Missouri 1500, 1500,Ryan Emnett 1261,Dakota Hart 1653,"Ryan Emnett,  (1261)"
Griffin Roberts,M,Illinois,,1262,,", ",1493,1500,1497,1,2,50%,0,0,N/A,1,2,50%,Illinois 1496.7, 1496.7,Griffin Roberts 1262,Dale Brown 1330,"Griffin Roberts,  (1262)"
Devlin Hutchins,M,Missouri,,1263,,", ",1496,1500,1498,1,2,50%,0,0,N/A,1,2,50%,Missouri 1497.86, 1497.86,Devlin Hutchins 1263,Dale Henry 1108,"Devlin Hutchins,  (1263)"
Mark Wolff,M,Illinois,,1264,,", ",1491,1500,1495,1,2,50%,0,0,N/A,1,2,50%,Illinois 1495.36, 1495.36,Mark Wolff 1264,Dan Losh 1775,"Mark Wolff,  (1264)"
Chuck Miller,M,Missouri,,1265,,", ",1485,1500,1493,0,1,0%,0,0,N/A,0,1,0%,Missouri 1492.5, 1492.5,Chuck Miller 1265,Dan Sandy 2040,"Chuck Miller,  (1265)"
Josh Rankin,M,Missouri,,1266,,", ",1490,1500,1495,0,1,0%,0,0,N/A,0,1,0%,Missouri 1495, 1495,Josh Rankin 1266,Dan Shantz 1111,"Josh Rankin,  (1266)"
K_I_T,M,Missouri,,1267,,", ",1490,1500,1495,1,2,50%,0,0,N/A,1,2,50%,Missouri 1495.18, 1495.18,K_I_T 1267,Dan Stephens 1874,"K_I_T,  (1267)"
Jay Carroll,M,Missouri,,1268,,", ",1490,1500,1495,0,1,0%,0,0,N/A,0,1,0%,Missouri 1495, 1495,Jay Carroll 1268,Dan Winnowski 1558,"Jay Carroll,  (1268)"
Ari Gottesman,M,Michigan,,1269,,", ",1500,1500,1500,1,2,50%,0,0,N/A,1,2,50%,Michigan 1500, 1500,Ari Gottesman 1269,Daniel B Raymond 1399,"Ari Gottesman,  (1269)"
Katie Ballard,M,Michigan,,1270,,", ",1490,1500,1495,0,1,0%,0,0,N/A,0,1,0%,Michigan 1495, 1495,Katie Ballard 1270,Daniel Jarvie 1683,"Katie Ballard,  (1270)"
Charles Hayes,M,Illinois,,1271,,", ",1544,1500,1522,3,4,75%,0,0,N/A,3,4,75%,Illinois 1521.81, 1521.81,Charles Hayes 1271,Dániel Létay 1047,"Charles Hayes,  (1271)"
Lola Schmidt,F,Missouri,,1272,,", ",1519,1500,1510,2,3,67%,0,0,N/A,2,3,67%,Missouri 1509.7, 1509.7,Lola Schmidt 1272,Daniel Livergood 1730,"Lola Schmidt,  (1272)"
Eli Schilling,M,North Carolina,,1273,,", ",1490,1500,1495,0,1,0%,0,0,N/A,0,1,0%,North Carolina 1495, 1495,Eli Schilling 1273,Daniel Sherman 1436,"Eli Schilling,  (1273)"
Adam Shroat,M,Missouri,,1274,,", ",1498,1500,1499,1,2,50%,0,0,N/A,1,2,50%,Missouri 1499, 1499,Adam Shroat 1274,Daniel Vieu 1364,"Adam Shroat,  (1274)"
Robyn A Kratzke,F,Illinois,,1275,,", ",1480,1500,1490,0,1,0%,0,0,N/A,0,1,0%,Illinois 1490, 1490,Robyn A Kratzke 1275,Daniele Da Fatti 1176,"Robyn A Kratzke,  (1275)"
Coleman Kratzke,M,Illinois,,1276,,", ",1485,1500,1493,0,1,0%,0,0,N/A,0,1,0%,Illinois 1492.5, 1492.5,Coleman Kratzke 1276,Danny Malin 1668,"Coleman Kratzke,  (1276)"
Keith Haddrill,M,Missouri,,1277,", King of Missouri",", ",1581,1506,1543,13,20,65%,3,7,43%,16,27,59%,Missouri 1543.15, 1543.15,Keith Haddrill 1277,Darin Van Gammeren 1338,"Keith Haddrill, King of Missouri,  (1277)"
Gayle Rose,F,Missouri,,1278,,", ",1502,1500,1501,1,2,50%,0,0,N/A,1,2,50%,Missouri 1500.76, 1500.76,Gayle Rose 1278,Daron Schreier 1633,"Gayle Rose,  (1278)"
Jared Strout,M,Arkansas,,1279,", King of Arkansas",", ",1528,1500,1514,3,4,75%,0,0,N/A,3,4,75%,Arkansas 1513.9, 1513.9,Jared Strout 1279,Darren Carr 1258,"Jared Strout, King of Arkansas,  (1279)"
Taylor Brown,M,Arkansas,,1280,,", ",1505,1500,1502,1,2,50%,0,0,N/A,1,2,50%,Arkansas 1502.32, 1502.32,Taylor Brown 1280,Darren Schilling 1790,"Taylor Brown,  (1280)"
Christopher Clancy,M,Arkansas,,1281,,", ",1519,1500,1509,2,3,67%,0,0,N/A,2,3,67%,Arkansas 1509.3, 1509.3,Christopher Clancy 1281,Daryl Barnhart 1203,"Christopher Clancy,  (1281)"
Gabrielle Stewart,F,Missouri,,1282,,", ",1480,1500,1490,0,1,0%,0,0,N/A,0,1,0%,Missouri 1490, 1490,Gabrielle Stewart 1282,Dave Braun 1161,"Gabrielle Stewart,  (1282)"
Henry Seymour,M,Missouri,,1283,,", ",1491,1500,1495,1,2,50%,0,0,N/A,1,2,50%,Missouri 1495.29, 1495.29,Henry Seymour 1283,Dave Brown 1092,"Henry Seymour,  (1283)"
Mark Comfort,M,Missouri,,1284,,", ",1485,1500,1493,0,1,0%,0,0,N/A,0,1,0%,Missouri 1492.5, 1492.5,Mark Comfort 1284,Dave Carnahan 1201,"Mark Comfort,  (1284)"
Austin Comfort, M,Missouri,,1285,,", ",1558,1500,1529,4,5,80%,0,0,N/A,4,5,80%,Missouri 1529.19, 1529.19,Austin Comfort 1285,David Chalfoun 1931,"Austin Comfort,  (1285)"
Max Zeller,M,Missouri,,1286,,", ",1520,1500,1510,4,6,67%,0,0,N/A,4,6,67%,Missouri 1509.76, 1509.76,Max Zeller 1286,David Chester 1847,"Max Zeller,  (1286)"
Kevin F Koboldt,M,Missouri,,1287,,", ",1518,1500,1509,2,3,67%,0,0,N/A,2,3,67%,Missouri 1509.02, 1509.02,Kevin F Koboldt 1287,David Faerber 1226,"Kevin F Koboldt,  (1287)"
Steve Bowden,M,Missouri,,1288,,", ",1490,1500,1495,1,2,50%,0,0,N/A,1,2,50%,Missouri 1495.18, 1495.18,Steve Bowden 1288,David Flora 1682,"Steve Bowden,  (1288)"
Jon Baker,M,Missouri,,1289,,", ",1516,1500,1508,3,4,75%,0,0,N/A,3,4,75%,Missouri 1508.11, 1508.11,Jon Baker 1289,David Hanawalt 1402,"Jon Baker,  (1289)"
David Hopson,M,Minnesota,,1290,,", ",1500,1500,1500,1,2,50%,0,0,N/A,1,2,50%,Minnesota 1500.02, 1500.02,David Hopson 1290,David Hopson 1290,"David Hopson,  (1290)"
John Carlton,M ,Kansas,,1291,,", ",1513,1500,1507,2,3,67%,0,0,N/A,2,3,67%,Kansas 1506.7, 1506.7,John Carlton 1291,David Jay 1345,"John Carlton,  (1291)"
Alec Willman,M,Missouri,,1292,,", ",1480,1500,1490,0,1,0%,0,0,N/A,0,1,0%,Missouri 1490, 1490,Alec Willman 1292,David Lee 1377,"Alec Willman,  (1292)"
Timothy Thannum,M,Illinois,,1293,,", ",1480,1500,1490,0,1,0%,0,0,N/A,0,1,0%,Illinois 1490, 1490,Timothy Thannum 1293,David Louie 1388,"Timothy Thannum,  (1293)"
Mario Iglesias,M,Michigan,,1294,,", ",1495,1500,1498,0,1,0%,0,0,N/A,0,1,0%,Michigan 1497.5, 1497.5,Mario Iglesias 1294,David Meyaard 1559,"Mario Iglesias,  (1294)"
Michelle Iglesias,F,Michigan,,1295,,", ",1495,1500,1498,0,1,0%,0,0,N/A,0,1,0%,Michigan 1497.5, 1497.5,Michelle Iglesias 1295,David Patton 1857,"Michelle Iglesias,  (1295)"
Jason Bartholow,M,Missouri,,1296,,", ",1520,1500,1510,1,1,100%,0,0,N/A,1,1,100%,Missouri 1510, 1510,Jason Bartholow 1296,David Schneider 1947,"Jason Bartholow,  (1296)"
Jenny Bartholow,F,Missouri,,1297,,", ",1480,1500,1490,0,1,0%,0,0,N/A,0,1,0%,Missouri 1490, 1490,Jenny Bartholow 1297,David Wolfe 1935,"Jenny Bartholow,  (1297)"
William Lee Hypes,M,Ohio,,1298,,", ",1505,1500,1502,2,3,67%,0,0,N/A,2,3,67%,Ohio 1502.29, 1502.29,William Lee Hypes 1298,David Younker 1206,"William Lee Hypes,  (1298)"
Jessica Wei,F,Arkansas,,1299,,", ",1480,1500,1490,0,1,0%,0,0,N/A,0,1,0%,Arkansas 1490, 1490,Jessica Wei 1299,Deanne Gray 1010,"Jessica Wei,  (1299)"
Adria Gratiot,F,Missouri,,1300,,", ",1485,1500,1493,0,1,0%,0,0,N/A,0,1,0%,Missouri 1492.5, 1492.5,Adria Gratiot 1300,Delaney Bertino 1401,"Adria Gratiot,  (1300)"
Jason Hanks,M,Missouri,,1301,,", ",1495,1500,1498,0,1,0%,0,0,N/A,0,1,0%,Missouri 1497.5, 1497.5,Jason Hanks 1301,Dennis Brown 2063,"Jason Hanks,  (1301)"
Kyle Piper,M,Minnesota,,1302,", King of Minnesota",", ",1505,1500,1502,1,2,50%,0,0,N/A,1,2,50%,Minnesota 1502.49, 1502.49,Kyle Piper 1302,Dennis Ernest 1089,"Kyle Piper, King of Minnesota,  (1302)"
Matt Kelly,M,Iowa,,1303,,", ",1532,1500,1516,4,5,80%,0,0,N/A,4,5,80%,Iowa 1515.91, 1515.91,Matt Kelly 1303,Dennis Stubbs 1234,"Matt Kelly,  (1303)"
Lawrence Welby,M,Missouri,,1304,,", ",1480,1500,1490,0,1,0%,0,0,N/A,0,1,0%,Missouri 1490, 1490,Lawrence Welby 1304,Dennis Vrints 1182,"Lawrence Welby,  (1304)"
Lance Greer,M,Missouri,,1305,,", ",1490,1500,1495,0,1,0%,0,0,N/A,0,1,0%,Missouri 1495, 1495,Lance Greer 1305,Derek Beaushaw 1414,"Lance Greer,  (1305)"
Jeff Linacre,M,Iowa,,1306,", King of Iowa",", ",1573,1500,1536,6,6,100%,0,0,N/A,6,6,100%,Iowa 1536.39, 1536.39,Jeff Linacre 1306,Derek Hadley 1410,"Jeff Linacre, King of Iowa,  (1306)"
Joanne Cheng,F,Mississippi,,1307,,", ",1485,1500,1493,0,1,0%,0,0,N/A,0,1,0%,Mississippi 1492.5, 1492.5,Joanne Cheng 1307,Derek McKie 1121,"Joanne Cheng,  (1307)"
Jeff Finazzo,M,Missouri,,1308,,", ",1490,1500,1495,0,1,0%,0,0,N/A,0,1,0%,Missouri 1495, 1495,Jeff Finazzo 1308,Derek Perkins 1764,"Jeff Finazzo,  (1308)"
Jim St Clair,M,Missouri,,1309,,", ",1495,1500,1498,0,1,0%,0,0,N/A,0,1,0%,Missouri 1497.5, 1497.5,Jim St Clair 1309,Derrick Brown 1332,"Jim St Clair,  (1309)"
Dre Shannon,M,Missouri,,1310,,", ",1495,1500,1498,0,1,0%,0,0,N/A,0,1,0%,Missouri 1497.5, 1497.5,Dre Shannon 1310,Derrick Jung 1707,"Dre Shannon,  (1310)"
Alex Holub,M,Illinois,,1311,,", ",1504,1500,1502,2,3,67%,0,0,N/A,2,3,67%,Illinois 1502.14, 1502.14,Alex Holub 1311,Derrick Krenke 1652,"Alex Holub,  (1311)"
Matthew Hubecky,M,Illinois,,1312,,", ",1485,1500,1493,0,1,0%,0,0,N/A,0,1,0%,Illinois 1492.68, 1492.68,Matthew Hubecky 1312,Dessarae Shupe 2065,"Matthew Hubecky,  (1312)"
Andrew Beougher,M,Iowa,,1313,,", ",1510,1500,1505,1,2,50%,0,0,N/A,1,2,50%,Iowa 1504.79, 1504.79,Andrew Beougher 1313,Devin Brothers 2042,"Andrew Beougher,  (1313)"
Karl Doege,M,Arkansas,,1314,,", ",1495,1500,1498,0,1,0%,0,0,N/A,0,1,0%,Arkansas 1497.5, 1497.5,Karl Doege 1314,Devin Skelton 1784,"Karl Doege,  (1314)"
Justin Adams,M,Arkansas,,1315,,", ",1510,1500,1505,2,3,67%,0,0,N/A,2,3,67%,Arkansas 1505.02, 1505.02,Justin Adams 1315,Devlin Hutchins 1263,"Justin Adams,  (1315)"
Wes Yarber,M,Arkansas,,1316,,", ",1495,1500,1498,0,1,0%,0,0,N/A,0,1,0%,Arkansas 1497.5, 1497.5,Wes Yarber 1316,Diana Chen 1495,"Wes Yarber,  (1316)"
Andrew Herndon,M,Tennessee,,1317,", King of Tennessee",", ",1500,1500,1500,1,2,50%,0,0,N/A,1,2,50%,Tennessee 1500, 1500,Andrew Herndon 1317,Diana Silguero 2015,"Andrew Herndon, King of Tennessee,  (1317)"
Max Karimnia,M,Tennessee,,1318,,", ",1485,1500,1493,0,1,0%,0,0,N/A,0,1,0%,Tennessee 1492.5, 1492.5,Max Karimnia 1318,Dillon Bennett 1675,"Max Karimnia,  (1318)"
Jonathan Lee,M,Mississippi,,1319,", King of Mississippi",", ",1493,1500,1496,0,1,0%,0,0,N/A,0,1,0%,Mississippi 1496.25, 1496.25,Jonathan Lee 1319,DJ Palomares 1398,"Jonathan Lee, King of Mississippi,  (1319)"
Cooper Silverio,M,Iowa,,1320,,", ",1495,1500,1498,0,1,0%,0,0,N/A,0,1,0%,Iowa 1497.5, 1497.5,Cooper Silverio 1320,Dominic Bierema 1993,"Cooper Silverio,  (1320)"
Spenser Praska,M,Missouri,,1321,,", ",1517,1500,1509,3,4,75%,0,0,N/A,3,4,75%,Missouri 1508.75, 1508.75,Spenser Praska 1321,Dominick DeFlippo 1427,"Spenser Praska,  (1321)"
Nick McFadden,M,Illinois,,1322,,", ",1491,1500,1496,1,2,50%,0,0,N/A,1,2,50%,Illinois 1495.54, 1495.54,Nick McFadden 1322,Domonkos Kollár 1145,"Nick McFadden,  (1322)"
Christian Burton,M,Illinois,,1323,,", ",1489,1500,1495,1,2,50%,0,0,N/A,1,2,50%,Illinois 1494.71, 1494.71,Christian Burton 1323,Donald Eberle 1837,"Christian Burton,  (1323)"
Angie Justice,F,Illinois,,1324,,", ",1490,1500,1495,0,1,0%,0,0,N/A,0,1,0%,Illinois 1495, 1495,Angie Justice 1324,Donte Saccenti 1932,"Angie Justice,  (1324)"
Mitch L Sluyter,M,Arkansas,,1325,,", ",1495,1500,1498,0,1,0%,0,0,N/A,0,1,0%,Arkansas 1497.5, 1497.5,Mitch L Sluyter 1325,Dóra Salamon 1139,"Mitch L Sluyter,  (1325)"
Zamar Ushery,M,Pennsylvania,Pittsburgh Crokinole Club,1326,,", Pittsburgh Crokinole Club",1500,1438,1469,0,0,N/A,1,6,17%,1,6,17%,Pennsylvania 1469.23,Pittsburgh Crokinole Club 1469.23,Zamar Ushery 1326,Doreen Sulkye 1125,"Zamar Ushery, Pittsburgh Crokinole Club (1326)"
Duane Stewart IV,M,Pennsylvania,Pittsburgh Crokinole Club,1327,,", Pittsburgh Crokinole Club",1500,1490,1495,0,0,N/A,3,6,50%,3,6,50%,Pennsylvania 1495,Pittsburgh Crokinole Club 1495,Duane Stewart IV 1327,Dorothy Rigg 1151,"Duane Stewart IV, Pittsburgh Crokinole Club (1327)"
Hadley Stewart ,F,Pennsylvania,Pittsburgh Crokinole Club,1328,,", Pittsburgh Crokinole Club",1500,1470,1485,0,0,N/A,2,6,33%,2,6,33%,Pennsylvania 1485.01,Pittsburgh Crokinole Club 1485.01,Hadley Stewart  1328,Doug Brown 1019,"Hadley Stewart , Pittsburgh Crokinole Club (1328)"
Christopher Brown,M,Pennsylvania,Pittsburgh Crokinole Club,1329,,", Pittsburgh Crokinole Club",1477,1500,1488,0,2,0%,0,0,N/A,0,2,0%,Pennsylvania 1488.38,Pittsburgh Crokinole Club 1488.38,Christopher Brown 1329,Doug Gross 1927,"Christopher Brown, Pittsburgh Crokinole Club (1329)"
Dale Brown,M,Pennsylvania,Pittsburgh Crokinole Club,1330,,", Pittsburgh Crokinole Club",1500,1480,1490,0,0,N/A,0,2,0%,0,2,0%,Pennsylvania 1490.22,Pittsburgh Crokinole Club 1490.22,Dale Brown 1330,Doug Kolpien 1637,"Dale Brown, Pittsburgh Crokinole Club (1330)"
Mike Hockenberry,M,Pennsylvania,Pittsburgh Crokinole Club,1331,,", Pittsburgh Crokinole Club",1500,1486,1493,0,0,N/A,0,1,0%,0,1,0%,Pennsylvania 1493.23,Pittsburgh Crokinole Club 1493.23,Mike Hockenberry 1331,Doug McNaron 1568,"Mike Hockenberry, Pittsburgh Crokinole Club (1331)"
Derrick Brown,M,Pennsylvania,Pittsburgh Crokinole Club,1332,,", Pittsburgh Crokinole Club",1500,1520,1510,0,0,N/A,2,2,100%,2,2,100%,Pennsylvania 1509.78,Pittsburgh Crokinole Club 1509.78,Derrick Brown 1332,Dre Shannon 1310,"Derrick Brown, Pittsburgh Crokinole Club (1332)"
Stacey Ancona,F,South Carolina,Charleston Crokinole Club,1333,,", Charleston Crokinole Club",1500,1473,1487,0,0,N/A,0,5,0%,0,5,0%,South Carolina 1486.56,Charleston Crokinole Club 1486.56,Stacey Ancona 1333,Drew Bachmann 1520,"Stacey Ancona, Charleston Crokinole Club (1333)"
Emily Aubin,F,South Carolina,Charleston Crokinole Club,1334,,", Charleston Crokinole Club",1500,1503,1501,0,0,N/A,4,6,67%,4,6,67%,South Carolina 1501.34,Charleston Crokinole Club 1501.34,Emily Aubin 1334,Drue Flora 1684,"Emily Aubin, Charleston Crokinole Club (1334)"
Dustin Hesse,M,South Carolina,Charleston Crokinole Club,1335,,", Charleston Crokinole Club",1500,1504,1502,0,0,N/A,3,5,60%,3,5,60%,South Carolina 1501.86,Charleston Crokinole Club 1501.86,Dustin Hesse 1335,Duane Stewart III 1032,"Dustin Hesse, Charleston Crokinole Club (1335)"
Andy Fiehler,M,South Carolina,Charleston Crokinole Club,1336,,", Charleston Crokinole Club",1500,1465,1482,0,0,N/A,2,6,33%,2,6,33%,South Carolina 1482.46,Charleston Crokinole Club 1482.46,Andy Fiehler 1336,Duane Stewart IV 1327,"Andy Fiehler, Charleston Crokinole Club (1336)"
Ian Shaw,M,Massachusetts,Greater Boston Crokinole Club,1337,", King of Massachusetts",", Champion of Greater Boston Crokinole Club",1549,1581,1565,6,7,86%,9,9,100%,15,16,94%,Massachusetts 1565.2,Greater Boston Crokinole Club 1565.2,Ian Shaw 1337,Dustin Hesse 1335,"Ian Shaw, King of Massachusetts, Champion of Greater Boston Crokinole Club (1337)"
Darin Van Gammeren,M,New York,,1338,", King of New York",", ",1715,1574,1644,31,38,82%,9,14,64%,40,52,77%,New York 1644.13, 1644.13,Darin Van Gammeren 1338,Dusty Usner 1620,"Darin Van Gammeren, King of New York,  (1338)"
Caleb Buhr,M,Indiana,,1339,,", ",1528,1608,1568,15,33,45%,16,22,73%,31,55,56%,Indiana 1568.39, 1568.39,Caleb Buhr 1339,Dwayne Campbell 1115,"Caleb Buhr,  (1339)"
Robert Cramer,M,Pennsylvania,,1340,,", ",1590,1554,1572,12,16,75%,5,6,83%,17,22,77%,Pennsylvania 1571.81, 1571.81,Robert Cramer 1340,Dylan Quintana 1618,"Robert Cramer,  (1340)"
Brandyn Osborne,M,North Carolina,Queen City Crokinole Club,1341,", King of North Carolina",", Champion of Queen City Crokinole Club",1660,1638,1649,15,19,79%,15,19,79%,30,38,79%,North Carolina 1648.8,Queen City Crokinole Club 1648.8,Brandyn Osborne 1341,Dylan Wright 1492,"Brandyn Osborne, King of North Carolina, Champion of Queen City Crokinole Club (1341)"
Michael Barth,M,Illinois,Windy City Crokinole Club,1342,", King of Illinois",", Champion of Windy City Crokinole Club",1642,1605,1623,17,26,65%,11,15,73%,28,41,68%,Illinois 1623.43,Windy City Crokinole Club 1623.43,Michael Barth 1342,Ean Teague 1360,"Michael Barth, King of Illinois, Champion of Windy City Crokinole Club (1342)"
Jennifer Buhr,F,Indiana,,1343,,", ",1579,1608,1594,10,16,63%,16,22,73%,26,38,68%,Indiana 1593.53, 1593.53,Jennifer Buhr 1343,Edvin Schiller 1146,"Jennifer Buhr,  (1343)"
Evan Dolinar,M,Ohio,,1344,,", ",1577,1500,1538,8,10,80%,0,0,N/A,8,10,80%,Ohio 1538.3, 1538.3,Evan Dolinar 1344,Edward Mattison II 1939,"Evan Dolinar,  (1344)"
David Jay,M,Virginia,,1345,", King of Virginia",", ",1600,1548,1574,9,14,64%,4,7,57%,13,21,62%,Virginia 1574.06, 1574.06,David Jay 1345,Edward Rader 1971,"David Jay, King of Virginia,  (1345)"
Ryan Buhr,M,Indiana,,1346,", King of Indiana",", ",1769,1696,1732,25,30,83%,17,19,89%,42,49,86%,Indiana 1732.33, 1732.33,Ryan Buhr 1346,Eli Kalmbacher 1968,"Ryan Buhr, King of Indiana,  (1346)"
Adam Ziobrowski,M,Illinois,Windy City Crokinole Club,1347,,", Windy City Crokinole Club",1598,1631,1614,17,28,61%,16,18,89%,33,46,72%,Illinois 1614.17,Windy City Crokinole Club 1614.17,Adam Ziobrowski 1347,Eli Schilling 1273,"Adam Ziobrowski, Windy City Crokinole Club (1347)"
Tyler Crawford,M,Ohio,,1348,,", ",1515,1500,1508,4,7,57%,0,0,N/A,4,7,57%,Ohio 1507.51, 1507.51,Tyler Crawford 1348,Elizabeth Rodriguez 1496,"Tyler Crawford,  (1348)"
Jonathan Crawford,M,Ohio,,1349,,", ",1539,1495,1517,4,6,67%,2,5,40%,6,11,55%,Ohio 1517.21, 1517.21,Jonathan Crawford 1349,Emilee Leydig 1921,"Jonathan Crawford,  (1349)"
Bailey Osborne,F,North Carolina,Queen City Crokinole Club,1350,,", Queen City Crokinole Club",1530,1573,1551,5,7,71%,10,15,67%,15,22,68%,North Carolina 1551.27,Queen City Crokinole Club 1551.27,Bailey Osborne 1350,Emily Aubin 1334,"Bailey Osborne, Queen City Crokinole Club (1350)"
Emma Buhr,F,Indiana,,1351,,", ",1564,1646,1605,12,17,71%,16,19,84%,28,36,78%,Indiana 1605.07, 1605.07,Emma Buhr 1351,Emily Brodbeck 1754,"Emma Buhr,  (1351)"
Brian Bennett,M,Michigan,,1352,,", ",1495,1505,1500,3,6,50%,4,6,67%,7,12,58%,Michigan 1499.73, 1499.73,Brian Bennett 1352,Emily Cooney 1823,"Brian Bennett,  (1352)"
John Cox,M,Ohio,,1353,,", ",1560,1500,1530,8,13,62%,0,0,N/A,8,13,62%,Ohio 1530.22, 1530.22,John Cox 1353,Emma Buhr 1351,"John Cox,  (1353)"
Roy Baron,M,Massachusetts,,1354,,", ",1538,1550,1544,6,12,50%,5,7,71%,11,19,58%,Massachusetts 1544.11, 1544.11,Roy Baron 1354,Eni Buchanan 2023,"Roy Baron,  (1354)"
Brian Brown,M,Ohio,,1355,,", ",1503,1500,1502,3,6,50%,0,0,N/A,3,6,50%,Ohio 1501.57, 1501.57,Brian Brown 1355,Eri Greif 1922,"Brian Brown,  (1355)"
Cody Gates,M,Ohio,,1356,,", ",1506,1498,1502,3,6,50%,2,4,50%,5,10,50%,Ohio 1501.82, 1501.82,Cody Gates 1356,Eric Byron 1831,"Cody Gates,  (1356)"
Brian Dowd,M,Pennsylvania,,1357,,", ",1605,1500,1552,23,38,61%,0,0,N/A,23,38,61%,Pennsylvania 1552.3, 1552.3,Brian Dowd 1357,Eric Curry 1708,"Brian Dowd,  (1357)"
Eric Losiewicz,M,Michigan,,1358,,", ",1500,1500,1500,5,12,42%,0,0,N/A,5,12,42%,Michigan 1499.96, 1499.96,Eric Losiewicz 1358,Eric Hufford 1958,"Eric Losiewicz,  (1358)"
Brad Boothe,M,Georgia,,1359,,", ",1495,1488,1492,3,6,50%,1,4,25%,4,10,40%,Georgia 1491.94, 1491.94,Brad Boothe 1359,Eric King 1420,"Brad Boothe,  (1359)"
Ean Teague,M,Ohio,,1360,,", ",1498,1500,1499,11,20,55%,0,0,N/A,11,20,55%,Ohio 1498.77, 1498.77,Ean Teague 1360,Eric Losiewicz 1358,"Ean Teague,  (1360)"
Kevin Bilbrey,M,Ohio,,1361,,", ",1511,1500,1505,3,6,50%,0,0,N/A,3,6,50%,Ohio 1505.27, 1505.27,Kevin Bilbrey 1361,Eric Miltenburg 1062,"Kevin Bilbrey,  (1361)"
Brad Barhorst,M,Ohio,,1362,,", ",1523,1528,1526,3,6,50%,3,4,75%,6,10,60%,Ohio 1525.53, 1525.53,Brad Barhorst 1362,Eric Moffitt 1979,"Brad Barhorst,  (1362)"
Jim Kennedy,M,Ohio,,1363,,", ",1487,1519,1503,4,11,36%,5,9,56%,9,20,45%,Ohio 1502.9, 1502.9,Jim Kennedy 1363,Eric Neitzel 1999,"Jim Kennedy,  (1363)"
Daniel Vieu,M,Illinois,Windy City Crokinole Club,1364,,", Windy City Crokinole Club",1540,1495,1517,6,10,60%,1,4,25%,7,14,50%,Illinois 1517.16,Windy City Crokinole Club 1517.16,Daniel Vieu 1364,Erica Hartviksen 1255,"Daniel Vieu, Windy City Crokinole Club (1364)"
Taylor Hoener,M,Michigan,,1365,,", ",1483,1551,1517,7,11,64%,5,7,71%,12,18,67%,Michigan 1517.29, 1517.29,Taylor Hoener 1365,Erich Walters 1725,"Taylor Hoener,  (1365)"
Steve Meringolo,M,Ohio,,1366,,", ",1496,1488,1492,4,7,57%,4,9,44%,8,16,50%,Ohio 1491.73, 1491.73,Steve Meringolo 1366,Erik Walters 1916,"Steve Meringolo,  (1366)"
Chance Lindsay,M,Ohio,,1367,,", ",1499,1500,1500,3,5,60%,0,0,N/A,3,5,60%,Ohio 1499.53, 1499.53,Chance Lindsay 1367,Ethan Gmys 2068,"Chance Lindsay,  (1367)"
Matthew McDonald,M,Michigan,,1368,,", ",1495,1500,1497,3,5,60%,0,0,N/A,3,5,60%,Michigan 1497.33, 1497.33,Matthew McDonald 1368,Ethan Klobucar 1441,"Matthew McDonald,  (1368)"
Brendan Mayhugh,M,Indiana,,1369,,", ",1506,1500,1503,8,15,53%,0,0,N/A,8,15,53%,Indiana 1503.22, 1503.22,Brendan Mayhugh 1369,Ethan Tobin 1392,"Brendan Mayhugh,  (1369)"
Samuel Pak,M,New York,,1370,,", ",1504,1500,1502,3,5,60%,0,0,N/A,3,5,60%,New York 1501.81, 1501.81,Samuel Pak 1370,Evan Boone 1583,"Samuel Pak,  (1370)"
Roy Thompson,M,West Virginia,,1371,", King of West Virginia",", ",1514,1554,1534,3,10,30%,5,6,83%,8,16,50%,West Virginia 1533.57, 1533.57,Roy Thompson 1371,Evan Dolinar 1344,"Roy Thompson, King of West Virginia,  (1371)"
Christina Reagan,F,West Virginia,,1372,,", ",1519,1500,1510,3,5,60%,0,0,N/A,3,5,60%,West Virginia 1509.74, 1509.74,Christina Reagan 1372,Evan Ritenour 2084,"Christina Reagan,  (1372)"
Melissa Schewe,F,Florida,,1373,,", ",1511,1500,1505,4,6,67%,0,0,N/A,4,6,67%,Florida 1505.36, 1505.36,Melissa Schewe 1373,Evan Williams 1481,"Melissa Schewe,  (1373)"
Mason Pierce,M,Ohio,,1374,,", ",1508,1500,1504,2,4,50%,0,0,N/A,2,4,50%,Ohio 1504.1, 1504.1,Mason Pierce 1374,Eve Crockett 1407,"Mason Pierce,  (1374)"
Amanda Brown,F,Ohio,,1375,,", ",1506,1500,1503,6,11,55%,0,0,N/A,6,11,55%,Ohio 1502.84, 1502.84,Amanda Brown 1375,Evelyn Brohm 1828,"Amanda Brown,  (1375)"
Theodore Lovinski,M,Ohio,,1376,,", ",1488,1500,1494,3,5,60%,0,0,N/A,3,5,60%,Ohio 1494.16, 1494.16,Theodore Lovinski 1376,Evie Ellis 1509,"Theodore Lovinski,  (1376)"
David Lee,M,Ohio,,1377,,", ",1510,1500,1505,3,5,60%,0,0,N/A,3,5,60%,Ohio 1505.11, 1505.11,David Lee 1377,Ezra Jantzi 1124,"David Lee,  (1377)"
Matt Sutton,M,Indiana,,1378,,", ",1502,1500,1501,2,5,40%,0,0,N/A,2,5,40%,Indiana 1501.12, 1501.12,Matt Sutton 1378,Felicia Alfieri 1615,"Matt Sutton,  (1378)"
Mel Stupka,F,Pennsylvania,,1379,,", ",1486,1500,1493,3,11,27%,0,0,N/A,3,11,27%,Pennsylvania 1492.96, 1492.96,Mel Stupka 1379,Felipe Montell Avila 2004,"Mel Stupka,  (1379)"
Jeremey Wright,M,Ohio,,1380,,", ",1494,1504,1499,2,7,29%,4,7,57%,6,14,43%,Ohio 1498.77, 1498.77,Jeremey Wright 1380,Ferenc Vodicska 1194,"Jeremey Wright,  (1380)"
Trey May,M,Ohio,,1381,,", ",1502,1500,1501,3,5,60%,0,0,N/A,3,5,60%,Ohio 1501.07, 1501.07,Trey May 1381,Finn Byrnes 2073,"Trey May,  (1381)"
Kasi Lumbatis,F,Ohio,,1382,,", ",1499,1457,1478,2,4,50%,2,5,40%,4,9,44%,Ohio 1478.2, 1478.2,Kasi Lumbatis 1382,Francesca Roth 1732,"Kasi Lumbatis,  (1382)"
Bradley Broyles,M,Missouri,,1383,,", ",1502,1530,1516,2,5,40%,4,6,67%,6,11,55%,Missouri 1516.17, 1516.17,Bradley Broyles 1383,Francis Kolb 1774,"Bradley Broyles,  (1383)"
Alexis Mack,F,Minnesota,,1384,,", ",1496,1473,1485,3,5,60%,0,4,0%,3,9,33%,Minnesota 1484.79, 1484.79,Alexis Mack 1384,Frank Hollander 1630,"Alexis Mack,  (1384)"
Preston Eickberg,M,Illinois,,1385,,", ",1496,1500,1498,2,5,40%,0,0,N/A,2,5,40%,Illinois 1497.96, 1497.96,Preston Eickberg 1385,Fred Slater 1072,"Preston Eickberg,  (1385)"
Jim Breeze,M,Ohio,,1386,,", ",1506,1500,1503,6,11,55%,0,0,N/A,6,11,55%,Ohio 1503.15, 1503.15,Jim Breeze 1386,Gabriel Becker 1777,"Jim Breeze,  (1386)"
Logan Reagan,M,West Virginia,,1387,,", ",1512,1500,1506,4,5,80%,0,0,N/A,4,5,80%,West Virginia 1505.82, 1505.82,Logan Reagan 1387,Gabrielle Stewart 1282,"Logan Reagan,  (1387)"
David Louie,M,Virginia,,1388,,", ",1499,1548,1524,2,5,40%,4,7,57%,6,12,50%,Virginia 1523.76, 1523.76,David Louie 1388,Galen Morse 1809,"David Louie,  (1388)"
Roman Milan,M,Illinois,,1389,,", ",1491,1500,1496,3,5,60%,0,0,N/A,3,5,60%,Illinois 1495.51, 1495.51,Roman Milan 1389,Garret Tracey 1212,"Roman Milan,  (1389)"
Chris Anderson,M,Pennsylvania,,1390,,", ",1479,1500,1490,4,10,40%,0,0,N/A,4,10,40%,Pennsylvania 1489.51, 1489.51,Chris Anderson 1390,Garry Wood 1222,"Chris Anderson,  (1390)"
Benjamin Voorhorst,M,Ohio,,1391,,", ",1560,1500,1530,8,12,67%,0,0,N/A,8,12,67%,Ohio 1529.92, 1529.92,Benjamin Voorhorst 1391,Gary Schaefers 1692,"Benjamin Voorhorst,  (1391)"
Ethan Tobin,M,Michigan,,1392,,", ",1486,1463,1474,2,5,40%,4,9,44%,6,14,43%,Michigan 1474.3, 1474.3,Ethan Tobin 1392,Gary Sheldon 1719,"Ethan Tobin,  (1392)"
Hadley Williams,F,Ohio,,1393,,", ",1494,1500,1497,2,4,50%,0,0,N/A,2,4,50%,Ohio 1496.87, 1496.87,Hadley Williams 1393,Gáspár Létay 1048,"Hadley Williams,  (1393)"
Grant Ravary,M,Ohio,,1394,,", ",1472,1500,1486,2,5,40%,0,0,N/A,2,5,40%,Ohio 1486.04, 1486.04,Grant Ravary 1394,Gauthier Degli Agosti 1153,"Grant Ravary,  (1394)"
Lauren Hiller,F,Ohio,,1395,,", ",1506,1498,1502,5,11,45%,4,9,44%,9,20,45%,Ohio 1502.01, 1502.01,Lauren Hiller 1395,Gayle Rose 1278,"Lauren Hiller,  (1395)"
Ben Naber,M,Michigan,,1396,,", ",1500,1500,1500,1,5,20%,0,0,N/A,1,5,20%,Michigan 1500.02, 1500.02,Ben Naber 1396,George Schiestel 1225,"Ben Naber,  (1396)"
Matthew Conroy,M,Ohio,,1397,,", ",1460,1500,1480,4,10,40%,0,0,N/A,4,10,40%,Ohio 1479.94, 1479.94,Matthew Conroy 1397,Ginger Thompson 1607,"Matthew Conroy,  (1397)"
DJ Palomares,M,Michigan,,1398,,", ",1480,1500,1490,6,11,55%,0,0,N/A,6,11,55%,Michigan 1489.94, 1489.94,DJ Palomares 1398,Glen Bryans 1247,"DJ Palomares,  (1398)"
Daniel B Raymond,M,Pennsylvania,,1399,,", ",1491,1500,1495,2,5,40%,0,0,N/A,2,5,40%,Pennsylvania 1495.4, 1495.4,Daniel B Raymond 1399,Glen Parks 1029,"Daniel B Raymond,  (1399)"
Ross Hubbard,M,Ohio,,1400,,", ",1503,1500,1501,2,5,40%,0,0,N/A,2,5,40%,Ohio 1501.46, 1501.46,Ross Hubbard 1400,Gloria Walsh 1109,"Ross Hubbard,  (1400)"
Delaney Bertino,F,Ohio,,1401,,", ",1531,1500,1516,6,11,55%,0,0,N/A,6,11,55%,Ohio 1515.62, 1515.62,Delaney Bertino 1401,Grace Cox 1833,"Delaney Bertino,  (1401)"
David Hanawalt,M,Pennsylvania,,1402,,", ",1473,1500,1487,1,5,20%,0,0,N/A,1,5,20%,Pennsylvania 1486.69, 1486.69,David Hanawalt 1402,Graham Gaessler 1227,"David Hanawalt,  (1402)"
Jay Shankel,M,Ohio,,1403,,", ",1483,1500,1492,7,11,64%,0,0,N/A,7,11,64%,Ohio 1491.53, 1491.53,Jay Shankel 1403,Graham Gilchrest 1240,"Jay Shankel,  (1403)"
Michael Schewe,M,Florida,,1404,,", ",1486,1500,1493,2,5,40%,0,0,N/A,2,5,40%,Florida 1492.97, 1492.97,Michael Schewe 1404,Graham Krosnick 1596,"Michael Schewe,  (1404)"
John R. Miller,M,Missouri,,1405,,", ",1451,1500,1475,1,5,20%,0,0,N/A,1,5,20%,Missouri 1475.49, 1475.49,John R. Miller 1405,Grant Ravary 1394,"John R. Miller,  (1405)"
Zachary Duncan,M,Pennsylvania,,1406,,", ",1481,1500,1491,2,5,40%,0,0,N/A,2,5,40%,Pennsylvania 1490.58, 1490.58,Zachary Duncan 1406,Greg Matthison 1074,"Zachary Duncan,  (1406)"
Eve Crockett,F,Tennessee,,1407,,", ",1475,1500,1488,1,5,20%,0,0,N/A,1,5,20%,Tennessee 1487.74, 1487.74,Eve Crockett 1407,Greg Stoike 1982,"Eve Crockett,  (1407)"
Mark Warrell,M,Ohio,,1408,,", ",1468,1500,1484,4,11,36%,0,0,N/A,4,11,36%,Ohio 1483.86, 1483.86,Mark Warrell 1408,Griffin Roberts 1262,"Mark Warrell,  (1408)"
Kathryn Sidaras,F,Colorado,,1409,,", ",1462,1500,1481,1,5,20%,0,0,N/A,1,5,20%,Colorado 1480.96, 1480.96,Kathryn Sidaras 1409,Gunner Parauda 1937,"Kathryn Sidaras,  (1409)"
Derek Hadley,M,Ohio,,1410,,", ",1519,1498,1509,8,13,62%,4,9,44%,12,22,55%,Ohio 1508.87, 1508.87,Derek Hadley 1410,György Bozóki 1045,"Derek Hadley,  (1410)"
Vicky McKinley,F,Illinois,,1411,,", ",1472,1500,1486,2,5,40%,0,0,N/A,2,5,40%,Illinois 1485.8, 1485.8,Vicky McKinley 1411,Hadley Stewart  1328,"Vicky McKinley,  (1411)"
Marc Zumhagen,M,Kentucky,,1412,,", ",1470,1424,1447,2,6,33%,2,9,22%,4,15,27%,Kentucky 1447.37, 1447.37,Marc Zumhagen 1412,Hadley Williams 1393,"Marc Zumhagen,  (1412)"
Candice Boothe,F,Georgia,,1413,,", ",1456,1488,1472,1,5,20%,1,4,25%,2,9,22%,Georgia 1472, 1472,Candice Boothe 1413,Hannah Manley 1598,"Candice Boothe,  (1413)"
Derek Beaushaw,M,Mississippi,,1414,,", ",1490,1500,1495,1,5,20%,0,0,N/A,1,5,20%,Mississippi 1495.19, 1495.19,Derek Beaushaw 1414,Harper Buffington 1842,"Derek Beaushaw,  (1414)"
Quan Van,M,Ohio,,1415,,", ",1493,1500,1496,1,5,20%,0,0,N/A,1,5,20%,Ohio 1496.37, 1496.37,Quan Van 1415,Hayden Shupe 2066,"Quan Van,  (1415)"
Jon Gabert,M,Ohio,,1416,,", ",1455,1500,1478,2,6,33%,0,0,N/A,2,6,33%,Ohio 1477.57, 1477.57,Jon Gabert 1416,Hazel Fountain 1477,"Jon Gabert,  (1416)"
Brooke Wright,F,Ohio,,1417,,", ",1476,1529,1502,5,11,45%,8,12,67%,13,23,57%,Ohio 1502.1, 1502.1,Brooke Wright 1417,Heather Buffington 1843,"Brooke Wright,  (1417)"
Lexi Zumhagen,M,Kentucky,,1418,,", ",1462,1458,1460,0,5,0%,1,5,20%,1,10,10%,Kentucky 1459.74, 1459.74,Lexi Zumhagen 1418,Heather duLuard 1781,"Lexi Zumhagen,  (1418)"
Brandon Bernard,M,Pennsylvania,,1419,,", ",1588,1500,1544,10,15,67%,0,0,N/A,10,15,67%,Pennsylvania 1543.87, 1543.87,Brandon Bernard 1419,Henry Allen 1943,"Brandon Bernard,  (1419)"
Eric King,M,Ohio,,1420,,", ",1472,1500,1486,2,5,40%,0,0,N/A,2,5,40%,Ohio 1486.05, 1486.05,Eric King 1420,Henry Seymour 1283,"Eric King,  (1420)"
Amy Zumhagen,F,Kentucky,,1421,,", ",1440,1395,1417,1,5,20%,1,9,11%,2,14,14%,Kentucky 1417.28, 1417.28,Amy Zumhagen 1421,Holly Argent 1164,"Amy Zumhagen,  (1421)"
Alex Bastecki,M,Pennsylvania,,1422,,", ",1478,1500,1489,1,5,20%,0,0,N/A,1,5,20%,Pennsylvania 1488.83, 1488.83,Alex Bastecki 1422,Holly Tyminski 1429,"Alex Bastecki,  (1422)"
Wendi Rose,F,New York,,1423,,", ",1450,1500,1475,1,5,20%,0,0,N/A,1,5,20%,New York 1474.96, 1474.96,Wendi Rose 1423,Howard Martin 1078,"Wendi Rose,  (1423)"
Christine Eickberg,M,Illinois,,1424,,", ",1439,1500,1469,0,5,0%,0,0,N/A,0,5,0%,Illinois 1469.4, 1469.4,Christine Eickberg 1424,Hunter Lantzman 2072,"Christine Eickberg,  (1424)"
Jamie McCune,F,Pennsylvania,,1425,,", ",1460,1500,1480,1,5,20%,0,0,N/A,1,5,20%,Pennsylvania 1480.22, 1480.22,Jamie McCune 1425,Hunter Schripsema 2032,"Jamie McCune,  (1425)"
Zach Niehaus,M,Ohio,,1426,,", ",1466,1499,1482,1,5,20%,3,5,60%,4,10,40%,Ohio 1482.22, 1482.22,Zach Niehaus 1426,Huston Johnson 1572,"Zach Niehaus,  (1426)"
Dominick DeFlippo,M,Ohio,,1427,,", ",1464,1524,1494,4,11,36%,5,8,63%,9,19,47%,Ohio 1494.27, 1494.27,Dominick DeFlippo 1427,Ian Cooney 1824,"Dominick DeFlippo,  (1427)"
Matt Hammond,M,Ohio,,1428,,", ",1461,1500,1480,1,5,20%,0,0,N/A,1,5,20%,Ohio 1480.33, 1480.33,Matt Hammond 1428,Ian Moffitt 1614,"Matt Hammond,  (1428)"
Holly Tyminski,F,Michigan,,1429,,", ",1466,1500,1483,0,5,0%,0,0,N/A,0,5,0%,Michigan 1482.91, 1482.91,Holly Tyminski 1429,Ian Pegg 1881,"Holly Tyminski,  (1429)"
Taylor Snyder,M,Ohio,,1430,,", ",1451,1524,1488,3,11,27%,5,8,63%,8,19,42%,Ohio 1487.86, 1487.86,Taylor Snyder 1430,Ian Roberts 1967,"Taylor Snyder,  (1430)"
Josh Crouch,M,Ohio,,1431,,", ",1444,1500,1472,1,5,20%,0,0,N/A,1,5,20%,Ohio 1472.18, 1472.18,Josh Crouch 1431,Ian Shaw 1337,"Josh Crouch,  (1431)"
Nathan Bellami,M,Indiana,,1432,,", ",1454,1500,1477,0,5,0%,0,0,N/A,0,5,0%,Indiana 1476.98, 1476.98,Nathan Bellami 1432,Isaac Rivera 1670,"Nathan Bellami,  (1432)"
Braden Alan,M,Michigan,,1433,,", ",1510,1551,1531,4,6,67%,5,7,71%,9,13,69%,Michigan 1530.87, 1530.87,Braden Alan 1433,István Kádár 1142,"Braden Alan,  (1433)"
Jason Ketter,M,Pennsylvania,,1434,,", ",1553,1500,1527,22,42,52%,0,0,N/A,22,42,52%,Pennsylvania 1526.53, 1526.53,Jason Ketter 1434,István Szász-Köpeczy 1189,"Jason Ketter,  (1434)"
Sarah Seto,F,Massachusetts,,1435,,", ",1500,1550,1525,0,0,N/A,5,7,71%,5,7,71%,Massachusetts 1525.22, 1525.22,Sarah Seto 1435,Ivan Shattuck 1677,"Sarah Seto,  (1435)"
Daniel Sherman,M,Michigan,,1436,,", ",1500,1556,1528,0,0,N/A,6,9,67%,6,9,67%,Michigan 1528.12, 1528.12,Daniel Sherman 1436,Jackie Chasteen 1462,"Daniel Sherman,  (1436)"
Ben Sherman,M,Michigan,,1437,,", ",1500,1533,1516,0,0,N/A,3,4,75%,3,4,75%,Michigan 1516.33, 1516.33,Ben Sherman 1437,Jacob Ammeraal 1984,"Ben Sherman,  (1437)"
Katie Van Gammeren,F,New York,,1438,,", ",1462,1574,1518,9,18,50%,9,14,64%,18,32,56%,New York 1517.72, 1517.72,Katie Van Gammeren 1438,Jacob Flesse 2078,"Katie Van Gammeren,  (1438)"
Bryan Barhorst,M,Ohio,,1439,,", ",1500,1528,1514,0,0,N/A,3,4,75%,3,4,75%,Ohio 1514.14, 1514.14,Bryan Barhorst 1439,Jacob Heiss 1814,"Bryan Barhorst,  (1439)"
Zack Hjorth,M,Michigan,,1440,,", ",1500,1522,1511,0,0,N/A,4,6,67%,4,6,67%,Michigan 1511.06, 1511.06,Zack Hjorth 1440,Jacob Jackson 1763,"Zack Hjorth,  (1440)"
Ethan Klobucar,M,Michigan,,1441,,", ",1500,1522,1511,0,0,N/A,4,6,67%,4,6,67%,Michigan 1511.06, 1511.06,Ethan Klobucar 1441,Jacob Schreier 1635,"Ethan Klobucar,  (1441)"
Wes Schmidt,M,Michigan,,1442,,", ",1500,1515,1508,0,0,N/A,3,6,50%,3,6,50%,Michigan 1507.62, 1507.62,Wes Schmidt 1442,Jacob Westerhof 1149,"Wes Schmidt,  (1442)"
Oliver Schmidt,M,Michigan,,1443,,", ",1500,1515,1508,0,0,N/A,3,6,50%,3,6,50%,Michigan 1507.62, 1507.62,Oliver Schmidt 1443,Jahjireh Jongsma 1127,"Oliver Schmidt,  (1443)"
Rance Hickman,M,Ohio,,1444,,", ",1500,1504,1502,0,0,N/A,2,4,50%,2,4,50%,Ohio 1501.94, 1501.94,Rance Hickman 1444,Jake Boney 1902,"Rance Hickman,  (1444)"
Landon Moriconi,M,Ohio,,1445,,", ",1500,1504,1502,0,0,N/A,2,4,50%,2,4,50%,Ohio 1501.94, 1501.94,Landon Moriconi 1445,Jake Ruggi 1158,"Landon Moriconi,  (1445)"
Taylor Myers,M,Ohio,,1446,,", ",1500,1521,1511,0,0,N/A,3,5,60%,3,5,60%,Ohio 1510.69, 1510.69,Taylor Myers 1446,Jake Russell 1920,"Taylor Myers,  (1446)"
Joshua Scott,M,Ohio,,1447,,", ",1500,1521,1511,0,0,N/A,3,5,60%,3,5,60%,Ohio 1510.69, 1510.69,Joshua Scott 1447,James Emnett 1260,"Joshua Scott,  (1447)"
Ben Voorhorst,M,Ohio,,1448,,", ",1500,1530,1515,0,0,N/A,4,6,67%,4,6,67%,Ohio 1515, 1515,Ben Voorhorst 1448,James Flatt 1703,"Ben Voorhorst,  (1448)"
Caren Losiewicz,M,Michigan,,1449,,", ",1500,1516,1508,0,0,N/A,2,5,40%,2,5,40%,Michigan 1508.11, 1508.11,Caren Losiewicz 1449,James Griffith 1950,"Caren Losiewicz,  (1449)"
Martin Losiewicz,M,Michigan,,1450,,", ",1500,1516,1508,0,0,N/A,2,5,40%,2,5,40%,Michigan 1508.11, 1508.11,Martin Losiewicz 1450,James Macgregor 1483,"Martin Losiewicz,  (1450)"
John Keith,M,Ohio,,1451,,", ",1500,1492,1496,0,0,N/A,2,4,50%,2,4,50%,Ohio 1496.21, 1496.21,John Keith 1451,James Medway 1229,"John Keith,  (1451)"
Ryan Murphy,M,Ohio,,1452,,", ",1500,1492,1496,0,0,N/A,2,4,50%,2,4,50%,Ohio 1496.21, 1496.21,Ryan Murphy 1452,James Meyer 1551,"Ryan Murphy,  (1452)"
Joe Bezila,M,Pennsylvania,,1453,,", ",1500,1514,1507,0,0,N/A,4,5,80%,4,5,80%,Pennsylvania 1506.81, 1506.81,Joe Bezila 1453,James Parauda 1578,"Joe Bezila,  (1453)"
Marlene Bezila,F,Pennsylvania,,1454,,", ",1500,1514,1507,0,0,N/A,4,5,80%,4,5,80%,Pennsylvania 1506.81, 1506.81,Marlene Bezila 1454,James Pristov 1649,"Marlene Bezila,  (1454)"
Matthew Mullan,M,Ohio,,1455,,", ",1500,1511,1506,0,0,N/A,4,6,67%,4,6,67%,Ohio 1505.66, 1505.66,Matthew Mullan 1455,James Young 2000,"Matthew Mullan,  (1455)"
Michael Houze,M,Ohio,,1456,,", ",1500,1511,1506,0,0,N/A,4,6,67%,4,6,67%,Ohio 1505.66, 1505.66,Michael Houze 1456,Jamie McCune 1425,"Michael Houze,  (1456)"
Ryan Wolfe,M,Ohio,,1457,,", ",1500,1488,1494,0,0,N/A,3,5,60%,3,5,60%,Ohio 1493.82, 1493.82,Ryan Wolfe 1457,Jamie Sala 1084,"Ryan Wolfe,  (1457)"
Andrew Garth,M,Ohio,,1458,,", ",1500,1488,1494,0,0,N/A,3,5,60%,3,5,60%,Ohio 1493.82, 1493.82,Andrew Garth 1458,Jamshid Zonoozi 1735,"Andrew Garth,  (1458)"
Tanner Crawford,M,,,1459,,", ",1500,1495,1498,0,0,N/A,2,5,40%,2,5,40%, 1497.59, 1497.59,Tanner Crawford 1459,Jane Manson 1191,"Tanner Crawford,  (1459)"
Timothy Chasteen,M,Ohio,,1460,,", ",1500,1503,1502,0,0,N/A,4,6,67%,4,6,67%,Ohio 1501.63, 1501.63,Timothy Chasteen 1460,Janet Diebel 1131,"Timothy Chasteen,  (1460)"
Markus Borsch,M,Germany,,1461,", King of Germany",", ",1500,1520,1510,0,0,N/A,2,5,40%,2,5,40%,Germany 1509.95, 1509.95,Markus Borsch 1461,Janet Waite 1224,"Markus Borsch, King of Germany,  (1461)"
Jackie Chasteen,F,Ohio,,1462,,", ",1500,1480,1490,0,0,N/A,4,11,36%,4,11,36%,Ohio 1489.78, 1489.78,Jackie Chasteen 1462,Jared Charlson 1729,"Jackie Chasteen,  (1462)"
Joseph Muhle,M,Michigan,,1463,,", ",1500,1520,1510,0,0,N/A,2,5,40%,2,5,40%,Michigan 1509.95, 1509.95,Joseph Muhle 1463,Jared McPherson 1879,"Joseph Muhle,  (1463)"
Robert Gabbert,M,Ohio,,1464,,", ",1500,1498,1499,0,0,N/A,2,4,50%,2,4,50%,Ohio 1498.84, 1498.84,Robert Gabbert 1464,Jared Ritenour 2083,"Robert Gabbert,  (1464)"
Rick Hanes,M,Ohio,,1465,,", ",1500,1465,1483,0,0,N/A,7,14,50%,7,14,50%,Ohio 1482.72, 1482.72,Rick Hanes 1465,Jared Strout 1279,"Rick Hanes,  (1465)"
Beth Hanes,F,Ohio,,1466,,", ",1500,1485,1493,0,0,N/A,2,5,40%,2,5,40%,Ohio 1492.62, 1492.62,Beth Hanes 1466,Jasmine Jolitz 1650,"Beth Hanes,  (1466)"
Benjamin Koester,M,Illinois,,1467,,", ",1500,1492,1496,0,0,N/A,3,5,60%,3,5,60%,Illinois 1495.95, 1495.95,Benjamin Koester 1467,Jason Arvey 1570,"Benjamin Koester,  (1467)"
Jessica Koester,F,Illinois,,1468,,", ",1500,1492,1496,0,0,N/A,3,5,60%,3,5,60%,Illinois 1495.95, 1495.95,Jessica Koester 1468,Jason Baab 1706,"Jessica Koester,  (1468)"
Justin Parnell,M,Virginia,,1469,,", ",1500,1492,1496,0,0,N/A,2,5,40%,2,5,40%,Virginia 1495.86, 1495.86,Justin Parnell 1469,Jason Bartholow 1296,"Justin Parnell,  (1469)"
Meredith Morgan,F,Virginia,,1470,,", ",1500,1492,1496,0,0,N/A,2,5,40%,2,5,40%,Virginia 1495.86, 1495.86,Meredith Morgan 1470,Jason Beierling 1063,"Meredith Morgan,  (1470)"
Tracey Bennett,M,Michigan,,1471,,", ",1500,1505,1502,0,0,N/A,4,6,67%,4,6,67%,Michigan 1502.42, 1502.42,Tracey Bennett 1471,Jason Carter 1070,"Tracey Bennett,  (1471)"
Tristan Collins,M,Ohio,,1472,,", ",1500,1463,1482,0,0,N/A,1,5,20%,1,5,20%,Ohio 1481.75, 1481.75,Tristan Collins 1472,Jason Hanks 1301,"Tristan Collins,  (1472)"
Anastasia Weiker,F,Ohio,,1473,,", ",1500,1463,1482,0,0,N/A,1,5,20%,1,5,20%,Ohio 1481.75, 1481.75,Anastasia Weiker 1473,Jason Hansen 1996,"Anastasia Weiker,  (1473)"
Ryan Scott,M,Colorado,,1474,", King of Colorado",", ",1500,1518,1509,0,0,N/A,4,9,44%,4,9,44%,Colorado 1508.86, 1508.86,Ryan Scott 1474,Jason Ketter 1434,"Ryan Scott, King of Colorado,  (1474)"
Aaron Crow,M,Arizona,,1475,", King of Arizona",", ",1500,1518,1509,0,0,N/A,4,9,44%,4,9,44%,Arizona 1508.86, 1508.86,Aaron Crow 1475,Jason Perkins 1765,"Aaron Crow, King of Arizona,  (1475)"
Miles Fountain,M,Wisconsin,,1476,,", ",1500,1501,1500,0,0,N/A,1,4,25%,1,4,25%,Wisconsin 1500.26, 1500.26,Miles Fountain 1476,Jason Pion 2034,"Miles Fountain,  (1476)"
Hazel Fountain,F,Illinois,,1477,,", ",1500,1501,1500,0,0,N/A,1,4,25%,1,4,25%,Illinois 1500.26, 1500.26,Hazel Fountain 1477,Jason Slingerland 2025,"Hazel Fountain,  (1477)"
Katherine Hitchings,F,Delaware,,1478,,", ",1453,1500,1476,1,5,20%,0,0,N/A,1,5,20%,Delaware 1476.34, 1476.34,Katherine Hitchings 1478,Jason Tanner 1686,"Katherine Hitchings,  (1478)"
Adah Swenson,M,Virginia,,1479,,", ",1500,1528,1514,0,0,N/A,3,7,43%,3,7,43%,Virginia 1513.79, 1513.79,Adah Swenson 1479,Javier Fernandez 1740,"Adah Swenson,  (1479)"
Ben Swenson,M,Virginia,,1480,,", ",1500,1528,1514,0,0,N/A,3,7,43%,3,7,43%,Virginia 1513.79, 1513.79,Ben Swenson 1480,Jay Carroll 1268,"Ben Swenson,  (1480)"
Evan Williams,M,Ohio,,1481,,", ",1500,1464,1482,0,0,N/A,7,14,50%,7,14,50%,Ohio 1481.88, 1481.88,Evan Williams 1481,Jay Matthews 1590,"Evan Williams,  (1481)"
Charlotte Melby,F,Ohio,,1482,,", ",1500,1464,1482,0,0,N/A,7,14,50%,7,14,50%,Ohio 1481.88, 1481.88,Charlotte Melby 1482,Jay Niehenke 1899,"Charlotte Melby,  (1482)"
James Macgregor,M,Michigan,,1483,,", ",1500,1492,1496,0,0,N/A,3,4,75%,3,4,75%,Michigan 1496.06, 1496.06,James Macgregor 1483,Jay Schoenen 1555,"James Macgregor,  (1483)"
Ariel Everitt,F,Michigan,,1484,,", ",1500,1492,1496,0,0,N/A,3,4,75%,3,4,75%,Michigan 1496.06, 1496.06,Ariel Everitt 1484,Jay Shankel 1403,"Ariel Everitt,  (1484)"
John Gapinski,M,Pennsylvania,,1485,,", ",1500,1477,1489,0,0,N/A,1,5,20%,1,5,20%,Pennsylvania 1488.66, 1488.66,John Gapinski 1485,Jayce Rubel 1815,"John Gapinski,  (1485)"
Liam Gapinski,M,Pennsylvania,,1486,,", ",1500,1477,1489,0,0,N/A,1,5,20%,1,5,20%,Pennsylvania 1488.66, 1488.66,Liam Gapinski 1486,Jazzmon McKinney 1503,"Liam Gapinski,  (1486)"
Matt Huddy,M,Kentucky,,1487,", King of Kentucky",", ",1500,1503,1501,0,0,N/A,3,5,60%,3,5,60%,Kentucky 1501.39, 1501.39,Matt Huddy 1487,JD Dissmore 2037,"Matt Huddy, King of Kentucky,  (1487)"
Chris Broyles,M,Michigan,,1488,,", ",1500,1478,1489,0,0,N/A,2,4,50%,2,4,50%,Michigan 1488.89, 1488.89,Chris Broyles 1488,Jeff Adamus 1738,"Chris Broyles,  (1488)"
Kim Broyles,F,Michigan,,1489,,", ",1500,1478,1489,0,0,N/A,2,4,50%,2,4,50%,Michigan 1488.89, 1488.89,Kim Broyles 1489,Jeff Finazzo 1308,"Kim Broyles,  (1489)"
Nat Bellami,M,Indiana,,1490,,", ",1500,1476,1488,0,0,N/A,1,5,20%,1,5,20%,Indiana 1488.06, 1488.06,Nat Bellami 1490,Jeff Linacre 1306,"Nat Bellami,  (1490)"
Brian Lewis,M,Indiana,,1491,,", ",1500,1476,1488,0,0,N/A,1,5,20%,1,5,20%,Indiana 1488.06, 1488.06,Brian Lewis 1491,Jeff McKeen 1237,"Brian Lewis,  (1491)"
Dylan Wright,M,Ohio,,1492,,", ",1500,1494,1497,0,0,N/A,2,5,40%,2,5,40%,Ohio 1496.91, 1496.91,Dylan Wright 1492,Jeffery Karger 1925,"Dylan Wright,  (1492)"
Andrew duLuard,M,Ohio,,1493,,", ",1500,1485,1492,0,0,N/A,4,10,40%,4,10,40%,Ohio 1492.42, 1492.42,Andrew duLuard 1493,Jeffrey Geiger 1812,"Andrew duLuard,  (1493)"
Benjamin Chen,M,New Jersey,,1494,,", ",1500,1489,1495,0,0,N/A,1,4,25%,1,4,25%,New Jersey 1494.6, 1494.6,Benjamin Chen 1494,Jeffrey Starkey 1762,"Benjamin Chen,  (1494)"
Diana Chen,F,New Jersey,,1495,,", ",1500,1489,1495,0,0,N/A,1,4,25%,1,4,25%,New Jersey 1494.6, 1494.6,Diana Chen 1495,Jenna Rindler 1768,"Diana Chen,  (1495)"
Elizabeth Rodriguez,F,Ohio,,1496,,", ",1500,1462,1481,0,0,N/A,1,4,25%,1,4,25%,Ohio 1481.01, 1481.01,Elizabeth Rodriguez 1496,Jennifer Buhr 1343,"Elizabeth Rodriguez,  (1496)"
Joel Harsh,M,Indiana,,1497,,", ",1500,1479,1490,0,0,N/A,1,4,25%,1,4,25%,Indiana 1489.56, 1489.56,Joel Harsh 1497,Jenny Bartholow 1297,"Joel Harsh,  (1497)"
Weston Rodriguez,M,Ohio,,1498,,", ",1500,1462,1481,0,0,N/A,1,4,25%,1,4,25%,Ohio 1481.01, 1481.01,Weston Rodriguez 1498,Jenny Kwiatek 1031,"Weston Rodriguez,  (1498)"
Kevin Emmons,M,Michigan,,1499,,", ",1500,1498,1499,0,0,N/A,2,5,40%,2,5,40%,Michigan 1499.2, 1499.2,Kevin Emmons 1499,Jeremey Wright 1380,"Kevin Emmons,  (1499)"
Shannon Emmons,F,Michigan,,1500,,", ",1500,1498,1499,0,0,N/A,2,5,40%,2,5,40%,Michigan 1499.2, 1499.2,Shannon Emmons 1500,Jeremy Herrman 1207,"Shannon Emmons,  (1500)"
Luke Hanes,M,Ohio,,1501,,", ",1500,1473,1486,0,0,N/A,5,9,56%,5,9,56%,Ohio 1486.34, 1486.34,Luke Hanes 1501,Jeremy Howey 1254,"Luke Hanes,  (1501)"
Lauren Herrmann,F,Illinois,Windy City Crokinole Club,1502,,", Windy City Crokinole Club",1500,1452,1476,0,0,N/A,3,9,33%,3,9,33%,Illinois 1476.05,Windy City Crokinole Club 1476.05,Lauren Herrmann 1502,Jeremy Quigley 1211,"Lauren Herrmann, Windy City Crokinole Club (1502)"
Jazzmon McKinney,M,Ohio,,1503,,", ",1500,1488,1494,0,0,N/A,4,9,44%,4,9,44%,Ohio 1493.84, 1493.84,Jazzmon McKinney 1503,Jeremy Stark 1981,"Jazzmon McKinney,  (1503)"
Sandra Stanley,F,Kentucky,,1504,,", ",1500,1469,1485,0,0,N/A,2,5,40%,2,5,40%,Kentucky 1484.68, 1484.68,Sandra Stanley 1504,Jeremy Tracey 1114,"Sandra Stanley,  (1504)"
Nelson Stanley,M,Kentucky,,1505,,", ",1500,1469,1485,0,0,N/A,2,5,40%,2,5,40%,Kentucky 1484.68, 1484.68,Nelson Stanley 1505,Jeremy Wright 1806,"Nelson Stanley,  (1505)"
Joshua Gregory,M,Tennessee,,1506,,", ",1500,1487,1493,0,0,N/A,1,4,25%,1,4,25%,Tennessee 1493.45, 1493.45,Joshua Gregory 1506,Jesse Stinson 2060,"Joshua Gregory,  (1506)"
Alexa Zumhagen,F,Kentucky,,1507,,", ",1500,1424,1462,0,0,N/A,2,9,22%,2,9,22%,Kentucky 1462.19, 1462.19,Alexa Zumhagen 1507,Jessica George 1835,"Alexa Zumhagen,  (1507)"
Robert Mutter,M,Tennessee,,1508,,", ",1500,1487,1493,0,0,N/A,1,4,25%,1,4,25%,Tennessee 1493.45, 1493.45,Robert Mutter 1508,Jessica Koester 1468,"Robert Mutter,  (1508)"
Evie Ellis,F,West Virginia,,1509,,", ",1500,1485,1492,0,0,N/A,1,5,20%,1,5,20%,West Virginia 1492.49, 1492.49,Evie Ellis 1509,Jessica Wei 1299,"Evie Ellis,  (1509)"
Kacey Schweinfest,F,Ohio,,1510,,", ",1500,1485,1492,0,0,N/A,1,5,20%,1,5,20%,Ohio 1492.49, 1492.49,Kacey Schweinfest 1510,Jessie Rodriguez 1896,"Kacey Schweinfest,  (1510)"
Peter Nein,M,Ohio,,1511,,", ",1500,1481,1491,0,0,N/A,1,4,25%,1,4,25%,Ohio 1490.68, 1490.68,Peter Nein 1511,Jill Begue 1024,"Peter Nein,  (1511)"
Laura Nein,F,North Carolina,,1512,,", ",1500,1481,1491,0,0,N/A,1,4,25%,1,4,25%,North Carolina 1490.68, 1490.68,Laura Nein 1512,Jim Breeze 1386,"Laura Nein,  (1512)"
Rachel Gregory,F,Tennessee,,1513,,", ",1500,1453,1477,0,0,N/A,1,4,25%,1,4,25%,Tennessee 1476.66, 1476.66,Rachel Gregory 1513,Jim Gress 1020,"Rachel Gregory,  (1513)"
Kaitlyn Roberts,F,Tennessee,,1514,,", ",1500,1453,1477,0,0,N/A,1,4,25%,1,4,25%,Tennessee 1476.66, 1476.66,Kaitlyn Roberts 1514,Jim Kennedy 1363,"Kaitlyn Roberts,  (1514)"
Kelson Grimm,M,Kentucky,,1515,,", ",1500,1443,1472,0,0,N/A,4,10,40%,4,10,40%,Kentucky 1471.57, 1471.57,Kelson Grimm 1515,Jim St Clair 1309,"Kelson Grimm,  (1515)"
Lindsey Kacey,F,Ohio,,1516,,", ",1500,1470,1485,0,0,N/A,2,5,40%,2,5,40%,Ohio 1484.8, 1484.8,Lindsey Kacey 1516,Jimmy Fain 1767,"Lindsey Kacey,  (1516)"
Kacee Larry,F,Ohio,,1517,,", ",1500,1478,1489,0,0,N/A,1,4,25%,1,4,25%,Ohio 1489.2, 1489.2,Kacee Larry 1517,JJ White 1795,"Kacee Larry,  (1517)"
Christopher Larry,M,Ohio,,1518,,", ",1500,1478,1489,0,0,N/A,1,4,25%,1,4,25%,Ohio 1489.2, 1489.2,Christopher Larry 1518,Jo-Ann Carter 1104,"Christopher Larry,  (1518)"
Luke Melton,M,Ohio,,1519,,", ",1500,1473,1487,0,0,N/A,0,4,0%,0,4,0%,Ohio 1486.66, 1486.66,Luke Melton 1519,Joanne Cheng 1307,"Luke Melton,  (1519)"
Drew Bachmann,M,Ohio,,1520,,", ",1500,1462,1481,0,0,N/A,1,4,25%,1,4,25%,Ohio 1481.13, 1481.13,Drew Bachmann 1520,Joe Ammeraal 1983,"Drew Bachmann,  (1520)"
Barrett Bachmann,M,Ohio,,1521,,", ",1500,1462,1481,0,0,N/A,1,4,25%,1,4,25%,Ohio 1481.13, 1481.13,Barrett Bachmann 1521,Joe Arnup 1065,"Barrett Bachmann,  (1521)"
Melanie Grimm,F,Kentucky,,1522,,", ",1500,1437,1469,0,0,N/A,2,10,20%,2,10,20%,Kentucky 1468.68, 1468.68,Melanie Grimm 1522,Joe Bezila 1453,"Melanie Grimm,  (1522)"
Katelynn Buddy,F,Kentucky,,1523,,", ",1500,1469,1484,0,0,N/A,1,5,20%,1,5,20%,Kentucky 1484.4, 1484.4,Katelynn Buddy 1523,Joe Klages 1209,"Katelynn Buddy,  (1523)"
Lindsay Dassault,F,Arizona,,1524,,", ",1500,1471,1485,0,0,N/A,1,4,25%,1,4,25%,Arizona 1485.26, 1485.26,Lindsay Dassault 1524,Joe Ricco 1580,"Lindsay Dassault,  (1524)"
Abigail Boles,F,Arizona,,1525,,", ",1500,1471,1485,0,0,N/A,1,4,25%,1,4,25%,Arizona 1485.26, 1485.26,Abigail Boles 1525,Joe Richards 1082,"Abigail Boles,  (1525)"
Michael Hutton,M,Ohio,,1526,,", ",1500,1432,1466,0,0,N/A,0,5,0%,0,5,0%,Ohio 1465.75, 1465.75,Michael Hutton 1526,Joe Seifert 1003,"Michael Hutton,  (1526)"
Zach Mckinney,M,Ohio,,1527,,", ",1500,1432,1466,0,0,N/A,0,5,0%,0,5,0%,Ohio 1465.75, 1465.75,Zach Mckinney 1527,Joe Zieger 1680,"Zach Mckinney,  (1527)"
Cash Campbell,M,Kentucky,,1528,,", ",1500,1437,1469,0,0,N/A,0,4,0%,0,4,0%,Kentucky 1468.57, 1468.57,Cash Campbell 1528,Joel Harsh 1497,"Cash Campbell,  (1528)"
Sander Brugman,M,Netherlands,,1529,", King of Netherlands",", ",1583,1609,1596,13,21,62%,12,15,80%,25,36,69%,Netherlands 1596.43, 1596.43,Sander Brugman 1529,Joert Edink 1172,"Sander Brugman, King of Netherlands,  (1529)"
Alan Wood,M,United Kingdom,,1530,", King of United Kingdom",", ",1549,1562,1556,11,18,61%,9,15,60%,20,33,61%,United Kingdom 1555.52, 1555.52,Alan Wood 1530,Joey Byrnes 2080,"Alan Wood, King of United Kingdom,  (1530)"
András Béni,M,Hungary,Esztergom,1531,,", Esztergom",1540,1500,1520,13,18,72%,0,0,N/A,13,18,72%,Hungary 1520.08,Esztergom 1520.08,András Béni 1531,John Bard 1804,"András Béni, Esztergom (1531)"
Bálint Béni,M,Hungary,Esztergom,1532,,", Esztergom",1539,1500,1519,10,19,53%,0,0,N/A,10,19,53%,Hungary 1519.25,Esztergom 1519.25,Bálint Béni 1532,John Buffington 1827,"Bálint Béni, Esztergom (1532)"
Zsolt Szabó,M,Romania,,1533,,", ",1504,1488,1496,9,18,50%,6,13,46%,15,31,48%,Romania 1495.85, 1495.85,Zsolt Szabó 1533,John Carlton 1291,"Zsolt Szabó,  (1533)"
Yoann Pidial,M,France,,1534,", King of France",", ",1532,1562,1547,9,18,50%,9,15,60%,18,33,55%,France 1546.81, 1546.81,Yoann Pidial 1534,John Cox 1353,"Yoann Pidial, King of France,  (1534)"
Sammy Nour,M,United Kingdom,,1535,,", ",1474,1456,1465,4,11,36%,5,13,38%,9,24,38%,United Kingdom 1464.89, 1464.89,Sammy Nour 1535,John Early 2022,"Sammy Nour,  (1535)"
Miklós Vincze Német,M,Romania,,1536,,", ",1490,1497,1494,6,10,60%,6,13,46%,12,23,52%,Romania 1493.67, 1493.67,Miklós Vincze Német 1536,John Gapinski 1485,"Miklós Vincze Német,  (1536)"
Sándor Vincze-Palkó,M,Romania,,1537,,", ",1486,1488,1487,4,10,40%,6,13,46%,10,23,43%,Romania 1486.73, 1486.73,Sándor Vincze-Palkó 1537,John Gray 1009,"Sándor Vincze-Palkó,  (1537)"
Adam Matyja,M,Poland,,1538,", King of Poland",", ",1449,1500,1475,4,10,40%,0,0,N/A,4,10,40%,Poland 1474.62, 1474.62,Adam Matyja 1538,John Harvey 1073,"Adam Matyja, King of Poland,  (1538)"
Zalán Zakariás,M,Romania,,1539,,", ",1436,1488,1462,2,10,20%,6,13,46%,8,23,35%,Romania 1461.76, 1461.76,Zalán Zakariás 1539,John Hildebrand 1232,"Zalán Zakariás,  (1539)"
Ben Hackney-Williams,M,United Kingdom,,1540,,", ",1429,1456,1443,3,10,30%,5,13,38%,8,23,35%,United Kingdom 1442.55, 1442.55,Ben Hackney-Williams 1540,John Keith 1451,"Ben Hackney-Williams,  (1540)"
Philipp Hampl,M,Austria,,1541,", King of Austria",", ",1452,1321,1387,2,11,18%,0,13,0%,2,24,8%,Austria 1386.61, 1386.61,Philipp Hampl 1541,John Lichti 1100,"Philipp Hampl, King of Austria,  (1541)"
Jolanda Brugman,F,Netherlands,,1542,,", ",1404,1500,1452,2,10,20%,0,0,N/A,2,10,20%,Netherlands 1452.03, 1452.03,Jolanda Brugman 1542,John Loertscher 1970,"Jolanda Brugman,  (1542)"
Zsolt Teleky,M,Romania,,1543,,", ",1403,1497,1450,3,11,27%,6,13,46%,9,24,38%,Romania 1449.95, 1449.95,Zsolt Teleky 1543,John Myers 1556,"Zsolt Teleky,  (1543)"
Anna Bubashvili,F,Georgia,,1544,,", ",1366,1321,1344,0,10,0%,0,13,0%,0,23,0%,Georgia 1343.54, 1343.54,Anna Bubashvili 1544,John Quaiser 1098,"Anna Bubashvili,  (1544)"
Orsolya Erika Szász,F,Romania,,1545,,", ",1375,1500,1438,0,11,0%,0,0,N/A,0,11,0%,Romania 1437.64, 1437.64,Orsolya Erika Szász 1545,John R. Miller 1405,"Orsolya Erika Szász,  (1545)"
Carl Sykes,M,South Carolina,,1546,,", ",1497,1500,1498,7,22,32%,0,0,N/A,7,22,32%,South Carolina 1498.46, 1498.46,Carl Sykes 1546,John Rees 1934,"Carl Sykes,  (1546)"
Kurt Hoffman,M,Maryland,,1547,,", ",1488,1500,1494,3,5,60%,0,0,N/A,3,5,60%,Maryland 1494.11, 1494.11,Kurt Hoffman 1547,John Wood 1223,"Kurt Hoffman,  (1547)"
Thomas Schlosser,M,Pennsylvania,,1548,,", ",1641,1500,1571,26,40,65%,0,0,N/A,26,40,65%,Pennsylvania 1570.62, 1570.62,Thomas Schlosser 1548,John Yorke 1961,"Thomas Schlosser,  (1548)"
Rex Lehmann,M,Florida,,1549,,", ",1531,1500,1516,5,6,83%,0,0,N/A,5,6,83%,Florida 1515.57, 1515.57,Rex Lehmann 1549,Jolanda Brugman 1542,"Rex Lehmann,  (1549)"
Andrew Freeman,M,Pennsylvania,,1550,,", ",1518,1500,1509,3,5,60%,0,0,N/A,3,5,60%,Pennsylvania 1508.83, 1508.83,Andrew Freeman 1550,Joleen Simpson 1779,"Andrew Freeman,  (1550)"
James Meyer,M,Florida,,1551,,", ",1498,1500,1499,8,13,62%,0,0,N/A,8,13,62%,Florida 1499.08, 1499.08,James Meyer 1551,Jon Baker 1289,"James Meyer,  (1551)"
Philip Preston,M,Pennsylvania,,1552,,", ",1515,1500,1507,3,5,60%,0,0,N/A,3,5,60%,Pennsylvania 1507.48, 1507.48,Philip Preston 1552,Jon Conrad 1069,"Philip Preston,  (1552)"
Brady Detwiler,M,Pennsylvania,,1553,,", ",1484,1500,1492,1,5,20%,0,0,N/A,1,5,20%,Pennsylvania 1492.02, 1492.02,Brady Detwiler 1553,Jon Gabert 1416,"Brady Detwiler,  (1553)"
Lynda Shea,F,Connecticut,,1554,", Queen of Connecticut",", ",1460,1500,1480,3,11,27%,0,0,N/A,3,11,27%,Connecticut 1480.14, 1480.14,Lynda Shea 1554,Jonathan Crawford 1349,"Lynda Shea, Queen of Connecticut,  (1554)"
Jay Schoenen,M,Pennsylvania,,1555,,", ",1450,1500,1475,2,8,25%,0,0,N/A,2,8,25%,Pennsylvania 1474.75, 1474.75,Jay Schoenen 1555,Jonathan Duffy 1731,"Jay Schoenen,  (1555)"
John Myers,M,Pennsylvania,,1556,,", ",1597,1500,1548,24,39,62%,0,0,N/A,24,39,62%,Pennsylvania 1548.26, 1548.26,John Myers 1556,Jonathan Hardy 1883,"John Myers,  (1556)"
Michael Thiessen,M,Canada,,1557,,", ",1520,1500,1510,4,5,80%,0,0,N/A,4,5,80%,Canada 1509.75, 1509.75,Michael Thiessen 1557,Jonathan Kolinski 1830,"Michael Thiessen,  (1557)"
Dan Winnowski,M,Pennsylvania,,1558,,", ",1599,1500,1549,11,14,79%,0,0,N/A,11,14,79%,Pennsylvania 1549.47, 1549.47,Dan Winnowski 1558,Jonathan Lee 1319,"Dan Winnowski,  (1558)"
David Meyaard,M,Canada,,1559,,", ",1608,1500,1554,27,44,61%,0,0,N/A,27,44,61%,Canada 1553.84, 1553.84,David Meyaard 1559,Jonathan Naylor 1638,"David Meyaard,  (1559)"
Brian Garbera,M,Virginia,,1560,,", ",1493,1500,1496,2,5,40%,0,0,N/A,2,5,40%,Virginia 1496.35, 1496.35,Brian Garbera 1560,Jonathon Leeke 1059,"Brian Garbera,  (1560)"
Sophia Collins,F,South Carolina,,1561,,", ",1519,1500,1509,15,33,45%,0,0,N/A,15,33,45%,South Carolina 1509.32, 1509.32,Sophia Collins 1561,Jordan Bross 1888,"Sophia Collins,  (1561)"
Max Jamelli,M,Pennsylvania,,1562,,", ",1488,1500,1494,3,5,60%,0,0,N/A,3,5,60%,Pennsylvania 1494.18, 1494.18,Max Jamelli 1562,Jordan Shea 1585,"Max Jamelli,  (1562)"
Christine Collins,F,South Carolina,,1563,,", ",1441,1500,1470,2,10,20%,0,0,N/A,2,10,20%,South Carolina 1470.42, 1470.42,Christine Collins 1563,Jordyn Roach 1785,"Christine Collins,  (1563)"
Christopher Houle,M,Maryland,,1564,,", ",1531,1500,1515,10,20,50%,0,0,N/A,10,20,50%,Maryland 1515.28, 1515.28,Christopher Houle 1564,José Luis Andrade 1173,"Christopher Houle,  (1564)"
Roni Breza,F,Virginia,,1565,,", ",1438,1500,1469,1,5,20%,0,0,N/A,1,5,20%,Virginia 1469.09, 1469.09,Roni Breza 1565,Joseph Betz 1626,"Roni Breza,  (1565)"
Rich Shipley,M,Maryland,,1566,,", ",1505,1500,1502,6,10,60%,0,0,N/A,6,10,60%,Maryland 1502.31, 1502.31,Rich Shipley 1566,Joseph Birnbaum 1933,"Rich Shipley,  (1566)"
Peter Putnam,M,Maryland,,1567,,", ",1495,1500,1497,2,5,40%,0,0,N/A,2,5,40%,Maryland 1497.4, 1497.4,Peter Putnam 1567,Joseph McCulloch 1623,"Peter Putnam,  (1567)"
Doug McNaron,M,Florida,,1568,,", ",1450,1500,1475,14,26,54%,0,0,N/A,14,26,54%,Florida 1475.11, 1475.11,Doug McNaron 1568,Joseph Muhle 1463,"Doug McNaron,  (1568)"
Paul Koneczny,M,Virginia,,1569,,", ",1510,1500,1505,2,5,40%,0,0,N/A,2,5,40%,Virginia 1505.18, 1505.18,Paul Koneczny 1569,Joseph Zieger 1702,"Paul Koneczny,  (1569)"
Jason Arvey,M,Virginia,,1570,,", ",1481,1500,1490,9,21,43%,0,0,N/A,9,21,43%,Virginia 1490.44, 1490.44,Jason Arvey 1570,Josh Boley 1640,"Jason Arvey,  (1570)"
Lorianne Koneczny,F,Virginia,,1571,,", ",1462,1500,1481,0,5,0%,0,0,N/A,0,5,0%,Virginia 1480.91, 1480.91,Lorianne Koneczny 1571,Josh Brown 1850,"Lorianne Koneczny,  (1571)"
Huston Johnson,M,West Virginia,,1572,,", ",1523,1500,1511,2,5,40%,0,0,N/A,2,5,40%,West Virginia 1511.38, 1511.38,Huston Johnson 1572,Josh Carrafiello 1230,"Huston Johnson,  (1572)"
Tyler Houle,M,Maryland,,1573,,", ",1482,1500,1491,7,16,44%,0,0,N/A,7,16,44%,Maryland 1491.07, 1491.07,Tyler Houle 1573,Josh Crouch 1431,"Tyler Houle,  (1573)"
Curtis Beatovich,M,Florida,,1574,", King of Florida",", ",1559,1500,1529,10,16,63%,0,0,N/A,10,16,63%,Florida 1529.33, 1529.33,Curtis Beatovich 1574,Josh Mcfadden 1034,"Curtis Beatovich, King of Florida,  (1574)"
Tim Valliere,M,New Jersey,,1575,,", ",1522,1500,1511,7,16,44%,0,0,N/A,7,16,44%,New Jersey 1511.1, 1511.1,Tim Valliere 1575,Josh Rankin 1266,"Tim Valliere,  (1575)"
Sarah Beatovich,F,Florida,,1576,,", ",1455,1500,1477,1,5,20%,0,0,N/A,1,5,20%,Florida 1477.25, 1477.25,Sarah Beatovich 1576,Josh Walters 1701,"Sarah Beatovich,  (1576)"
Paul Brenner,M,Maryland,,1577,", King of Maryland",", ",1549,1500,1525,10,17,59%,0,0,N/A,10,17,59%,Maryland 1524.69, 1524.69,Paul Brenner 1577,Joshua Acosta 1957,"Paul Brenner, King of Maryland,  (1577)"
James Parauda,M,New Jersey,,1578,", King of New Jersey",", ",1538,1500,1519,3,5,60%,0,0,N/A,3,5,60%,New Jersey 1518.95, 1518.95,James Parauda 1578,Joshua Gregory 1506,"James Parauda, King of New Jersey,  (1578)"
Todd Trahan,M,Florida,,1579,,", ",1500,1500,1500,3,5,60%,0,0,N/A,3,5,60%,Florida 1499.9, 1499.9,Todd Trahan 1579,Joshua Scott 1447,"Todd Trahan,  (1579)"
Joe Ricco,M,New York,,1580,,", ",1521,1500,1511,10,16,63%,0,0,N/A,10,16,63%,New York 1510.68, 1510.68,Joe Ricco 1580,Joshua Slominski 1773,"Joe Ricco,  (1580)"
Cooper Trahan,M,Florida,,1581,,", ",1492,1500,1496,5,10,50%,0,0,N/A,5,10,50%,Florida 1496.17, 1496.17,Cooper Trahan 1581,József Poór 1179,"Cooper Trahan,  (1581)"
Noah Heinz,M,Ohio,,1582,,", ",1457,1500,1479,1,5,20%,0,0,N/A,1,5,20%,Ohio 1478.51, 1478.51,Noah Heinz 1582,JT Salmon 1755,"Noah Heinz,  (1582)"
Evan Boone,M,Virginia,,1583,,", ",1526,1500,1513,8,17,47%,0,0,N/A,8,17,47%,Virginia 1513.2, 1513.2,Evan Boone 1583,Julie Niehenke 1901,"Evan Boone,  (1583)"
Nick Vayn,M,Pennsylvania,,1584,,", ",1477,1500,1489,4,10,40%,0,0,N/A,4,10,40%,Pennsylvania 1488.54, 1488.54,Nick Vayn 1584,Justin Adams 1315,"Nick Vayn,  (1584)"
Jordan Shea,M,Delaware,,1585,", King of Delaware",", ",1525,1500,1512,8,16,50%,0,0,N/A,8,16,50%,Delaware 1512.39, 1512.39,Jordan Shea 1585,Justin Bollinger 1710,"Jordan Shea, King of Delaware,  (1585)"
Bradley Raszewski,M,Maryland,,1586,,", ",1481,1500,1490,1,5,20%,0,0,N/A,1,5,20%,Maryland 1490.25, 1490.25,Bradley Raszewski 1586,Justin Morgan 1727,"Bradley Raszewski,  (1586)"
Corbin Strickland,M,Virginia,,1587,,", ",1474,1500,1487,6,15,40%,0,0,N/A,6,15,40%,Virginia 1487.24, 1487.24,Corbin Strickland 1587,Justin Newland 1805,"Corbin Strickland,  (1587)"
Zacary Morris,M,North Carolina,,1588,,", ",1618,1500,1559,17,24,71%,0,0,N/A,17,24,71%,North Carolina 1558.83, 1558.83,Zacary Morris 1588,Justin Parnell 1469,"Zacary Morris,  (1588)"
Orin Bichard,M,Georgia,,1589,", King of Georgia",", ",1514,1500,1507,2,5,40%,0,0,N/A,2,5,40%,Georgia 1506.82, 1506.82,Orin Bichard 1589,Justin Slater 1071,"Orin Bichard, King of Georgia,  (1589)"
Jay Matthews,M,South Carolina,,1590,,", ",1588,1500,1544,14,22,64%,0,0,N/A,14,22,64%,South Carolina 1544.05, 1544.05,Jay Matthews 1590,Justin Urdiales 1747,"Jay Matthews,  (1590)"
Rebecca Roppolo,F,Colorado,,1591,,", ",1489,1500,1494,1,5,20%,0,0,N/A,1,5,20%,Colorado 1494.36, 1494.36,Rebecca Roppolo 1591,K_I_T 1267,"Rebecca Roppolo,  (1591)"
Cary Morris,M,North Carolina,,1592,,", ",1506,1500,1503,4,5,80%,0,0,N/A,4,5,80%,North Carolina 1503.03, 1503.03,Cary Morris 1592,Kacee Larry 1517,"Cary Morris,  (1592)"
Michael Buccheri,M,Maryland,,1593,,", ",1537,1500,1519,8,17,47%,0,0,N/A,8,17,47%,Maryland 1518.63, 1518.63,Michael Buccheri 1593,Kacey Schweinfest 1510,"Michael Buccheri,  (1593)"
Carl Krosnick,M,Pennsylvania,,1594,,", ",1406,1500,1453,6,16,38%,0,0,N/A,6,16,38%,Pennsylvania 1452.99, 1452.99,Carl Krosnick 1594,Kaitlyn Roberts 1514,"Carl Krosnick,  (1594)"
Tripp Buchanan,M,North Carolina,,1595,,", ",1453,1500,1477,6,17,35%,0,0,N/A,6,17,35%,North Carolina 1476.68, 1476.68,Tripp Buchanan 1595,Karen Robinson 1233,"Tripp Buchanan,  (1595)"
Graham Krosnick,M,Pennsylvania,,1596,,", ",1421,1500,1461,5,16,31%,0,0,N/A,5,16,31%,Pennsylvania 1460.63, 1460.63,Graham Krosnick 1596,Karen Suter 1007,"Graham Krosnick,  (1596)"
Larry Jex,M,Pennsylvania,,1597,,", ",1466,1500,1483,12,27,44%,0,0,N/A,12,27,44%,Pennsylvania 1482.97, 1482.97,Larry Jex 1597,Karl Doege 1314,"Larry Jex,  (1597)"
Hannah Manley,F,Pennsylvania,,1598,,", ",1505,1500,1503,11,21,52%,0,0,N/A,11,21,52%,Pennsylvania 1502.72, 1502.72,Hannah Manley 1598,Kasey Schweinfest 1748,"Hannah Manley,  (1598)"
Mark Parauda,M,New Jersey,,1599,,", ",1524,1500,1512,3,5,60%,0,0,N/A,3,5,60%,New Jersey 1512.19, 1512.19,Mark Parauda 1599,Kasi Lumbatis 1382,"Mark Parauda,  (1599)"
Maverick Morris,M,North Carolina,,1600,,", ",1503,1500,1501,1,5,20%,0,0,N/A,1,5,20%,North Carolina 1501.3, 1501.3,Maverick Morris 1600,Katelynn Buddy 1523,"Maverick Morris,  (1600)"
Scott Houle,M,Rhode Island,,1601,", King of Rhode Island",", ",1471,1500,1485,1,5,20%,0,0,N/A,1,5,20%,Rhode Island 1485.39, 1485.39,Scott Houle 1601,Katherine Hitchings 1478,"Scott Houle, King of Rhode Island,  (1601)"
Pria Saccenti,F,Maryland,,1602,,", ",1470,1500,1485,1,5,20%,0,0,N/A,1,5,20%,Maryland 1484.98, 1484.98,Pria Saccenti 1602,Katherine McCulloch 1644,"Pria Saccenti,  (1602)"
Caiden Baralo,M,Maryland,,1603,,", ",1508,1500,1504,4,5,80%,0,0,N/A,4,5,80%,Maryland 1504.01, 1504.01,Caiden Baralo 1603,Kathryn Sidaras 1409,"Caiden Baralo,  (1603)"
Mitchell Shore,M,,,1604,,", ",1508,1500,1504,10,22,45%,0,0,N/A,10,22,45%, 1503.94, 1503.94,Mitchell Shore 1604,Kathy Geris 1095,"Mitchell Shore,  (1604)"
Chris Wildes,M,District of Columbia,,1605,", King of District of Columbia",", ",1541,1500,1521,4,5,80%,0,0,N/A,4,5,80%,District of Columbia 1520.54, 1520.54,Chris Wildes 1605,Kathy Shaffer 2014,"Chris Wildes, King of District of Columbia,  (1605)"
Tony Alfieri,M,Pennsylvania,,1606,,", ",1568,1500,1534,14,22,64%,0,0,N/A,14,22,64%,Pennsylvania 1533.77, 1533.77,Tony Alfieri 1606,Katie Ballard 1270,"Tony Alfieri,  (1606)"
Ginger Thompson,F,New York,,1607,,", ",1491,1500,1496,5,11,45%,0,0,N/A,5,11,45%,New York 1495.62, 1495.62,Ginger Thompson 1607,Katie Van Gammeren 1438,"Ginger Thompson,  (1607)"
Stephen Costa,M,Maryland,,1608,,", ",1546,1500,1523,8,11,73%,0,0,N/A,8,11,73%,Maryland 1523.06, 1523.06,Stephen Costa 1608,Katlyn Niehenke 1897,"Stephen Costa,  (1608)"
Trevor Morris,M,North Carolina,,1609,,", ",1502,1500,1501,7,15,47%,0,0,N/A,7,15,47%,North Carolina 1500.88, 1500.88,Trevor Morris 1609,Kayla Boedicker 1660,"Trevor Morris,  (1609)"
Liz Nelson,F,Maryland,,1610,,", ",1414,1500,1457,2,10,20%,0,0,N/A,2,10,20%,Maryland 1457.18, 1457.18,Liz Nelson 1610,Keith Boone 1956,"Liz Nelson,  (1610)"
Preston Saccenti,M,Maryland,,1611,,", ",1490,1500,1495,5,11,45%,0,0,N/A,5,11,45%,Maryland 1494.92, 1494.92,Preston Saccenti 1611,Keith Haddrill 1277,"Preston Saccenti,  (1611)"
Patrick Proksch,M,Virginia,,1612,,", ",1459,1500,1480,1,5,20%,0,0,N/A,1,5,20%,Virginia 1479.57, 1479.57,Patrick Proksch 1612,Keith Sibug 2045,"Patrick Proksch,  (1612)"
Linsey Saccenti,F,Maryland,,1613,,", ",1474,1500,1487,3,10,30%,0,0,N/A,3,10,30%,Maryland 1487.03, 1487.03,Linsey Saccenti 1613,Kelly Fisher 1130,"Linsey Saccenti,  (1613)"
Ian Moffitt,M,Colorado,,1614,,", ",1478,1500,1489,6,11,55%,0,0,N/A,6,11,55%,Colorado 1489.02, 1489.02,Ian Moffitt 1614,Kelly Sawyer 2035,"Ian Moffitt,  (1614)"
Felicia Alfieri,F,Pennsylvania,,1615,,", ",1523,1500,1511,7,11,64%,0,0,N/A,7,11,64%,Pennsylvania 1511.48, 1511.48,Felicia Alfieri 1615,Kelsea Westrick 1713,"Felicia Alfieri,  (1615)"
Adrian Long,M,Canada,,1616,,", ",1461,1500,1481,0,5,0%,0,0,N/A,0,5,0%,Canada 1480.66, 1480.66,Adrian Long 1616,Kelsey Marsh 1646,"Adrian Long,  (1616)"
Christian Kasilag,M,Pennsylvania,,1617,,", ",1587,1500,1543,9,11,82%,0,0,N/A,9,11,82%,Pennsylvania 1543.31, 1543.31,Christian Kasilag 1617,Kelson Grimm 1515,"Christian Kasilag,  (1617)"
Dylan Quintana,M,Pennsylvania,,1618,,", ",1534,1500,1517,3,5,60%,0,0,N/A,3,5,60%,Pennsylvania 1516.8, 1516.8,Dylan Quintana 1618,Ken Baumann 1162,"Dylan Quintana,  (1618)"
Natasha Metzger,F,Virginia,,1619,,", ",1441,1500,1471,4,10,40%,0,0,N/A,4,10,40%,Virginia 1470.5, 1470.5,Natasha Metzger 1619,Kensington Roesch 1716,"Natasha Metzger,  (1619)"
Dusty Usner,M,Pennsylvania,,1620,,", ",1540,1500,1520,13,25,52%,0,0,N/A,13,25,52%,Pennsylvania 1520.14, 1520.14,Dusty Usner 1620,Kent Robinson 1066,"Dusty Usner,  (1620)"
Caley Roark,F,Pennsylvania,,1621,,", ",1546,1500,1523,12,24,50%,0,0,N/A,12,24,50%,Pennsylvania 1522.87, 1522.87,Caley Roark 1621,Kevin Bilbrey 1361,"Caley Roark,  (1621)"
Sean McCulloch,M,Ohio,,1622,,", ",1468,1500,1484,3,10,30%,0,0,N/A,3,10,30%,Ohio 1484.19, 1484.19,Sean McCulloch 1622,Kevin Butts 1662,"Sean McCulloch,  (1622)"
Joseph McCulloch,M,Ohio,,1623,,", ",1433,1500,1466,3,10,30%,0,0,N/A,3,10,30%,Ohio 1466.26, 1466.26,Joseph McCulloch 1623,Kevin Emmons 1499,"Joseph McCulloch,  (1623)"
Michael MacMillan-Wang,M,Canada,,1624,,", ",1552,1500,1526,7,11,64%,0,0,N/A,7,11,64%,Canada 1525.98, 1525.98,Michael MacMillan-Wang 1624,Kevin F Koboldt 1287,"Michael MacMillan-Wang,  (1624)"
Matt Amitrano,M,Virginia,,1625,,", ",1483,1500,1492,8,16,50%,0,0,N/A,8,16,50%,Virginia 1491.72, 1491.72,Matt Amitrano 1625,Kevin Marsh 1656,"Matt Amitrano,  (1625)"
Joseph Betz,M,Pennsylvania,,1626,,", ",1469,1500,1485,11,22,50%,0,0,N/A,11,22,50%,Pennsylvania 1484.69, 1484.69,Joseph Betz 1626,Kevin Ranney 1241,"Joseph Betz,  (1626)"
Aaron Fuegi,M,Massachusetts,,1627,,", ",1531,1500,1516,4,5,80%,0,0,N/A,4,5,80%,Massachusetts 1515.66, 1515.66,Aaron Fuegi 1627,Kim Broyles 1489,"Aaron Fuegi,  (1627)"
Matthew O'Connor,M,New Jersey,,1628,,", ",1469,1500,1485,8,16,50%,0,0,N/A,8,16,50%,New Jersey 1484.7, 1484.7,Matthew O'Connor 1628,Kimberly Gonzalez 1783,"Matthew O'Connor,  (1628)"
Pam Przybylski-LaDue,F,New York,,1629,,", ",1428,1500,1464,5,16,31%,0,0,N/A,5,16,31%,New York 1464.21, 1464.21,Pam Przybylski-LaDue 1629,Kiran Vamsi 1180,"Pam Przybylski-LaDue,  (1629)"
Frank Hollander,M,Washington,,1630,", King of Washington",", ",1509,1500,1505,3,5,60%,0,0,N/A,3,5,60%,Washington 1504.58, 1504.58,Frank Hollander 1630,Klára Soós 1195,"Frank Hollander, King of Washington,  (1630)"
Mark Sachon,M,Pennsylvania,,1631,,", ",1458,1500,1479,4,10,40%,0,0,N/A,4,10,40%,Pennsylvania 1478.84, 1478.84,Mark Sachon 1631,Kourtney Steffen 1648,"Mark Sachon,  (1631)"
Tracy Lawson,F,Pennsylvania,,1632,,", ",1444,1500,1472,2,10,20%,0,0,N/A,2,10,20%,Pennsylvania 1472.08, 1472.08,Tracy Lawson 1632,Kristóf Lődör 1138,"Tracy Lawson,  (1632)"
Daron Schreier,M,Pennsylvania,,1633,,", ",1514,1500,1507,5,11,45%,0,0,N/A,5,11,45%,Pennsylvania 1506.87, 1506.87,Daron Schreier 1633,Kristóf Zámbó 1038,"Daron Schreier,  (1633)"
Brandon Wines,M,Pennsylvania,,1634,,", ",1475,1500,1488,2,5,40%,0,0,N/A,2,5,40%,Pennsylvania 1487.68, 1487.68,Brandon Wines 1634,Krisztián Berzlánovich 1036,"Brandon Wines,  (1634)"
Jacob Schreier,M,Pennsylvania,,1635,,", ",1480,1500,1490,6,11,55%,0,0,N/A,6,11,55%,Pennsylvania 1489.78, 1489.78,Jacob Schreier 1635,Kurt Hoffman 1547,"Jacob Schreier,  (1635)"
Christopher Sousa,M,Massachusetts,,1636,,", ",1512,1500,1506,4,10,40%,0,0,N/A,4,10,40%,Massachusetts 1505.78, 1505.78,Christopher Sousa 1636,Kurt Ruthers 1256,"Christopher Sousa,  (1636)"
Doug Kolpien,M,North Carolina,,1637,,", ",1513,1500,1507,3,5,60%,0,0,N/A,3,5,60%,North Carolina 1506.67, 1506.67,Doug Kolpien 1637,Kyla Kerby 2012,"Doug Kolpien,  (1637)"
Jonathan Naylor,M,Canada,,1638,,", ",1522,1500,1511,3,5,60%,0,0,N/A,3,5,60%,Canada 1511, 1511,Jonathan Naylor 1638,Kyle Brandon 1778,"Jonathan Naylor,  (1638)"
Chad Weaver,M,Pennsylvania,,1639,,", ",1508,1500,1504,3,5,60%,0,0,N/A,3,5,60%,Pennsylvania 1503.91, 1503.91,Chad Weaver 1639,Kyle Martin 1846,"Chad Weaver,  (1639)"
Josh Boley,M,South Carolina,,1640,,", ",1520,1500,1510,3,5,60%,0,0,N/A,3,5,60%,South Carolina 1510.1, 1510.1,Josh Boley 1640,Kyle Piper 1302,"Josh Boley,  (1640)"
Sharon Hufford,F,Pennsylvania,,1641,,", ",1483,1500,1491,1,5,20%,0,0,N/A,1,5,20%,Pennsylvania 1491.39, 1491.39,Sharon Hufford 1641,Kyle Wislocky 1889,"Sharon Hufford,  (1641)"
Bess Matthews,F,South Carolina,,1642,,", ",1484,1500,1492,4,11,36%,0,0,N/A,4,11,36%,South Carolina 1491.85, 1491.85,Bess Matthews 1642,Kyra Rubinstein 1756,"Bess Matthews,  (1642)"
Suzie Coplin,F,Pennsylvania,,1643,,", ",1456,1500,1478,1,5,20%,0,0,N/A,1,5,20%,Pennsylvania 1478.12, 1478.12,Suzie Coplin 1643,Lana Weber 2076,"Suzie Coplin,  (1643)"
Katherine McCulloch,F,Ohio,,1644,,", ",1435,1500,1468,0,5,0%,0,0,N/A,0,5,0%,Ohio 1467.72, 1467.72,Katherine McCulloch 1644,Lance Greer 1305,"Katherine McCulloch,  (1644)"
Mark Love,M,Maryland,,1645,,", ",1489,1500,1495,5,11,45%,0,0,N/A,5,11,45%,Maryland 1494.62, 1494.62,Mark Love 1645,Landon Moriconi 1445,"Mark Love,  (1645)"
Kelsey Marsh,F,Pennsylvania,,1646,,", ",1475,1500,1488,5,11,45%,0,0,N/A,5,11,45%,Pennsylvania 1487.71, 1487.71,Kelsey Marsh 1646,Larry Jex 1597,"Kelsey Marsh,  (1646)"
Xavier Rivera,M,Ohio,,1647,,", ",1480,1500,1490,3,5,60%,0,0,N/A,3,5,60%,Ohio 1490.16, 1490.16,Xavier Rivera 1647,László Bobák 1245,"Xavier Rivera,  (1647)"
Kourtney Steffen,F,Ohio,,1648,,", ",1495,1500,1498,4,11,36%,0,0,N/A,4,11,36%,Ohio 1497.66, 1497.66,Kourtney Steffen 1648,László Megyesi 1216,"Kourtney Steffen,  (1648)"
James Pristov,M,Ohio,,1649,,", ",1488,1500,1494,3,5,60%,0,0,N/A,3,5,60%,Ohio 1493.95, 1493.95,James Pristov 1649,Laura Nein 1512,"James Pristov,  (1649)"
Jasmine Jolitz,F,Wisconsin,,1650,", Queen of Wisconsin",", ",1520,1500,1510,2,5,40%,0,0,N/A,2,5,40%,Wisconsin 1509.98, 1509.98,Jasmine Jolitz 1650,Lauren Herrmann 1502,"Jasmine Jolitz, Queen of Wisconsin,  (1650)"
Aaron Schwarz,M,Ohio,,1651,,", ",1469,1500,1485,0,4,0%,0,0,N/A,0,4,0%,Ohio 1484.68, 1484.68,Aaron Schwarz 1651,Lauren Hiller 1395,"Aaron Schwarz,  (1651)"
Derrick Krenke,M,Ohio,,1652,,", ",1492,1500,1496,2,5,40%,0,0,N/A,2,5,40%,Ohio 1496.12, 1496.12,Derrick Krenke 1652,Lawrence Welby 1304,"Derrick Krenke,  (1652)"
Dakota Hart,F,Canada,,1653,,", ",1503,1500,1501,3,5,60%,0,0,N/A,3,5,60%,Canada 1501.28, 1501.28,Dakota Hart 1653,Lea Lawson 1253,"Dakota Hart,  (1653)"
Brad Wright,M,Ohio,,1654,,", ",1525,1500,1513,5,7,71%,0,0,N/A,5,7,71%,Ohio 1512.56, 1512.56,Brad Wright 1654,Leah Smith 1711,"Brad Wright,  (1654)"
Brett Tomic,M,Ohio,,1655,,", ",1470,1500,1485,2,4,50%,0,0,N/A,2,4,50%,Ohio 1485.08, 1485.08,Brett Tomic 1655,Lelle Ladányi 1051,"Brett Tomic,  (1655)"
Kevin Marsh,M,Pennsylvania,,1656,,", ",1543,1500,1521,9,14,64%,0,0,N/A,9,14,64%,Pennsylvania 1521.3, 1521.3,Kevin Marsh 1656,Len Chard 1248,"Kevin Marsh,  (1656)"
Tim Strawbridge,M,Ohio,,1657,,", ",1443,1500,1472,0,4,0%,0,0,N/A,0,4,0%,Ohio 1471.61, 1471.61,Tim Strawbridge 1657,Leo DiPadova 1854,"Tim Strawbridge,  (1657)"
Anthony Anthous,M,Ohio,,1658,,", ",1509,1500,1504,5,8,63%,0,0,N/A,5,8,63%,Ohio 1504.47, 1504.47,Anthony Anthous 1658,Leon Johnston 1903,"Anthony Anthous,  (1658)"
Summer Canter,F,Ohio,,1659,,", ",1465,1500,1482,1,5,20%,0,0,N/A,1,5,20%,Ohio 1482.49, 1482.49,Summer Canter 1659,Lerin Hill 1715,"Summer Canter,  (1659)"
Kayla Boedicker,F,Ohio,,1660,,", ",1489,1500,1494,3,7,43%,0,0,N/A,3,7,43%,Ohio 1494.26, 1494.26,Kayla Boedicker 1660,Levi Hamilton 2086,"Kayla Boedicker,  (1660)"
Nate Dick,M,Ohio,,1661,,", ",1522,1500,1511,2,5,40%,0,0,N/A,2,5,40%,Ohio 1510.86, 1510.86,Nate Dick 1661,Lexi Zumhagen 1418,"Nate Dick,  (1661)"
Kevin Butts,M,Ohio,,1662,,", ",1527,1500,1513,3,5,60%,0,0,N/A,3,5,60%,Ohio 1513.37, 1513.37,Kevin Butts 1662,Liam Davidson 1771,"Kevin Butts,  (1662)"
Rey Rodriguez,M,Ohio,,1663,,", ",1514,1500,1507,4,7,57%,0,0,N/A,4,7,57%,Ohio 1506.95, 1506.95,Rey Rodriguez 1663,Liam Gapinski 1486,"Rey Rodriguez,  (1663)"
Mark Pace,M,Ohio,,1664,,", ",1476,1500,1488,2,5,40%,0,0,N/A,2,5,40%,Ohio 1488.19, 1488.19,Mark Pace 1664,Liberty Kostrzewa 1990,"Mark Pace,  (1664)"
Rob Cole,M,Ohio,,1665,,", ",1474,1500,1487,1,5,20%,0,0,N/A,1,5,20%,Ohio 1487.06, 1487.06,Rob Cole 1665,Lillian Ammeraal 1998,"Rob Cole,  (1665)"
Trent Jackson,M,Ohio,,1666,,", ",1499,1500,1500,0,5,0%,0,0,N/A,0,5,0%,Ohio 1499.62, 1499.62,Trent Jackson 1666,Lincoln Becker 1793,"Trent Jackson,  (1666)"
Sean Ellis,M,Ohio,,1667,,", ",1507,1500,1503,5,8,63%,0,0,N/A,5,8,63%,Ohio 1503.36, 1503.36,Sean Ellis 1667,Linda Baumann 1163,"Sean Ellis,  (1667)"
Danny Malin,M,Ohio,,1668,,", ",1477,1500,1488,2,5,40%,0,0,N/A,2,5,40%,Ohio 1488.46, 1488.46,Danny Malin 1668,Lindsay Dassault 1524,"Danny Malin,  (1668)"
Trinity Feliciano,F,Ohio,,1669,,", ",1472,1500,1486,1,5,20%,0,0,N/A,1,5,20%,Ohio 1486.25, 1486.25,Trinity Feliciano 1669,Lindsey Drab 2056,"Trinity Feliciano,  (1669)"
Isaac Rivera,M,Ohio,,1670,,", ",1509,1500,1505,2,5,40%,0,0,N/A,2,5,40%,Ohio 1504.71, 1504.71,Isaac Rivera 1670,Lindsey Kacey 1516,"Isaac Rivera,  (1670)"
Mike Finucan,M,Ohio,,1671,,", ",1529,1500,1514,3,5,60%,0,0,N/A,3,5,60%,Ohio 1514.38, 1514.38,Mike Finucan 1671,Linsey Saccenti 1613,"Mike Finucan,  (1671)"
Clayton Couts,M,Pennsylvania,,1672,,", ",1511,1500,1505,3,5,60%,0,0,N/A,3,5,60%,Pennsylvania 1505.44, 1505.44,Clayton Couts 1672,Liz Nelson 1610,"Clayton Couts,  (1672)"
Nick Morgan,M,Pennsylvania,,1673,,", ",1468,1500,1484,1,5,20%,0,0,N/A,1,5,20%,Pennsylvania 1483.97, 1483.97,Nick Morgan 1673,Lloyd Wiseman 1077,"Nick Morgan,  (1673)"
Mike Stewart,M,Pennsylvania,,1674,,", ",1517,1500,1509,3,8,38%,0,0,N/A,3,8,38%,Pennsylvania 1508.72, 1508.72,Mike Stewart 1674,Logan Marks 1845,"Mike Stewart,  (1674)"
Dillon Bennett,M,Pennsylvania,,1675,,", ",1485,1500,1492,2,5,40%,0,0,N/A,2,5,40%,Pennsylvania 1492.31, 1492.31,Dillon Bennett 1675,Logan Reagan 1387,"Dillon Bennett,  (1675)"
Louis Wolf,M,Pennsylvania,,1676,,", ",1497,1500,1498,1,5,20%,0,0,N/A,1,5,20%,Pennsylvania 1498.39, 1498.39,Louis Wolf 1676,Logan Stewart 1750,"Louis Wolf,  (1676)"
Ivan Shattuck,M,Ohio,,1677,,", ",1545,1500,1522,5,8,63%,0,0,N/A,5,8,63%,Ohio 1522.3, 1522.3,Ivan Shattuck 1677,Lola Schmidt 1272,"Ivan Shattuck,  (1677)"
Matt Stull,M,Pennsylvania,,1678,,", ",1521,1500,1510,4,6,67%,0,0,N/A,4,6,67%,Pennsylvania 1510.49, 1510.49,Matt Stull 1678,Lóránt Sass 1214,"Matt Stull,  (1678)"
Ryan Clementz,M,Pennsylvania,,1679,,", ",1515,1500,1507,3,5,60%,0,0,N/A,3,5,60%,Pennsylvania 1507.47, 1507.47,Ryan Clementz 1679,Lorianne Koneczny 1571,"Ryan Clementz,  (1679)"
Joe Zieger,M,Pennsylvania,,1680,,", ",1471,1510,1490,5,11,45%,3,5,60%,8,16,50%,Pennsylvania 1490.33, 1490.33,Joe Zieger 1680,Lorne Argent 1155,"Joe Zieger,  (1680)"
Sean Cowles,M,Pennsylvania,,1681,,", ",1485,1523,1504,5,11,45%,5,5,100%,10,16,63%,Pennsylvania 1503.92, 1503.92,Sean Cowles 1681,Lou Wolf 2074,"Sean Cowles,  (1681)"
David Flora,M,Pennsylvania,,1682,,", ",1510,1500,1505,2,5,40%,0,0,N/A,2,5,40%,Pennsylvania 1505.16, 1505.16,David Flora 1682,Louis Gauthier 1080,"David Flora,  (1682)"
Daniel Jarvie,M,Pennsylvania,,1683,,", ",1498,1500,1499,3,6,50%,0,0,N/A,3,6,50%,Pennsylvania 1499.19, 1499.19,Daniel Jarvie 1683,Louis Wolf 1676,"Daniel Jarvie,  (1683)"
Drue Flora,M,Pennsylvania,,1684,,", ",1493,1500,1497,1,5,20%,0,0,N/A,1,5,20%,Pennsylvania 1496.57, 1496.57,Drue Flora 1684,Loyce Bergin 1861,"Drue Flora,  (1684)"
Alesha Cowles,F,Pennsylvania,,1685,,", ",1493,1523,1508,5,12,42%,5,5,100%,10,17,59%,Pennsylvania 1507.78, 1507.78,Alesha Cowles 1685,Lucas Finnell 1690,"Alesha Cowles,  (1685)"
Jason Tanner,M,Pennsylvania,,1686,,", ",1471,1500,1485,2,5,40%,0,0,N/A,2,5,40%,Pennsylvania 1485.39, 1485.39,Jason Tanner 1686,Luke Chuderewicz 1900,"Jason Tanner,  (1686)"
Rebecca Creasy,F,Pennsylvania,,1687,,", ",1491,1500,1496,3,5,60%,0,0,N/A,3,5,60%,Pennsylvania 1495.6, 1495.6,Rebecca Creasy 1687,Luke Hanes 1501,"Rebecca Creasy,  (1687)"
April Finnell,F,Pennsylvania,,1688,,", ",1473,1477,1475,2,5,40%,2,5,40%,4,10,40%,Pennsylvania 1474.8, 1474.8,April Finnell 1688,Luke Melton 1519,"April Finnell,  (1688)"
Nia Holyfield,F,Pennsylvania,,1689,,", ",1437,1500,1468,0,5,0%,0,0,N/A,0,5,0%,Pennsylvania 1468.31, 1468.31,Nia Holyfield 1689,Luke Moffitt 1965,"Nia Holyfield,  (1689)"
Lucas Finnell,M,Pennsylvania,,1690,,", ",1468,1477,1473,2,5,40%,2,5,40%,4,10,40%,Pennsylvania 1472.54, 1472.54,Lucas Finnell 1690,Lynda Shea 1554,"Lucas Finnell,  (1690)"
Amanda Rouse,F,Pennsylvania,,1691,,", ",1475,1500,1488,2,5,40%,0,0,N/A,2,5,40%,Pennsylvania 1487.63, 1487.63,Amanda Rouse 1691,Lynette Bates 1802,"Amanda Rouse,  (1691)"
Gary Schaefers,M,Pennsylvania,,1692,,", ",1514,1510,1512,3,6,50%,3,5,60%,6,11,55%,Pennsylvania 1511.94, 1511.94,Gary Schaefers 1692,Lynn Chalfoun 1949,"Gary Schaefers,  (1692)"
Tessa Barancik,F,Pennsylvania,,1693,,", ",1461,1500,1480,2,5,40%,0,0,N/A,2,5,40%,Pennsylvania 1480.33, 1480.33,Tessa Barancik 1693,Mack Mack 1808,"Tessa Barancik,  (1693)"
Christopher Westrick,,Ohio,,1694,,", ",1505,1517,1511,4,9,44%,2,5,40%,6,14,43%,Ohio 1510.75, 1510.75,Christopher Westrick 1694,Maisie Burdett 1955,"Christopher Westrick,  (1694)"
Tristan Gregory-Brown,,Ohio,,1695,,", ",1475,1500,1487,3,6,50%,0,0,N/A,3,6,50%,Ohio 1487.39, 1487.39,Tristan Gregory-Brown 1695,Malcolm Patton 1872,"Tristan Gregory-Brown,  (1695)"
Steven Meringolo,,Ohio,,1696,,", ",1522,1500,1511,4,6,67%,0,0,N/A,4,6,67%,Ohio 1511.24, 1511.24,Steven Meringolo 1696,Manoah Jongsma 1128,"Steven Meringolo,  (1696)"
Robert Munro,,Michigan,,1697,,", ",1546,1520,1533,16,27,59%,5,9,56%,21,36,58%,Michigan 1532.89, 1532.89,Robert Munro 1697,Maradyn Wood 1221,"Robert Munro,  (1697)"
Brian Roesch,,North Carolina,,1698,,", ",1524,1517,1521,4,12,33%,3,5,60%,7,17,41%,North Carolina 1520.6, 1520.6,Brian Roesch 1698,Marc Zumhagen 1412,"Brian Roesch,  (1698)"
Rebecca Dunn,,Belgium,,1699,,", ",1432,1500,1466,3,12,25%,0,0,N/A,3,12,25%,Belgium 1465.77, 1465.77,Rebecca Dunn 1699,Maria Franey 1924,"Rebecca Dunn,  (1699)"
Richard Magnet,,California,,1700,,", ",1493,1500,1496,3,6,50%,0,0,N/A,3,6,50%,California 1496.27, 1496.27,Richard Magnet 1700,Marilyn Thompson 1168,"Richard Magnet,  (1700)"
Josh Walters,,Indiana,,1701,,", ",1500,1510,1505,0,0,N/A,3,5,60%,3,5,60%,Indiana 1504.8, 1504.8,Josh Walters 1701,Mario Iglesias 1294,"Josh Walters,  (1701)"
Joseph Zieger,,,,1702,,", ",1462,1500,1481,3,6,50%,0,0,N/A,3,6,50%, 1481.23, 1481.23,Joseph Zieger 1702,Mark Comfort 1284,"Joseph Zieger,  (1702)"
James Flatt,,,,1703,,", ",1504,1500,1502,4,6,67%,0,0,N/A,4,6,67%, 1501.94, 1501.94,James Flatt 1703,Mark Davis 1941,"James Flatt,  (1703)"
Richard Matney,,,,1704,,", ",1567,1554,1560,7,11,64%,5,8,63%,12,19,63%, 1560.1, 1560.1,Richard Matney 1704,Mark Franzoni 1800,"Richard Matney,  (1704)"
Casey Kempton,,,,1705,,", ",1497,1500,1499,3,6,50%,0,0,N/A,3,6,50%, 1498.69, 1498.69,Casey Kempton 1705,Mark Gallas 1251,"Casey Kempton,  (1705)"
Jason Baab,,,,1706,,", ",1498,1500,1499,2,5,40%,0,0,N/A,2,5,40%, 1498.81, 1498.81,Jason Baab 1706,Mark Love 1645,"Jason Baab,  (1706)"
Derrick Jung,,,,1707,,", ",1466,1500,1483,3,6,50%,0,0,N/A,3,6,50%, 1482.8, 1482.8,Derrick Jung 1707,Mark Malecki 1239,"Derrick Jung,  (1707)"
Eric Curry,,,,1708,,", ",1455,1513,1484,3,6,50%,3,5,60%,6,11,55%, 1483.8, 1483.8,Eric Curry 1708,Mark Pace 1664,"Eric Curry,  (1708)"
Christopher Anderson,,,,1709,,", ",1534,1500,1517,4,7,57%,0,0,N/A,4,7,57%, 1516.99, 1516.99,Christopher Anderson 1709,Mark Parauda 1599,"Christopher Anderson,  (1709)"
Justin Bollinger,,,,1710,,", ",1464,1500,1482,1,5,20%,0,0,N/A,1,5,20%, 1481.84, 1481.84,Justin Bollinger 1710,Mark Sachon 1631,"Justin Bollinger,  (1710)"
Leah Smith,,,,1711,,", ",1445,1500,1472,0,5,0%,0,0,N/A,0,5,0%, 1472.44, 1472.44,Leah Smith 1711,Mark Warrell 1408,"Leah Smith,  (1711)"
Ashley Roesch,,,,1712,,", ",1462,1517,1489,4,12,33%,3,5,60%,7,17,41%, 1489.34, 1489.34,Ashley Roesch 1712,Mark Wolff 1264,"Ashley Roesch,  (1712)"
Kelsea Westrick,,,,1713,,", ",1494,1517,1505,2,6,33%,2,5,40%,4,11,36%, 1505.48, 1505.48,Kelsea Westrick 1713,Markus Borsch 1461,"Kelsea Westrick,  (1713)"
Bennett Roesch,,,,1714,,", ",1437,1500,1469,1,5,20%,0,0,N/A,1,5,20%, 1468.5, 1468.5,Bennett Roesch 1714,Marlene Bezila 1454,"Bennett Roesch,  (1714)"
Lerin Hill,,,,1715,,", ",1495,1511,1503,3,8,38%,3,5,60%,6,13,46%, 1502.93, 1502.93,Lerin Hill 1715,Marlene Kuty 2019,"Lerin Hill,  (1715)"
Kensington Roesch,,,,1716,,", ",1423,1500,1461,4,11,36%,0,0,N/A,4,11,36%, 1461.4, 1461.4,Kensington Roesch 1716,Marnie Kolinski 1829,"Kensington Roesch,  (1716)"
Zach Abbey,,,,1717,,", ",1513,1500,1506,2,6,33%,0,0,N/A,2,6,33%, 1506.46, 1506.46,Zach Abbey 1717,Mars Peifer 1745,"Zach Abbey,  (1717)"
Cory Mathis,,,,1718,,", ",1491,1500,1495,2,6,33%,0,0,N/A,2,6,33%, 1495.33, 1495.33,Cory Mathis 1718,Martin Losiewicz 1450,"Cory Mathis,  (1718)"
Gary Sheldon,,,,1719,,", ",1477,1500,1489,2,6,33%,0,0,N/A,2,6,33%, 1488.6, 1488.6,Gary Sheldon 1719,Martina Masters 1737,"Gary Sheldon,  (1719)"
Brittany Baab,,,,1720,,", ",1427,1500,1463,1,6,17%,0,0,N/A,1,6,17%, 1463.38, 1463.38,Brittany Baab 1720,Márton Karli 1143,"Brittany Baab,  (1720)"
Michael Castiglia,,,,1721,,", ",1500,1554,1527,0,0,N/A,5,8,63%,5,8,63%, 1526.81, 1526.81,Michael Castiglia 1721,Márton Tőrös 1144,"Michael Castiglia,  (1721)"
Andrew Stiles,,,,1722,,", ",1530,1520,1525,4,6,67%,5,9,56%,9,15,60%, 1525, 1525,Andrew Stiles 1722,Marty Brown 2061,"Andrew Stiles,  (1722)"
Natalie McCollum,,,,1723,,", ",1500,1560,1530,0,0,N/A,6,10,60%,6,10,60%, 1530.05, 1530.05,Natalie McCollum 1723,Mary Stark 1989,"Natalie McCollum,  (1723)"
Nick McCollum,,,,1724,,", ",1500,1560,1530,0,0,N/A,6,10,60%,6,10,60%, 1530.05, 1530.05,Nick McCollum 1724,Mary-Ann Johnston 1129,"Nick McCollum,  (1724)"
Erich Walters,,,,1725,,", ",1500,1510,1505,0,0,N/A,3,5,60%,3,5,60%, 1504.8, 1504.8,Erich Walters 1725,Mason Pierce 1374,"Erich Walters,  (1725)"
Rich Swartzwelder,,,,1726,,", ",1500,1518,1509,0,0,N/A,3,5,60%,3,5,60%, 1509.02, 1509.02,Rich Swartzwelder 1726,Matt Amitrano 1625,"Rich Swartzwelder,  (1726)"
Justin Morgan,,Ohio,,1727,,", ",1574,1500,1537,10,13,77%,0,0,N/A,10,13,77%,Ohio 1536.9, 1536.9,Justin Morgan 1727,Matt Antonich 1026,"Justin Morgan,  (1727)"
Rachel Reese,,,,1728,,", ",1500,1512,1506,0,0,N/A,3,5,60%,3,5,60%, 1505.96, 1505.96,Rachel Reese 1728,Matt Brown 1081,"Rachel Reese,  (1728)"
Jared Charlson,,,,1729,,", ",1500,1512,1506,0,0,N/A,3,5,60%,3,5,60%, 1505.96, 1505.96,Jared Charlson 1729,Matt Cupp 1862,"Jared Charlson,  (1729)"
Daniel Livergood,,,,1730,,", ",1500,1513,1506,0,0,N/A,6,10,60%,6,10,60%, 1506.38, 1506.38,Daniel Livergood 1730,Matt Hammond 1428,"Daniel Livergood,  (1730)"
Jonathan Duffy,,,,1731,,", ",1500,1513,1506,0,0,N/A,6,10,60%,6,10,60%, 1506.38, 1506.38,Jonathan Duffy 1731,Matt Huddy 1487,"Jonathan Duffy,  (1731)"
Francesca Roth,,,,1732,,", ",1500,1495,1497,0,0,N/A,3,5,60%,3,5,60%, 1497.43, 1497.43,Francesca Roth 1732,Matt Kelly 1303,"Francesca Roth,  (1732)"
Ricky Guariglia,,,,1733,,", ",1500,1495,1497,0,0,N/A,3,5,60%,3,5,60%, 1497.43, 1497.43,Ricky Guariglia 1733,Matt Koch 1769,"Ricky Guariglia,  (1733)"
Brent Thelen,,,,1734,,", ",1500,1497,1499,0,0,N/A,3,5,60%,3,5,60%, 1498.58, 1498.58,Brent Thelen 1734,Matt Korda 1936,"Brent Thelen,  (1734)"
Jamshid Zonoozi,,,,1735,,", ",1500,1497,1499,0,0,N/A,3,5,60%,3,5,60%, 1498.58, 1498.58,Jamshid Zonoozi 1735,Matt Slagle 1867,"Jamshid Zonoozi,  (1735)"
Alex Emmert,,Maryland,,1736,,", ",1490,1509,1499,4,8,50%,2,5,40%,6,13,46%,Maryland 1499.32, 1499.32,Alex Emmert 1736,Matt Stull 1678,"Alex Emmert,  (1736)"
Martina Masters,,,,1737,,", ",1500,1474,1487,0,0,N/A,2,5,40%,2,5,40%, 1486.77, 1486.77,Martina Masters 1737,Matt Sutton 1378,"Martina Masters,  (1737)"
Jeff Adamus,,,,1738,,", ",1500,1513,1507,0,0,N/A,2,5,40%,2,5,40%, 1506.64, 1506.64,Jeff Adamus 1738,Matthew Aukeman 2085,"Jeff Adamus,  (1738)"
Trisha Adamus,,,,1739,,", ",1500,1513,1507,0,0,N/A,2,5,40%,2,5,40%, 1506.64, 1506.64,Trisha Adamus 1739,Matthew Averitt 1759,"Trisha Adamus,  (1739)"
Javier Fernandez,,,,1740,,", ",1500,1483,1492,0,0,N/A,2,5,40%,2,5,40%, 1491.61, 1491.61,Javier Fernandez 1740,Matthew Conroy 1397,"Javier Fernandez,  (1740)"
Megan Fernandez,,,,1741,,", ",1500,1483,1492,0,0,N/A,2,5,40%,2,5,40%, 1491.61, 1491.61,Megan Fernandez 1741,Matthew Duncan 2016,"Megan Fernandez,  (1741)"
Chris Walters,,,,1742,,", ",1500,1486,1493,0,0,N/A,1,5,20%,1,5,20%, 1493.01, 1493.01,Chris Walters 1742,Matthew Hubecky 1312,"Chris Walters,  (1742)"
Ben Walters,,,,1743,,", ",1500,1486,1493,0,0,N/A,1,5,20%,1,5,20%, 1493.01, 1493.01,Ben Walters 1743,Matthew McDonald 1368,"Ben Walters,  (1743)"
Nat Roth,,,,1744,,", ",1500,1480,1490,0,0,N/A,2,5,40%,2,5,40%, 1490.03, 1490.03,Nat Roth 1744,Matthew Mullan 1455,"Nat Roth,  (1744)"
Mars Peifer,,,,1745,,", ",1500,1480,1490,0,0,N/A,2,5,40%,2,5,40%, 1490.03, 1490.03,Mars Peifer 1745,Matthew O'Connor 1628,"Mars Peifer,  (1745)"
Rachael Massi,,,,1746,,", ",1500,1478,1489,0,0,N/A,1,5,20%,1,5,20%, 1488.94, 1488.94,Rachael Massi 1746,Matthew Start 2029,"Rachael Massi,  (1746)"
Justin Urdiales,,,,1747,,", ",1500,1478,1489,0,0,N/A,1,5,20%,1,5,20%, 1488.94, 1488.94,Justin Urdiales 1747,Maverick Morris 1600,"Justin Urdiales,  (1747)"
Kasey Schweinfest,,,,1748,,", ",1500,1466,1483,0,0,N/A,1,5,20%,1,5,20%, 1482.85, 1482.85,Kasey Schweinfest 1748,Max Jamelli 1562,"Kasey Schweinfest,  (1748)"
Seren Brumfield,,,,1749,,", ",1500,1466,1483,0,0,N/A,1,5,20%,1,5,20%, 1482.85, 1482.85,Seren Brumfield 1749,Max Karimnia 1318,"Seren Brumfield,  (1749)"
Logan Stewart,,,,1750,,", ",1500,1450,1475,0,0,N/A,1,5,20%,1,5,20%, 1475.19, 1475.19,Logan Stewart 1750,Max Zeller 1286,"Logan Stewart,  (1750)"
Callum Stewart,,,,1751,,", ",1500,1450,1475,0,0,N/A,1,5,20%,1,5,20%, 1475.19, 1475.19,Callum Stewart 1751,Maxine Whitmore 1200,"Callum Stewart,  (1751)"
Noah Dunn,,,,1752,,", ",1500,1469,1484,0,0,N/A,1,5,20%,1,5,20%, 1484.28, 1484.28,Noah Dunn 1752,Maxwell Thompson 2079,"Noah Dunn,  (1752)"
Sam Bahnert,,,,1753,,", ",1519,1500,1509,4,9,44%,0,0,N/A,4,9,44%, 1509.32, 1509.32,Sam Bahnert 1753,Megan Alfieri 1975,"Sam Bahnert,  (1753)"
Emily Brodbeck,,,,1754,,", ",1451,1519,1485,2,6,33%,3,5,60%,5,11,45%, 1484.66, 1484.66,Emily Brodbeck 1754,Megan Brown 1974,"Emily Brodbeck,  (1754)"
JT Salmon,,,,1755,,", ",1460,1484,1472,1,6,17%,2,5,40%,3,11,27%, 1471.98, 1471.98,JT Salmon 1755,Megan Fernandez 1741,"JT Salmon,  (1755)"
Kyra Rubinstein,,,,1756,,", ",1487,1450,1469,3,6,50%,1,5,20%,4,11,36%, 1468.77, 1468.77,Kyra Rubinstein 1756,Megan Manley 1963,"Kyra Rubinstein,  (1756)"
Chanse Reddick,,,,1757,,", ",1486,1500,1493,3,6,50%,0,0,N/A,3,6,50%, 1492.79, 1492.79,Chanse Reddick 1757,Mel Stupka 1379,"Chanse Reddick,  (1757)"
Yvonne Vincent,,,,1758,,", ",1492,1500,1496,3,6,50%,0,0,N/A,3,6,50%, 1496.16, 1496.16,Yvonne Vincent 1758,Melanie Grimm 1522,"Yvonne Vincent,  (1758)"
Matthew Averitt,,,,1759,,", ",1485,1500,1492,3,6,50%,0,0,N/A,3,6,50%, 1492.35, 1492.35,Matthew Averitt 1759,Melissa Schewe 1373,"Matthew Averitt,  (1759)"
Chris Ellinger,,,,1760,,", ",1489,1500,1495,1,6,17%,0,0,N/A,1,6,17%, 1494.58, 1494.58,Chris Ellinger 1760,Melyssa Jones 1782,"Chris Ellinger,  (1760)"
Zachary Niehaus,,,,1761,,", ",1429,1520,1475,1,6,17%,2,4,50%,3,10,30%, 1474.63, 1474.63,Zachary Niehaus 1761,Meredith Morgan 1470,"Zachary Niehaus,  (1761)"
Jeffrey Starkey,,,,1762,,", ",1500,1537,1518,0,0,N/A,6,8,75%,6,8,75%, 1518.44, 1518.44,Jeffrey Starkey 1762,Micah Sawyer 2036,"Jeffrey Starkey,  (1762)"
Jacob Jackson,,,,1763,,", ",1500,1537,1518,0,0,N/A,6,8,75%,6,8,75%, 1518.44, 1518.44,Jacob Jackson 1763,Michael Barth 1342,"Jacob Jackson,  (1763)"
Derek Perkins,,,,1764,,", ",1500,1532,1516,0,0,N/A,3,5,60%,3,5,60%, 1516.19, 1516.19,Derek Perkins 1764,Michael Brumfield 1799,"Derek Perkins,  (1764)"
Jason Perkins,,,,1765,,", ",1500,1532,1516,0,0,N/A,3,5,60%,3,5,60%, 1516.19, 1516.19,Jason Perkins 1765,Michael Buccheri 1593,"Jason Perkins,  (1765)"
Nicholas Curry,,,,1766,,", ",1500,1513,1506,0,0,N/A,3,5,60%,3,5,60%, 1506.33, 1506.33,Nicholas Curry 1766,Michael Castiglia 1721,"Nicholas Curry,  (1766)"
Jimmy Fain,,,,1767,,", ",1500,1502,1501,0,0,N/A,2,5,40%,2,5,40%, 1501.16, 1501.16,Jimmy Fain 1767,Michael Essary 2044,"Jimmy Fain,  (1767)"
Jenna Rindler,,,,1768,,", ",1500,1511,1505,0,0,N/A,3,5,60%,3,5,60%, 1505.42, 1505.42,Jenna Rindler 1768,Michael Garbett 2067,"Jenna Rindler,  (1768)"
Matt Koch,,,,1769,,", ",1500,1511,1505,0,0,N/A,3,5,60%,3,5,60%, 1505.42, 1505.42,Matt Koch 1769,Michael Hewitt 1058,"Matt Koch,  (1769)"
Noe Morse,,,,1770,,", ",1500,1510,1505,0,0,N/A,2,5,40%,2,5,40%, 1504.77, 1504.77,Noe Morse 1770,Michael Houze 1456,"Noe Morse,  (1770)"
Liam Davidson,,,,1771,,", ",1500,1510,1505,0,0,N/A,2,5,40%,2,5,40%, 1504.77, 1504.77,Liam Davidson 1771,Michael Hutton 1526,"Liam Davidson,  (1771)"
Ryan Archer,,,,1772,,", ",1500,1512,1506,0,0,N/A,3,5,60%,3,5,60%, 1505.88, 1505.88,Ryan Archer 1772,Michael MacMillan-Wang 1624,"Ryan Archer,  (1772)"
Joshua Slominski,,,,1773,,", ",1500,1512,1506,0,0,N/A,3,5,60%,3,5,60%, 1505.88, 1505.88,Joshua Slominski 1773,Michael Meleg 1157,"Joshua Slominski,  (1773)"
Francis Kolb,,,,1774,,", ",1500,1508,1504,0,0,N/A,4,5,80%,4,5,80%, 1503.84, 1503.84,Francis Kolb 1774,Michael Schewe 1404,"Francis Kolb,  (1774)"
Dan Losh,,,,1775,,", ",1500,1508,1504,0,0,N/A,4,5,80%,4,5,80%, 1503.84, 1503.84,Dan Losh 1775,Michael Singer 1917,"Dan Losh,  (1775)"
Sarah Becker,,,,1776,,", ",1500,1494,1497,0,0,N/A,1,5,20%,1,5,20%, 1496.83, 1496.83,Sarah Becker 1776,Michael Strauss 1973,"Sarah Becker,  (1776)"
Gabriel Becker,,,,1777,,", ",1500,1494,1497,0,0,N/A,1,5,20%,1,5,20%, 1496.83, 1496.83,Gabriel Becker 1777,Michael Thiessen 1557,"Gabriel Becker,  (1777)"
Kyle Brandon,,,,1778,,", ",1500,1502,1501,0,0,N/A,2,5,40%,2,5,40%, 1501.16, 1501.16,Kyle Brandon 1778,Michael Zimage 1866,"Kyle Brandon,  (1778)"
Joleen Simpson,,,,1779,,", ",1500,1504,1502,0,0,N/A,3,5,60%,3,5,60%, 1502.16, 1502.16,Joleen Simpson 1779,Michelle Burkhart 1893,"Joleen Simpson,  (1779)"
Paul Simpson,,,,1780,,", ",1500,1504,1502,0,0,N/A,3,5,60%,3,5,60%, 1502.16, 1502.16,Paul Simpson 1780,Michelle Iglesias 1295,"Paul Simpson,  (1780)"
Heather duLuard,,,,1781,,", ",1500,1491,1496,0,0,N/A,2,5,40%,2,5,40%, 1495.51, 1495.51,Heather duLuard 1781,Mihály Huszárik 1040,"Heather duLuard,  (1781)"
Melyssa Jones,,,,1782,,", ",1500,1469,1484,0,0,N/A,2,5,40%,2,5,40%, 1484.34, 1484.34,Melyssa Jones 1782,Mike Crowe 1951,"Melyssa Jones,  (1782)"
Kimberly Gonzalez,,,,1783,,", ",1500,1488,1494,0,0,N/A,2,5,40%,2,5,40%, 1494.06, 1494.06,Kimberly Gonzalez 1783,Mike Eldridge 1980,"Kimberly Gonzalez,  (1783)"
Devin Skelton,,,,1784,,", ",1500,1488,1494,0,0,N/A,2,5,40%,2,5,40%, 1494.06, 1494.06,Devin Skelton 1784,Mike Finucan 1671,"Devin Skelton,  (1784)"
Jordyn Roach,,,,1785,,", ",1500,1483,1491,0,0,N/A,5,10,50%,5,10,50%, 1491.26, 1491.26,Jordyn Roach 1785,Mike Hockenberry 1331,"Jordyn Roach,  (1785)"
Whitney Lovelace,,,,1786,,", ",1500,1483,1491,0,0,N/A,5,10,50%,5,10,50%, 1491.26, 1491.26,Whitney Lovelace 1786,Mike Janitor 1904,"Whitney Lovelace,  (1786)"
Paul McVay,,,,1787,,", ",1500,1480,1490,0,0,N/A,2,5,40%,2,5,40%, 1490.17, 1490.17,Paul McVay 1787,Mike Justice 2047,"Paul McVay,  (1787)"
Paul Jr. McVay,,,,1788,,", ",1500,1480,1490,0,0,N/A,2,5,40%,2,5,40%, 1490.17, 1490.17,Paul Jr. McVay 1788,Mike McNeil 1822,"Paul Jr. McVay,  (1788)"
Sarah Morgan,,,,1789,,", ",1500,1469,1484,0,0,N/A,2,5,40%,2,5,40%, 1484.34, 1484.34,Sarah Morgan 1789,Mike Milluzzi 2041,"Sarah Morgan,  (1789)"
Darren Schilling,,,,1790,,", ",1500,1467,1484,0,0,N/A,1,5,20%,1,5,20%, 1483.54, 1483.54,Darren Schilling 1790,Mike Rice 2020,"Darren Schilling,  (1790)"
Zach Becker,,,,1791,,", ",1500,1467,1484,0,0,N/A,1,5,20%,1,5,20%, 1483.54, 1483.54,Zach Becker 1791,Mike Stewart 1674,"Zach Becker,  (1791)"
Savanna Albert,,,,1792,,", ",1500,1438,1469,0,0,N/A,0,5,0%,0,5,0%, 1469.24, 1469.24,Savanna Albert 1792,Miklós Pap 1219,"Savanna Albert,  (1792)"
Lincoln Becker,,,,1793,,", ",1500,1438,1469,0,0,N/A,0,5,0%,0,5,0%, 1469.24, 1469.24,Lincoln Becker 1793,Miklós Vincze Német 1536,"Lincoln Becker,  (1793)"
Zach Sherman,,,,1794,,", ",1530,1524,1527,6,9,67%,3,5,60%,9,14,64%, 1526.83, 1526.83,Zach Sherman 1794,Miles Fountain 1476,"Zach Sherman,  (1794)"
JJ White,,,,1795,,", ",1486,1500,1493,2,6,33%,0,0,N/A,2,6,33%, 1493.06, 1493.06,JJ White 1795,Mitch L Sluyter 1325,"JJ White,  (1795)"
Roger Sikes,,,,1796,,", ",1527,1555,1541,3,6,50%,5,5,100%,8,11,73%, 1540.6, 1540.6,Roger Sikes 1796,Mitchell Shore 1604,"Roger Sikes,  (1796)"
Brian Cerullo,,,,1797,,", ",1523,1500,1512,3,6,50%,0,0,N/A,3,6,50%, 1511.6, 1511.6,Brian Cerullo 1797,Moochie Printup 1165,"Brian Cerullo,  (1797)"
Alex Jones,,,,1798,,", ",1508,1500,1504,3,6,50%,0,0,N/A,3,6,50%, 1504.24, 1504.24,Alex Jones 1798,Móric Szeszler 1213,"Alex Jones,  (1798)"
Michael Brumfield,,,,1799,,", ",1499,1500,1500,3,6,50%,0,0,N/A,3,6,50%, 1499.54, 1499.54,Michael Brumfield 1799,Mouser Henry 1204,"Michael Brumfield,  (1799)"
Mark Franzoni,,,,1800,,", ",1494,1500,1497,4,6,67%,0,0,N/A,4,6,67%, 1496.9, 1496.9,Mark Franzoni 1800,Murray Perdue 1088,"Mark Franzoni,  (1800)"
Steve Latza,,,,1801,,", ",1493,1500,1497,3,6,50%,0,0,N/A,3,6,50%, 1496.59, 1496.59,Steve Latza 1801,Nat Bellami 1490,"Steve Latza,  (1801)"
Lynette Bates,,,,1802,,", ",1480,1510,1495,2,6,33%,2,5,40%,4,11,36%, 1494.61, 1494.61,Lynette Bates 1802,Nat Roth 1744,"Lynette Bates,  (1802)"
Cory Vail,,,,1803,,", ",1479,1510,1495,2,6,33%,2,5,40%,4,11,36%, 1494.51, 1494.51,Cory Vail 1803,Natalie McCollum 1723,"Cory Vail,  (1803)"
John Bard,,,,1804,,", ",1498,1500,1499,3,6,50%,0,0,N/A,3,6,50%, 1498.96, 1498.96,John Bard 1804,Natasha Metzger 1619,"John Bard,  (1804)"
Justin Newland,,,,1805,,", ",1556,1505,1531,6,10,60%,4,7,57%,10,17,59%, 1530.79, 1530.79,Justin Newland 1805,Nate Borns 1918,"Justin Newland,  (1805)"
Jeremy Wright,,,,1806,,", ",1497,1525,1511,2,4,50%,4,5,80%,6,9,67%, 1510.94, 1510.94,Jeremy Wright 1806,Nate Dick 1661,"Jeremy Wright,  (1806)"
Aspen Newland,,,,1807,,", ",1491,1505,1498,4,6,67%,4,7,57%,8,13,62%, 1498.28, 1498.28,Aspen Newland 1807,Nathan Bellami 1432,"Aspen Newland,  (1807)"
Mack Mack,,,,1808,,", ",1500,1522,1511,0,0,N/A,3,5,60%,3,5,60%, 1511.17, 1511.17,Mack Mack 1808,Nathan Quigley 1210,"Mack Mack,  (1808)"
Galen Morse,,,,1809,,", ",1500,1522,1511,0,0,N/A,3,5,60%,3,5,60%, 1511.17, 1511.17,Galen Morse 1809,Nathan Walsh 1060,"Galen Morse,  (1809)"
Cinara Foor,,,,1810,,", ",1472,1500,1486,2,6,33%,0,0,N/A,2,6,33%, 1486.03, 1486.03,Cinara Foor 1810,Nathaniel Salmon 1873,"Cinara Foor,  (1810)"
William Parker,,,,1811,,", ",1460,1506,1483,0,6,0%,3,7,43%,3,13,23%, 1483, 1483,William Parker 1811,Neil Cook 1110,"William Parker,  (1811)"
Jeffrey Geiger,,,,1812,,", ",1500,1517,1509,0,0,N/A,3,5,60%,3,5,60%, 1508.53, 1508.53,Jeffrey Geiger 1812,Nelson Stanley 1505,"Jeffrey Geiger,  (1812)"
Tristan Neumann,,,,1813,,", ",1500,1518,1509,0,0,N/A,3,5,60%,3,5,60%, 1509.08, 1509.08,Tristan Neumann 1813,Nia Holyfield 1689,"Tristan Neumann,  (1813)"
Jacob Heiss,,,,1814,,", ",1500,1518,1509,0,0,N/A,3,5,60%,3,5,60%, 1509.08, 1509.08,Jacob Heiss 1814,Nicholas Burkhart 1887,"Jacob Heiss,  (1814)"
Jayce Rubel,,,,1815,,", ",1467,1501,1484,1,6,17%,3,5,60%,4,11,36%, 1483.55, 1483.55,Jayce Rubel 1815,Nicholas Burns 1836,"Jayce Rubel,  (1815)"
Ashley Vojtush,,Ohio,,1816,,", ",1538,1501,1519,4,6,67%,3,5,60%,7,11,64%,Ohio 1519.1, 1519.1,Ashley Vojtush 1816,Nicholas Curry 1766,"Ashley Vojtush,  (1816)"
Arthur Hogg,,,,1817,,", ",1500,1517,1509,0,0,N/A,3,5,60%,3,5,60%, 1508.53, 1508.53,Arthur Hogg 1817,Nicholas Wilson 1987,"Arthur Hogg,  (1817)"
Andrew Emmert,,,,1818,,", ",1467,1509,1488,2,6,33%,2,5,40%,4,11,36%, 1488.01, 1488.01,Andrew Emmert 1818,Nick Cheramie 1890,"Andrew Emmert,  (1818)"
Dakota Adams,,,,1819,,", ",1500,1508,1504,0,0,N/A,2,5,40%,2,5,40%, 1504.17, 1504.17,Dakota Adams 1819,Nick Garcia 1017,"Dakota Adams,  (1819)"
Cole Hockenbury,,,,1820,,", ",1500,1508,1504,0,0,N/A,2,5,40%,2,5,40%, 1504.17, 1504.17,Cole Hockenbury 1820,Nick Gardner 1851,"Cole Hockenbury,  (1820)"
Robin Genetti,,,,1821,,", ",1500,1491,1495,0,0,N/A,2,5,40%,2,5,40%, 1495.37, 1495.37,Robin Genetti 1821,Nick McCollum 1724,"Robin Genetti,  (1821)"
Mike McNeil,,,,1822,,", ",1500,1502,1501,0,0,N/A,5,10,50%,5,10,50%, 1501.04, 1501.04,Mike McNeil 1822,Nick McFadden 1322,"Mike McNeil,  (1822)"
Emily Cooney,,,,1823,,", ",1500,1483,1491,0,0,N/A,2,5,40%,2,5,40%, 1491.38, 1491.38,Emily Cooney 1823,Nick Morgan 1673,"Emily Cooney,  (1823)"
Ian Cooney,,,,1824,,", ",1500,1483,1491,0,0,N/A,2,5,40%,2,5,40%, 1491.38, 1491.38,Ian Cooney 1824,Nick Vayn 1584,"Ian Cooney,  (1824)"
Allen Lewis,,,,1825,,", ",1500,1500,1500,0,0,N/A,1,5,20%,1,5,20%, 1499.84, 1499.84,Allen Lewis 1825,Nickle Keyes 1025,"Allen Lewis,  (1825)"
Richard Mogle,,,,1826,,", ",1500,1500,1500,0,0,N/A,1,5,20%,1,5,20%, 1499.84, 1499.84,Richard Mogle 1826,Nikolett Huszárik 1041,"Richard Mogle,  (1826)"
John Buffington,,,,1827,,", ",1500,1474,1487,0,0,N/A,2,5,40%,2,5,40%, 1487.03, 1487.03,John Buffington 1827,Noah Dunn 1752,"John Buffington,  (1827)"
Evelyn Brohm,,,,1828,,", ",1500,1474,1487,0,0,N/A,2,5,40%,2,5,40%, 1487.03, 1487.03,Evelyn Brohm 1828,Noah Eberle 1838,"Evelyn Brohm,  (1828)"
Marnie Kolinski,,,,1829,,", ",1500,1484,1492,0,0,N/A,2,5,40%,2,5,40%, 1492.09, 1492.09,Marnie Kolinski 1829,Noah Heinz 1582,"Marnie Kolinski,  (1829)"
Jonathan Kolinski,,,,1830,,", ",1500,1484,1492,0,0,N/A,2,5,40%,2,5,40%, 1492.09, 1492.09,Jonathan Kolinski 1830,Noe Morse 1770,"Jonathan Kolinski,  (1830)"
Eric Byron,,,,1831,,", ",1500,1481,1490,0,0,N/A,2,5,40%,2,5,40%, 1490.26, 1490.26,Eric Byron 1831,Nolan Tracey 1122,"Eric Byron,  (1831)"
Ashley Byron,,,,1832,,", ",1500,1481,1490,0,0,N/A,2,5,40%,2,5,40%, 1490.26, 1490.26,Ashley Byron 1832,Norbert Erős 1217,"Ashley Byron,  (1832)"
Grace Cox,,,,1833,,", ",1500,1484,1492,0,0,N/A,3,5,60%,3,5,60%, 1491.84, 1491.84,Grace Cox 1833,Olga Rueda 1184,"Grace Cox,  (1833)"
Rose Mogle,,,,1834,,", ",1500,1442,1471,0,0,N/A,0,5,0%,0,5,0%, 1470.84, 1470.84,Rose Mogle 1834,Oliver Schmidt 1443,"Rose Mogle,  (1834)"
Jessica George,,,,1835,,", ",1500,1480,1490,0,0,N/A,2,4,50%,2,4,50%, 1490.17, 1490.17,Jessica George 1835,Orin Bichard 1589,"Jessica George,  (1835)"
Nicholas Burns,,,,1836,,", ",1500,1480,1490,0,0,N/A,2,4,50%,2,4,50%, 1490.17, 1490.17,Nicholas Burns 1836,Orsolya Erika Szász 1545,"Nicholas Burns,  (1836)"
Donald Eberle,,,,1837,,", ",1500,1465,1483,0,0,N/A,1,5,20%,1,5,20%, 1482.61, 1482.61,Donald Eberle 1837,Owen Shultz 2010,"Donald Eberle,  (1837)"
Noah Eberle,,,,1838,,", ",1500,1465,1483,0,0,N/A,1,5,20%,1,5,20%, 1482.61, 1482.61,Noah Eberle 1838,Pam Przybylski-LaDue 1629,"Noah Eberle,  (1838)"
Ryan Cook,,,,1839,,", ",1500,1458,1479,0,0,N/A,0,5,0%,0,5,0%, 1478.84, 1478.84,Ryan Cook 1839,Pap Miklós 1181,"Ryan Cook,  (1839)"
Caleb Cook,,,,1840,,", ",1500,1458,1479,0,0,N/A,0,5,0%,0,5,0%, 1478.84, 1478.84,Caleb Cook 1840,Pat Weber 2077,"Caleb Cook,  (1840)"
Christopher Mogle,,,,1841,,", ",1500,1442,1471,0,0,N/A,0,5,0%,0,5,0%, 1470.84, 1470.84,Christopher Mogle 1841,Patrick Proksch 1612,"Christopher Mogle,  (1841)"
Harper Buffington,,,,1842,,", ",1500,1429,1465,0,0,N/A,1,5,20%,1,5,20%, 1464.57, 1464.57,Harper Buffington 1842,Patrick Rodriguez 1907,"Harper Buffington,  (1842)"
Heather Buffington,,,,1843,,", ",1500,1429,1465,0,0,N/A,1,5,20%,1,5,20%, 1464.57, 1464.57,Heather Buffington 1843,Patrick Schaedig 1892,"Heather Buffington,  (1843)"
Benjamin Swenson,,,,1844,,", ",1511,1500,1506,5,9,56%,0,0,N/A,5,9,56%, 1505.52, 1505.52,Benjamin Swenson 1844,Paul Brenner 1577,"Benjamin Swenson,  (1844)"
Logan Marks,,,,1845,,", ",1597,1500,1549,10,13,77%,0,0,N/A,10,13,77%, 1548.64, 1548.64,Logan Marks 1845,Paul Brubacher 1085,"Logan Marks,  (1845)"
Kyle Martin,,,,1846,,", ",1526,1500,1513,6,10,60%,0,0,N/A,6,10,60%, 1512.88, 1512.88,Kyle Martin 1846,Paul Finley 1962,"Kyle Martin,  (1846)"
David Chester,,,,1847,,", ",1498,1500,1499,2,6,33%,0,0,N/A,2,6,33%, 1499.23, 1499.23,David Chester 1847,Paul Jr. McVay 1788,"David Chester,  (1847)"
Brandon Beran,,,,1848,,", ",1557,1500,1529,9,15,60%,0,0,N/A,9,15,60%, 1528.61, 1528.61,Brandon Beran 1848,Paul Koneczny 1569,"Brandon Beran,  (1848)"
Rhonda Thorpe,,,,1849,,", ",1488,1534,1511,4,8,50%,3,5,60%,7,13,54%, 1511.07, 1511.07,Rhonda Thorpe 1849,Paul McVay 1787,"Rhonda Thorpe,  (1849)"
Josh Brown,,,,1850,,", ",1526,1500,1513,3,6,50%,0,0,N/A,3,6,50%, 1512.8, 1512.8,Josh Brown 1850,Paul Simpson 1780,"Josh Brown,  (1850)"
Nick Gardner,,,,1851,,", ",1524,1500,1512,3,6,50%,0,0,N/A,3,6,50%, 1512.19, 1512.19,Nick Gardner 1851,Percy Ward 2003,"Nick Gardner,  (1851)"
Caleb Patton,,,,1852,,", ",1509,1500,1504,4,6,67%,0,0,N/A,4,6,67%, 1504.41, 1504.41,Caleb Patton 1852,Peter Carter 1105,"Caleb Patton,  (1852)"
Brad Thorpe,,,,1853,,", ",1504,1534,1519,2,6,33%,3,5,60%,5,11,45%, 1519.15, 1519.15,Brad Thorpe 1853,Peter Klaassen 1208,"Brad Thorpe,  (1853)"
Leo DiPadova,,,,1854,,", ",1505,1500,1502,3,6,50%,0,0,N/A,3,6,50%, 1502.32, 1502.32,Leo DiPadova 1854,Péter Ladányi 1052,"Leo DiPadova,  (1854)"
Aaron Cygnarowicz,,,,1855,,", ",1516,1495,1506,3,6,50%,5,8,63%,8,14,57%, 1505.5, 1505.5,Aaron Cygnarowicz 1855,Peter Myers 1972,"Aaron Cygnarowicz,  (1855)"
Curtis Hundley,,,,1856,,", ",1510,1500,1505,2,6,33%,0,0,N/A,2,6,33%, 1504.79, 1504.79,Curtis Hundley 1856,Péter Nagy 1136,"Curtis Hundley,  (1856)"
David Patton,,,,1857,,", ",1499,1500,1500,3,6,50%,0,0,N/A,3,6,50%, 1499.71, 1499.71,David Patton 1857,Peter Nein 1511,"David Patton,  (1857)"
Sean Gardner,,,,1858,,", ",1491,1500,1496,3,6,50%,0,0,N/A,3,6,50%, 1495.51, 1495.51,Sean Gardner 1858,Peter Putnam 1567,"Sean Gardner,  (1858)"
Cole Williams,,,,1859,,", ",1474,1500,1487,1,6,17%,0,0,N/A,1,6,17%, 1487.09, 1487.09,Cole Williams 1859,Peter Tarle 1091,"Cole Williams,  (1859)"
Randy Brown,,,,1860,,", ",1489,1519,1504,2,6,33%,2,5,40%,4,11,36%, 1504.26, 1504.26,Randy Brown 1860,Phil Stephens 1869,"Randy Brown,  (1860)"
Loyce Bergin,,,,1861,,", ",1493,1500,1497,3,6,50%,0,0,N/A,3,6,50%, 1496.58, 1496.58,Loyce Bergin 1861,Philip Preston 1552,"Loyce Bergin,  (1861)"
Matt Cupp,,,,1862,,", ",1487,1500,1494,2,6,33%,0,0,N/A,2,6,33%, 1493.5, 1493.5,Matt Cupp 1862,Philipp Hampl 1541,"Matt Cupp,  (1862)"
Carl Olson,,,,1863,,", ",1482,1500,1491,3,6,50%,0,0,N/A,3,6,50%, 1490.9, 1490.9,Carl Olson 1863,Preston Eickberg 1385,"Carl Olson,  (1863)"
Troy Brooks,,,,1864,,", ",1479,1500,1490,1,6,17%,0,0,N/A,1,6,17%, 1489.64, 1489.64,Troy Brooks 1864,Preston Leeke 1002,"Troy Brooks,  (1864)"
Todd Hundley,,,,1865,,", ",1476,1500,1488,2,6,33%,0,0,N/A,2,6,33%, 1488.17, 1488.17,Todd Hundley 1865,Preston Saccenti 1611,"Todd Hundley,  (1865)"
Michael Zimage,,,,1866,,", ",1469,1495,1482,1,6,17%,5,8,63%,6,14,43%, 1481.98, 1481.98,Michael Zimage 1866,Pria Jacopo 1188,"Michael Zimage,  (1866)"
Matt Slagle,,,,1867,,", ",1468,1500,1484,2,6,33%,0,0,N/A,2,6,33%, 1484.07, 1484.07,Matt Slagle 1867,Pria Saccenti 1602,"Matt Slagle,  (1867)"
Brandon House,,,,1868,,", ",1467,1500,1483,3,6,50%,0,0,N/A,3,6,50%, 1483.47, 1483.47,Brandon House 1868,Pria Stefano 1186,"Brandon House,  (1868)"
Phil Stephens,,,,1869,,", ",1500,1555,1527,0,0,N/A,5,5,100%,5,5,100%, 1527.34, 1527.34,Phil Stephens 1869,Quan Van 1415,"Phil Stephens,  (1869)"
Chad Ashmore,,,,1870,,", ",1458,1500,1479,2,6,33%,0,0,N/A,2,6,33%, 1478.81, 1478.81,Chad Ashmore 1870,Quinn Pickering 2054,"Chad Ashmore,  (1870)"
Tristan Cupp,,,,1871,,", ",1450,1500,1475,2,6,33%,0,0,N/A,2,6,33%, 1475.11, 1475.11,Tristan Cupp 1871,Rachael Massi 1746,"Tristan Cupp,  (1871)"
Malcolm Patton,,,,1872,,", ",1448,1500,1474,0,6,0%,0,0,N/A,0,6,0%, 1473.98, 1473.98,Malcolm Patton 1872,Rachael Stinson 2062,"Malcolm Patton,  (1872)"
Nathaniel Salmon,,,,1873,,", ",1500,1484,1492,0,0,N/A,2,5,40%,2,5,40%, 1491.94, 1491.94,Nathaniel Salmon 1873,Rachel Gregory 1513,"Nathaniel Salmon,  (1873)"
Dan Stephens,,,,1874,,", ",1500,1519,1510,0,0,N/A,2,5,40%,2,5,40%, 1509.51, 1509.51,Dan Stephens 1874,Rachel Reese 1728,"Dan Stephens,  (1874)"
Alex Bruckner,,,,1875,,", ",1500,1507,1503,0,0,N/A,4,7,57%,4,7,57%, 1503.41, 1503.41,Alex Bruckner 1875,Rance Hickman 1444,"Alex Bruckner,  (1875)"
Tom Rogal,,,,1876,,", ",1500,1507,1503,0,0,N/A,4,7,57%,4,7,57%, 1503.41, 1503.41,Tom Rogal 1876,Randy Brown 1860,"Tom Rogal,  (1876)"
Robert Montano,,,,1877,,", ",1500,1519,1509,0,0,N/A,3,5,60%,3,5,60%, 1509.4, 1509.4,Robert Montano 1877,Randy Nevers 1185,"Robert Montano,  (1877)"
Caleb Nesbit,,,,1878,,", ",1500,1495,1498,0,0,N/A,3,5,60%,3,5,60%, 1497.62, 1497.62,Caleb Nesbit 1878,Ray Beierling 1064,"Caleb Nesbit,  (1878)"
Jared McPherson,,,,1879,,", ",1500,1499,1500,0,0,N/A,2,5,40%,2,5,40%, 1499.62, 1499.62,Jared McPherson 1879,Ray Fields 2026,"Jared McPherson,  (1879)"
Chrissa McPherson,,,,1880,,", ",1500,1499,1500,0,0,N/A,2,5,40%,2,5,40%, 1499.62, 1499.62,Chrissa McPherson 1880,Raymond Kappes 1119,"Chrissa McPherson,  (1880)"
Ian Pegg,,,,1881,,", ",1500,1493,1496,0,0,N/A,2,5,40%,2,5,40%, 1496.35, 1496.35,Ian Pegg 1881,Rebecca Creasy 1687,"Ian Pegg,  (1881)"
Ben Nowicki,,,,1882,,", ",1500,1493,1496,0,0,N/A,2,5,40%,2,5,40%, 1496.35, 1496.35,Ben Nowicki 1882,Rebecca Dunn 1699,"Ben Nowicki,  (1882)"
Jonathan Hardy,,,,1883,,", ",1500,1486,1493,0,0,N/A,2,5,40%,2,5,40%, 1492.95, 1492.95,Jonathan Hardy 1883,Rebecca Roppolo 1591,"Jonathan Hardy,  (1883)"
Anthony Spicer,,,,1884,,", ",1500,1486,1493,0,0,N/A,2,5,40%,2,5,40%, 1492.95, 1492.95,Anthony Spicer 1884,Rebecca Stilwell 1905,"Anthony Spicer,  (1884)"
Travis Byron,,,,1885,,", ",1500,1471,1486,0,0,N/A,2,5,40%,2,5,40%, 1485.53, 1485.53,Travis Byron 1885,Reid Tracey 1123,"Travis Byron,  (1885)"
Ashley Anschutz,,,,1886,,", ",1500,1471,1486,0,0,N/A,2,5,40%,2,5,40%, 1485.53, 1485.53,Ashley Anschutz 1886,Remi Stewart 2039,"Ashley Anschutz,  (1886)"
Nicholas Burkhart,,,,1887,,", ",1500,1467,1484,0,0,N/A,2,5,40%,2,5,40%, 1483.57, 1483.57,Nicholas Burkhart 1887,Reuben Jongsma 1083,"Nicholas Burkhart,  (1887)"
Jordan Bross,,,,1888,,", ",1500,1461,1480,0,0,N/A,1,5,20%,1,5,20%, 1480.28, 1480.28,Jordan Bross 1888,Rex Johnston 1076,"Jordan Bross,  (1888)"
Kyle Wislocky,,,,1889,,", ",1500,1461,1480,0,0,N/A,1,5,20%,1,5,20%, 1480.28, 1480.28,Kyle Wislocky 1889,Rex Lehmann 1549,"Kyle Wislocky,  (1889)"
Nick Cheramie,,,,1890,,", ",1500,1450,1475,0,0,N/A,1,5,20%,1,5,20%, 1475.13, 1475.13,Nick Cheramie 1890,Rey Rodriguez 1663,"Nick Cheramie,  (1890)"
Tim Chasteen,,,,1891,,", ",1500,1476,1488,0,0,N/A,0,5,0%,0,5,0%, 1488.15, 1488.15,Tim Chasteen 1891,Rhonda Thorpe 1849,"Tim Chasteen,  (1891)"
Patrick Schaedig,,,,1892,,", ",1500,1467,1483,0,0,N/A,1,5,20%,1,5,20%, 1483.31, 1483.31,Patrick Schaedig 1892,Rich Gmys 2070,"Patrick Schaedig,  (1892)"
Michelle Burkhart,,,,1893,,", ",1500,1467,1484,0,0,N/A,2,5,40%,2,5,40%, 1483.57, 1483.57,Michelle Burkhart 1893,Rich Shipley 1566,"Michelle Burkhart,  (1893)"
Amanda Schaedig,,,,1894,,", ",1500,1467,1483,0,0,N/A,1,5,20%,1,5,20%, 1483.31, 1483.31,Amanda Schaedig 1894,Rich Swartzwelder 1726,"Amanda Schaedig,  (1894)"
Brittany Lowden,,Pennsylvania,,1895,,", ",1499,1500,1499,2,4,50%,0,0,N/A,2,4,50%,Pennsylvania 1499.32, 1499.32,Brittany Lowden 1895,Rich van den Hoven 1197,"Brittany Lowden,  (1895)"
Jessie Rodriguez,,Pennsylvania,,1896,,", ",1525,1500,1512,4,6,67%,0,0,N/A,4,6,67%,Pennsylvania 1512.48, 1512.48,Jessie Rodriguez 1896,Richard Ball 1252,"Jessie Rodriguez,  (1896)"
Katlyn Niehenke,,Pennsylvania,,1897,,", ",1464,1500,1482,0,3,0%,0,0,N/A,0,3,0%,Pennsylvania 1481.75, 1481.75,Katlyn Niehenke 1897,Richard Magnet 1700,"Katlyn Niehenke,  (1897)"
Brandon Murtaugh,,Pennsylvania,,1898,,", ",1480,1500,1490,5,12,42%,0,0,N/A,5,12,42%,Pennsylvania 1490.21, 1490.21,Brandon Murtaugh 1898,Richard Matney 1704,"Brandon Murtaugh,  (1898)"
Jay Niehenke,,Pennsylvania,,1899,,", ",1562,1500,1531,8,10,80%,0,0,N/A,8,10,80%,Pennsylvania 1531.18, 1531.18,Jay Niehenke 1899,Richard Mogle 1826,"Jay Niehenke,  (1899)"
Luke Chuderewicz,,Pennsylvania,,1900,,", ",1522,1500,1511,5,10,50%,0,0,N/A,5,10,50%,Pennsylvania 1510.77, 1510.77,Luke Chuderewicz 1900,Richard Voisin 1099,"Luke Chuderewicz,  (1900)"
Julie Niehenke,,Pennsylvania,,1901,,", ",1532,1500,1516,6,10,60%,0,0,N/A,6,10,60%,Pennsylvania 1515.79, 1515.79,Julie Niehenke 1901,Richard Willsea 1004,"Julie Niehenke,  (1901)"
Jake Boney,,Pennsylvania,,1902,,", ",1450,1500,1475,4,8,50%,0,0,N/A,4,8,50%,Pennsylvania 1475.11, 1475.11,Jake Boney 1902,Rick Ammon 1022,"Jake Boney,  (1902)"
Leon Johnston,,Pennsylvania,,1903,,", ",1529,1500,1515,7,11,64%,0,0,N/A,7,11,64%,Pennsylvania 1514.74, 1514.74,Leon Johnston 1903,Rick Hanes 1465,"Leon Johnston,  (1903)"
Mike Janitor,,Pennsylvania,,1904,,", ",1535,1500,1517,4,6,67%,0,0,N/A,4,6,67%,Pennsylvania 1517.44, 1517.44,Mike Janitor 1904,Ricky Guariglia 1733,"Mike Janitor,  (1904)"
Rebecca Stilwell,,West Virginia,,1905,,", ",1515,1500,1507,2,5,40%,0,0,N/A,2,5,40%,West Virginia 1507.3, 1507.3,Rebecca Stilwell 1905,Rob Cole 1665,"Rebecca Stilwell,  (1905)"
Zeke Drake,,Pennsylvania,,1906,,", ",1477,1500,1488,3,8,38%,0,0,N/A,3,8,38%,Pennsylvania 1488.47, 1488.47,Zeke Drake 1906,Rob Mader 1067,"Zeke Drake,  (1906)"
Patrick Rodriguez,,Pennsylvania,,1907,,", ",1480,1500,1490,0,3,0%,0,0,N/A,0,3,0%,Pennsylvania 1490.19, 1490.19,Patrick Rodriguez 1907,Rob Richardson 1021,"Patrick Rodriguez,  (1907)"
Adam Niehenke,,Pennsylvania,,1908,,", ",1489,1500,1495,4,6,67%,0,0,N/A,4,6,67%,Pennsylvania 1494.64, 1494.64,Adam Niehenke 1908,Robbie Thuot 1167,"Adam Niehenke,  (1908)"
Anton Perkins,,Pennsylvania,,1909,,", ",1499,1500,1500,3,4,75%,0,0,N/A,3,4,75%,Pennsylvania 1499.7, 1499.7,Anton Perkins 1909,Robert Bonnett 1075,"Anton Perkins,  (1909)"
Alex Carson,,Pennsylvania,,1910,,", ",1519,1500,1510,2,4,50%,0,0,N/A,2,4,50%,Pennsylvania 1509.58, 1509.58,Alex Carson 1910,Robert Cramer 1340,"Alex Carson,  (1910)"
Carla Queen,,Ohio,,1911,,", ",1505,1500,1502,2,4,50%,0,0,N/A,2,4,50%,Ohio 1502.46, 1502.46,Carla Queen 1911,Robert Gabbert 1464,"Carla Queen,  (1911)"
Ben Schanfish,,Pennsylvania,,1912,,", ",1510,1500,1505,6,8,75%,0,0,N/A,6,8,75%,Pennsylvania 1505.03, 1505.03,Ben Schanfish 1912,Robert Hooper 2009,"Ben Schanfish,  (1912)"
Brianna Yeager,,Pennsylvania,,1913,,", ",1496,1500,1498,1,4,25%,0,0,N/A,1,4,25%,Pennsylvania 1498.17, 1498.17,Brianna Yeager 1913,Robert Montano 1877,"Brianna Yeager,  (1913)"
Ryan Swaney,,Pennsylvania,,1914,,", ",1501,1489,1495,5,10,50%,4,5,80%,9,15,60%,Pennsylvania 1495.09, 1495.09,Ryan Swaney 1914,Robert Munro 1697,"Ryan Swaney,  (1914)"
Chris Reese,,Ohio,,1915,,", ",1470,1500,1485,1,4,25%,0,0,N/A,1,4,25%,Ohio 1485.24, 1485.24,Chris Reese 1915,Robert Mutter 1508,"Chris Reese,  (1915)"
Erik Walters,,Pennsylvania,,1916,,", ",1448,1500,1474,0,4,0%,0,0,N/A,0,4,0%,Pennsylvania 1473.76, 1473.76,Erik Walters 1916,Robert Pion 2033,"Erik Walters,  (1916)"
Michael Singer,,Pennsylvania,,1917,,", ",1540,1500,1520,6,7,86%,0,0,N/A,6,7,86%,Pennsylvania 1520.22, 1520.22,Michael Singer 1917,Robin Baillie 1228,"Michael Singer,  (1917)"
Nate Borns,,Maryland,,1918,,", ",1513,1500,1507,2,5,40%,0,0,N/A,2,5,40%,Maryland 1506.56, 1506.56,Nate Borns 1918,Robin Genetti 1821,"Nate Borns,  (1918)"
Spencer Myers,,Pennsylvania,,1919,,", ",1504,1500,1502,2,5,40%,0,0,N/A,2,5,40%,Pennsylvania 1502.09, 1502.09,Spencer Myers 1919,Robyn A Kratzke 1275,"Spencer Myers,  (1919)"
Jake Russell,,Ohio,,1920,,", ",1487,1500,1493,1,4,25%,0,0,N/A,1,4,25%,Ohio 1493.44, 1493.44,Jake Russell 1920,Roger Sikes 1796,"Jake Russell,  (1920)"
Emilee Leydig,,Pennsylvania,,1921,,", ",1504,1500,1502,2,4,50%,0,0,N/A,2,4,50%,Pennsylvania 1501.96, 1501.96,Emilee Leydig 1921,Roger Vaillancourt 1093,"Emilee Leydig,  (1921)"
Eri Greif,,Pennsylvania,,1922,,", ",1485,1500,1493,1,4,25%,0,0,N/A,1,4,25%,Pennsylvania 1492.74, 1492.74,Eri Greif 1922,Roman Milan 1389,"Eri Greif,  (1922)"
Andrew Kisner,,West Virginia,,1923,,", ",1500,1500,1500,2,4,50%,0,0,N/A,2,4,50%,West Virginia 1500.21, 1500.21,Andrew Kisner 1923,Ron Herrman 1205,"Andrew Kisner,  (1923)"
Maria Franey,,Ohio,,1924,,", ",1499,1500,1499,1,4,25%,0,0,N/A,1,4,25%,Ohio 1499.26, 1499.26,Maria Franey 1924,Ron Langill 1220,"Maria Franey,  (1924)"
Jeffery Karger,,New York,,1925,,", ",1485,1500,1492,1,4,25%,0,0,N/A,1,4,25%,New York 1492.3, 1492.3,Jeffery Karger 1925,Ron Reesor 1096,"Jeffery Karger,  (1925)"
Cole Woodring,,Pennsylvania,,1926,,", ",1477,1500,1489,2,4,50%,0,0,N/A,2,4,50%,Pennsylvania 1488.56, 1488.56,Cole Woodring 1926,Roni Breza 1565,"Cole Woodring,  (1926)"
Doug Gross,,New York,,1927,,", ",1474,1500,1487,1,4,25%,0,0,N/A,1,4,25%,New York 1486.78, 1486.78,Doug Gross 1927,Rose Mogle 1834,"Doug Gross,  (1927)"
Taylor Wallace,,Maryland,,1928,,", ",1469,1500,1485,0,4,0%,0,0,N/A,0,4,0%,Maryland 1484.71, 1484.71,Taylor Wallace 1928,Ross Hubbard 1400,"Taylor Wallace,  (1928)"
Todd Willis,,,,1929,,", ",1604,1500,1552,8,10,80%,0,0,N/A,8,10,80%, 1552.17, 1552.17,Todd Willis 1929,Roy Baron 1354,"Todd Willis,  (1929)"
Steve Alfieri,,Pennsylvania,,1930,,", ",1612,1500,1556,11,11,100%,0,0,N/A,11,11,100%,Pennsylvania 1555.81, 1555.81,Steve Alfieri 1930,Roy Campbell 1086,"Steve Alfieri,  (1930)"
David Chalfoun,,,,1931,,", ",1505,1500,1502,3,6,50%,0,0,N/A,3,6,50%, 1502.48, 1502.48,David Chalfoun 1931,Roy Perez 1250,"David Chalfoun,  (1931)"
Donte Saccenti,,,,1932,,", ",1524,1500,1512,4,6,67%,0,0,N/A,4,6,67%, 1512, 1512,Donte Saccenti 1932,Roy Thompson 1371,"Donte Saccenti,  (1932)"
Joseph Birnbaum,,,,1933,,", ",1578,1500,1539,10,15,67%,0,0,N/A,10,15,67%, 1539.15, 1539.15,Joseph Birnbaum 1933,Russell Daniels 1014,"Joseph Birnbaum,  (1933)"
John Rees,,,,1934,,", ",1461,1500,1481,0,6,0%,0,0,N/A,0,6,0%, 1480.63, 1480.63,John Rees 1934,Ryan Archer 1772,"John Rees,  (1934)"
David Wolfe,,,,1935,,", ",1466,1500,1483,6,12,50%,0,0,N/A,6,12,50%, 1483.05, 1483.05,David Wolfe 1935,Ryan Buhr 1346,"David Wolfe,  (1935)"
Matt Korda,,,,1936,,", ",1550,1500,1525,7,10,70%,0,0,N/A,7,10,70%, 1525.23, 1525.23,Matt Korda 1936,Ryan Clementz 1679,"Matt Korda,  (1936)"
Gunner Parauda,,,,1937,,", ",1544,1500,1522,4,6,67%,0,0,N/A,4,6,67%, 1521.9, 1521.9,Gunner Parauda 1937,Ryan Cook 1839,"Gunner Parauda,  (1937)"
Clifford Flachsenhar,,,,1938,,", ",1517,1500,1508,3,6,50%,0,0,N/A,3,6,50%, 1508.39, 1508.39,Clifford Flachsenhar 1938,Ryan Emnett 1261,"Clifford Flachsenhar,  (1938)"
Edward Mattison II,,,,1939,,", ",1546,1500,1523,8,12,67%,0,0,N/A,8,12,67%, 1523.05, 1523.05,Edward Mattison II 1939,Ryan Murphy 1452,"Edward Mattison II,  (1939)"
Antony Saccenti,,,,1940,,", ",1507,1500,1504,4,6,67%,0,0,N/A,4,6,67%, 1503.66, 1503.66,Antony Saccenti 1940,Ryan Romanik 1966,"Antony Saccenti,  (1940)"
Mark Davis,,,,1941,,", ",1480,1500,1490,3,6,50%,0,0,N/A,3,6,50%, 1489.91, 1489.91,Mark Davis 1941,Ryan Scott 1474,"Mark Davis,  (1941)"
Brandon Buchanan,,,,1942,,", ",1528,1500,1514,3,6,50%,0,0,N/A,3,6,50%, 1514.1, 1514.1,Brandon Buchanan 1942,Ryan Sullivan 2059,"Brandon Buchanan,  (1942)"
Henry Allen,,,,1943,,", ",1512,1500,1506,4,6,67%,0,0,N/A,4,6,67%, 1505.89, 1505.89,Henry Allen 1943,Ryan Swaney 1914,"Henry Allen,  (1943)"
Chris Burnett,,,,1944,,", ",1508,1500,1504,4,6,67%,0,0,N/A,4,6,67%, 1504.04, 1504.04,Chris Burnett 1944,Ryan Wolfe 1457,"Chris Burnett,  (1944)"
Tony Bosca,,,,1945,,", ",1500,1500,1500,3,6,50%,0,0,N/A,3,6,50%, 1500.02, 1500.02,Tony Bosca 1945,Sam Bahnert 1753,"Tony Bosca,  (1945)"
Brendan Crowe,,,,1946,,", ",1417,1500,1459,6,18,33%,0,0,N/A,6,18,33%, 1458.62, 1458.62,Brendan Crowe 1946,Sam Fleming 1012,"Brendan Crowe,  (1946)"
David Schneider,,,,1947,,", ",1478,1500,1489,3,6,50%,0,0,N/A,3,6,50%, 1488.9, 1488.9,David Schneider 1947,Sam Packwood 1977,"David Schneider,  (1947)"
Alex Schlosser,,,,1948,,", ",1519,1500,1510,3,6,50%,0,0,N/A,3,6,50%, 1509.57, 1509.57,Alex Schlosser 1948,Sammy Nour 1535,"Alex Schlosser,  (1948)"
Lynn Chalfoun,,,,1949,,", ",1454,1500,1477,1,6,17%,0,0,N/A,1,6,17%, 1477.09, 1477.09,Lynn Chalfoun 1949,Samuel Pak 1370,"Lynn Chalfoun,  (1949)"
James Griffith,,,,1950,,", ",1513,1500,1507,3,6,50%,0,0,N/A,3,6,50%, 1506.6, 1506.6,James Griffith 1950,Sander Brugman 1529,"James Griffith,  (1950)"
Mike Crowe,,,,1951,,", ",1444,1500,1472,9,18,50%,0,0,N/A,9,18,50%, 1471.87, 1471.87,Mike Crowe 1951,Sándor Vincze-Palkó 1537,"Mike Crowe,  (1951)"
Teresa Krosnick,,,,1952,,", ",1449,1500,1474,1,6,17%,0,0,N/A,1,6,17%, 1474.28, 1474.28,Teresa Krosnick 1952,Sandra Stanley 1504,"Teresa Krosnick,  (1952)"
Carl Crosnick,,,,1953,,", ",1500,1500,1500,0,0,N/A,0,0,N/A,0,0,N/A, 1500, 1500,Carl Crosnick 1953,Sandro Ayala 2043,"Carl Crosnick,  (1953)"
Betsy Burdett,,,,1954,,", ",1455,1500,1478,0,5,0%,0,0,N/A,0,5,0%, 1477.64, 1477.64,Betsy Burdett 1954,Sarah Beatovich 1576,"Betsy Burdett,  (1954)"
Maisie Burdett,,,,1955,,", ",1432,1500,1466,0,5,0%,0,0,N/A,0,5,0%, 1465.85, 1465.85,Maisie Burdett 1955,Sarah Becker 1776,"Maisie Burdett,  (1955)"
Keith Boone,,,,1956,,", ",1483,1500,1492,2,4,50%,0,0,N/A,2,4,50%, 1491.63, 1491.63,Keith Boone 1956,Sarah Morgan 1789,"Keith Boone,  (1956)"
Joshua Acosta,,,,1957,,", ",1513,1500,1506,3,6,50%,0,0,N/A,3,6,50%, 1506.3, 1506.3,Joshua Acosta 1957,Sarah Seto 1435,"Joshua Acosta,  (1957)"
Eric Hufford,,,,1958,,", ",1508,1500,1504,9,18,50%,0,0,N/A,9,18,50%, 1504.16, 1504.16,Eric Hufford 1958,Savanna Albert 1792,"Eric Hufford,  (1958)"
Chris Trimmer,,,,1959,,", ",1492,1500,1496,4,6,67%,0,0,N/A,4,6,67%, 1495.88, 1495.88,Chris Trimmer 1959,Scott Collins 2052,"Chris Trimmer,  (1959)"
Charles Eastman,,,,1960,,", ",1490,1500,1495,4,6,67%,0,0,N/A,4,6,67%, 1494.77, 1494.77,Charles Eastman 1960,Scott Houle 1601,"Charles Eastman,  (1960)"
John Yorke,,,,1961,,", ",1474,1500,1487,1,6,17%,0,0,N/A,1,6,17%, 1486.8, 1486.8,John Yorke 1961,Sean Boatright 2071,"John Yorke,  (1961)"
Paul Finley,,,,1962,,", ",1490,1500,1495,3,6,50%,0,0,N/A,3,6,50%, 1494.87, 1494.87,Paul Finley 1962,Sean Cowles 1681,"Paul Finley,  (1962)"
Megan Manley,,,,1963,,", ",1385,1500,1442,2,12,17%,0,0,N/A,2,12,17%, 1442.33, 1442.33,Megan Manley 1963,Sean Ellis 1667,"Megan Manley,  (1963)"
Craig Moffitt,,,,1964,,", ",1532,1500,1516,7,12,58%,0,0,N/A,7,12,58%, 1515.98, 1515.98,Craig Moffitt 1964,Sean Gardner 1858,"Craig Moffitt,  (1964)"
Luke Moffitt,,,,1965,,", ",1512,1500,1506,6,12,50%,0,0,N/A,6,12,50%, 1506.02, 1506.02,Luke Moffitt 1965,Sean McCulloch 1622,"Luke Moffitt,  (1965)"
Ryan Romanik,,,,1966,,", ",1486,1500,1493,2,6,33%,0,0,N/A,2,6,33%, 1492.8, 1492.8,Ryan Romanik 1966,Seren Brumfield 1749,"Ryan Romanik,  (1966)"
Ian Roberts,,,,1967,,", ",1446,1500,1473,1,9,11%,0,0,N/A,1,9,11%, 1473.09, 1473.09,Ian Roberts 1967,Shane Yeager 1969,"Ian Roberts,  (1967)"
Eli Kalmbacher,,,,1968,,", ",1421,1500,1460,1,9,11%,0,0,N/A,1,9,11%, 1460.47, 1460.47,Eli Kalmbacher 1968,Shannon Emmons 1500,"Eli Kalmbacher,  (1968)"
Shane Yeager,,,,1969,,", ",1520,1500,1510,9,15,60%,0,0,N/A,9,15,60%, 1509.99, 1509.99,Shane Yeager 1969,Sharon Hufford 1641,"Shane Yeager,  (1969)"
John Loertscher,,,,1970,,", ",1493,1500,1497,2,6,33%,0,0,N/A,2,6,33%, 1496.67, 1496.67,John Loertscher 1970,Shawn Schripsema 2030,"John Loertscher,  (1970)"
Edward Rader,,,,1971,,", ",1483,1500,1492,3,6,50%,0,0,N/A,3,6,50%, 1491.59, 1491.59,Edward Rader 1971,Sherri Marquardt 1015,"Edward Rader,  (1971)"
Peter Myers,,,,1972,,", ",1509,1500,1505,5,10,50%,0,0,N/A,5,10,50%, 1504.74, 1504.74,Peter Myers 1972,Sheryl Prestero 1016,"Peter Myers,  (1972)"
Michael Strauss,,,,1973,,", ",1507,1500,1503,3,6,50%,0,0,N/A,3,6,50%, 1503.26, 1503.26,Michael Strauss 1973,Sophia Collins 1561,"Michael Strauss,  (1973)"
Megan Brown,,Pennsylvania,,1974,,", ",1506,1500,1503,4,6,67%,0,0,N/A,4,6,67%,Pennsylvania 1503.03, 1503.03,Megan Brown 1974,Spencer Myers 1919,"Megan Brown,  (1974)"
Megan Alfieri,,,,1975,,", ",1501,1500,1501,2,6,33%,0,0,N/A,2,6,33%, 1500.51, 1500.51,Megan Alfieri 1975,Spenser Praska 1321,"Megan Alfieri,  (1975)"
Tom Knapp,,,,1976,,", ",1465,1500,1483,3,6,50%,0,0,N/A,3,6,50%, 1482.58, 1482.58,Tom Knapp 1976,Stacey Ancona 1333,"Tom Knapp,  (1976)"
Sam Packwood,,,,1977,,", ",1437,1500,1468,0,5,0%,0,0,N/A,0,5,0%, 1468.42, 1468.42,Sam Packwood 1977,Steffan Hiller-Ranney 1236,"Sam Packwood,  (1977)"
Aaron Birnbaum,,,,1978,,", ",1499,1500,1499,3,6,50%,0,0,N/A,3,6,50%, 1499.45, 1499.45,Aaron Birnbaum 1978,Stephanie Willsea 1005,"Aaron Birnbaum,  (1978)"
Eric Moffitt,,,,1979,,", ",1473,1500,1486,1,5,20%,0,0,N/A,1,5,20%, 1486.33, 1486.33,Eric Moffitt 1979,Stephen Costa 1608,"Eric Moffitt,  (1979)"
Mike Eldridge,,Michigan,,1980,,", ",1556,1500,1528,5,8,63%,0,0,N/A,5,8,63%,Michigan 1528.09, 1528.09,Mike Eldridge 1980,Steve Alfieri 1930,"Mike Eldridge,  (1980)"
Jeremy Stark,,Pennsylvania,,1981,,", ",1528,1500,1514,5,8,63%,0,0,N/A,5,8,63%,Pennsylvania 1513.83, 1513.83,Jeremy Stark 1981,Steve Bowden 1288,"Jeremy Stark,  (1981)"
Greg Stoike,,Michigan,,1982,,", ",1507,1500,1503,4,8,50%,0,0,N/A,4,8,50%,Michigan 1503.32, 1503.32,Greg Stoike 1982,Steve Dillon 2038,"Greg Stoike,  (1982)"
Joe Ammeraal,,Michigan,,1983,,", ",1534,1500,1517,8,15,53%,0,0,N/A,8,15,53%,Michigan 1516.77, 1516.77,Joe Ammeraal 1983,Steve Latza 1801,"Joe Ammeraal,  (1983)"
Jacob Ammeraal,,Michigan,,1984,,", ",1501,1500,1500,10,20,50%,0,0,N/A,10,20,50%,Michigan 1500.36, 1500.36,Jacob Ammeraal 1984,Steve Lefaive 1199,"Jacob Ammeraal,  (1984)"
Christopher Lucchese,,Michigan,,1985,,", ",1502,1500,1501,3,5,60%,0,0,N/A,3,5,60%,Michigan 1501.18, 1501.18,Christopher Lucchese 1985,Steve Meringolo 1366,"Christopher Lucchese,  (1985)"
Anthony Sutliff,,Michigan,,1986,,", ",1518,1500,1509,5,10,50%,0,0,N/A,5,10,50%,Michigan 1508.95, 1508.95,Anthony Sutliff 1986,Steve Wiseman 1244,"Anthony Sutliff,  (1986)"
Nicholas Wilson,,Michigan,,1987,,", ",1579,1500,1540,12,20,60%,0,0,N/A,12,20,60%,Michigan 1539.58, 1539.58,Nicholas Wilson 1987,Steve Yount 2088,"Nicholas Wilson,  (1987)"
Charlie Flanders,,Michigan,,1988,,", ",1515,1500,1508,5,11,45%,0,0,N/A,5,11,45%,Michigan 1507.63, 1507.63,Charlie Flanders 1988,Steven Brown 1000,"Charlie Flanders,  (1988)"
Mary Stark,,Pennsylvania,,1989,,", ",1489,1500,1494,1,5,20%,0,0,N/A,1,5,20%,Pennsylvania 1494.31, 1494.31,Mary Stark 1989,Steven Cox 2051,"Mary Stark,  (1989)"
Liberty Kostrzewa,,Michigan,,1990,,", ",1485,1500,1492,12,20,60%,0,0,N/A,12,20,60%,Michigan 1492.34, 1492.34,Liberty Kostrzewa 1990,Steven Meringolo 1696,"Liberty Kostrzewa,  (1990)"
Betty Flanders,,Michigan,,1991,,", ",1449,1500,1474,2,10,20%,0,0,N/A,2,10,20%,Michigan 1474.44, 1474.44,Betty Flanders 1991,Summer Canter 1659,"Betty Flanders,  (1991)"
Zachary Ruegsegger,,Michigan,,1992,,", ",1556,1500,1528,6,9,67%,0,0,N/A,6,9,67%,Michigan 1528.24, 1528.24,Zachary Ruegsegger 1992,Suzie Coplin 1643,"Zachary Ruegsegger,  (1992)"
Dominic Bierema,,Michigan,,1993,,", ",1525,1500,1512,4,5,80%,0,0,N/A,4,5,80%,Michigan 1512.31, 1512.31,Dominic Bierema 1993,Szilvia Rataj 1049,"Dominic Bierema,  (1993)"
Zach Smith,,Michigan,,1994,,", ",1530,1500,1515,3,8,38%,0,0,N/A,3,8,38%,Michigan 1514.82, 1514.82,Zach Smith 1994,Tamara Bozóki 1046,"Zach Smith,  (1994)"
Tim Bierema,,Michigan,,1995,,", ",1469,1500,1484,5,11,45%,0,0,N/A,5,11,45%,Michigan 1484.47, 1484.47,Tim Bierema 1995,Tamás Zámbó 1037,"Tim Bierema,  (1995)"
Jason Hansen,,Michigan,,1996,,", ",1499,1500,1500,2,5,40%,0,0,N/A,2,5,40%,Michigan 1499.67, 1499.67,Jason Hansen 1996,Tanner Crawford 1459,"Jason Hansen,  (1996)"
Bill Bickel,,Michigan,,1997,,", ",1510,1500,1505,2,5,40%,0,0,N/A,2,5,40%,Michigan 1505, 1505,Bill Bickel 1997,Taylor Brown 1280,"Bill Bickel,  (1997)"
Lillian Ammeraal,,Michigan,,1998,,", ",1470,1500,1485,9,20,45%,0,0,N/A,9,20,45%,Michigan 1485.05, 1485.05,Lillian Ammeraal 1998,Taylor Hoener 1365,"Lillian Ammeraal,  (1998)"
Eric Neitzel,,Michigan,,1999,,,1463,1500,1482,,,,,,,0,0,N/A,Michigan 1481.68, 1481.68,Eric Neitzel 1999,Taylor Myers 1446,Eric Neitzel (1999)
James Young,,Michigan,,2000,,,1491,1500,1496,,,,,,,0,0,N/A,Michigan 1495.63, 1495.63,James Young 2000,Taylor Snyder 1430,James Young (2000)
Chelsea Smith,,Michigan,,2001,,,1484,1500,1492,,,,,,,0,0,N/A,Michigan 1492, 1492,Chelsea Smith 2001,Taylor Wallace 1928,Chelsea Smith (2001)
Brooklyn Bierema,,Michigan,,2002,,,1475,1500,1487,,,,,,,0,0,N/A,Michigan 1487.3, 1487.3,Brooklyn Bierema 2002,Teresa Krosnick 1952,Brooklyn Bierema (2002)
Percy Ward,,Michigan,,2003,,,1475,1500,1488,,,,,,,0,0,N/A,Michigan 1487.59, 1487.59,Percy Ward 2003,Tessa Barancik 1693,Percy Ward (2003)
Felipe Montell Avila,,Michigan,,2004,,,1475,1500,1487,,,,,,,0,0,N/A,Michigan 1487.32, 1487.32,Felipe Montell Avila 2004,Theodore Lovinski 1376,Felipe Montell Avila (2004)
Brody Bierema,,Michigan,,2005,,,1438,1500,1469,,,,,,,0,0,N/A,Michigan 1469.03, 1469.03,Brody Bierema 2005,Thomas Schlosser 1548,Brody Bierema (2005)
Ben Flanders,,Michigan,,2006,,,1531,1500,1515,,,,,,,0,0,N/A,Michigan 1515.45, 1515.45,Ben Flanders 2006,Thomas Sharpe 1154,Ben Flanders (2006)
Courtney Saville,,Michigan,,2007,,,1463,1500,1481,,,,,,,0,0,N/A,Michigan 1481.38, 1481.38,Courtney Saville 2007,Tim Bierema 1995,Courtney Saville (2007)
Chandler Ross,,Michigan,,2008,,,1426,1500,1463,,,,,,,0,0,N/A,Michigan 1463.16, 1463.16,Chandler Ross 2008,Tim Chasteen 1891,Chandler Ross (2008)
Robert Hooper,,Indiana,,2009,,,1507,1500,1504,,,,,,,0,0,N/A,Indiana 1503.67, 1503.67,Robert Hooper 2009,Tim Lind 2075,Robert Hooper (2009)
Owen Shultz,,Michigan,,2010,,,1476,1500,1488,,,,,,,0,0,N/A,Michigan 1487.87, 1487.87,Owen Shultz 2010,Tim Strawbridge 1657,Owen Shultz (2010)
Bryan Kerby,,Michigan,,2011,,,1512,1500,1506,,,,,,,0,0,N/A,Michigan 1506.01, 1506.01,Bryan Kerby 2011,Tim Valliere 1575,Bryan Kerby (2011)
Kyla Kerby,,Michigan,,2012,,,1460,1500,1480,,,,,,,0,0,N/A,Michigan 1479.8, 1479.8,Kyla Kerby 2012,Timothy Chasteen 1460,Kyla Kerby (2012)
Cameron Sauser,,Michigan,,2013,,,1505,1500,1503,,,,,,,0,0,N/A,Michigan 1502.6, 1502.6,Cameron Sauser 2013,Timothy Thannum 1293,Cameron Sauser (2013)
Kathy Shaffer,,Michigan,,2014,,,1505,1500,1502,,,,,,,0,0,N/A,Michigan 1502.32, 1502.32,Kathy Shaffer 2014,Tobias Mcfadden 1033,Kathy Shaffer (2014)
Diana Silguero,,Michigan,,2015,,,1513,1500,1507,,,,,,,0,0,N/A,Michigan 1506.55, 1506.55,Diana Silguero 2015,Todd Hundley 1865,Diana Silguero (2015)
Matthew Duncan,,Michigan,,2016,,,1432,1500,1466,,,,,,,0,0,N/A,Michigan 1466.21, 1466.21,Matthew Duncan 2016,Todd Trahan 1579,Matthew Duncan (2016)
Adam Vass,,Michigan,,2017,,,1503,1500,1502,,,,,,,0,0,N/A,Michigan 1501.65, 1501.65,Adam Vass 2017,Todd Willis 1929,Adam Vass (2017)
Cody Saville,,Michigan,,2018,,,1517,1500,1508,,,,,,,0,0,N/A,Michigan 1508.35, 1508.35,Cody Saville 2018,Tom Johnston 1087,Cody Saville (2018)
Marlene Kuty,,Michigan,,2019,,,1508,1500,1504,,,,,,,0,0,N/A,Michigan 1503.77, 1503.77,Marlene Kuty 2019,Tom Knapp 1976,Marlene Kuty (2019)
Mike Rice,,Indiana,,2020,,,1518,1500,1509,,,,,,,0,0,N/A,Indiana 1508.81, 1508.81,Mike Rice 2020,Tom Plutt 2069,Mike Rice (2020)
Cal Palazzolo,,Michigan,,2021,,,1576,1500,1538,,,,,,,0,0,N/A,Michigan 1537.96, 1537.96,Cal Palazzolo 2021,Tom Rogal 1876,Cal Palazzolo (2021)
John Early,,Michigan,,2022,,,1502,1500,1501,,,,,,,0,0,N/A,Michigan 1500.97, 1500.97,John Early 2022,Tom Walsh 1132,John Early (2022)
Eni Buchanan,,Michigan,,2023,,,1452,1500,1476,,,,,,,0,0,N/A,Michigan 1475.9, 1475.9,Eni Buchanan 2023,Tony Alfieri 1606,Eni Buchanan (2023)
Brian Christie,,Michigan,,2024,,,1505,1500,1502,,,,,,,0,0,N/A,Michigan 1502.26, 1502.26,Brian Christie 2024,Tony Bosca 1945,Brian Christie (2024)
Jason Slingerland,,Michigan,,2025,,,1522,1500,1511,,,,,,,0,0,N/A,Michigan 1510.96, 1510.96,Jason Slingerland 2025,Tony van den Hoven 1198,Jason Slingerland (2025)
Ray Fields,,Michigan,,2026,,,1508,1500,1504,,,,,,,0,0,N/A,Michigan 1503.99, 1503.99,Ray Fields 2026,Tracey Bennett 1471,Ray Fields (2026)
Andrew Huber,,Michigan,,2027,,,1468,1500,1484,,,,,,,0,0,N/A,Michigan 1483.83, 1483.83,Andrew Huber 2027,Tracy Lawson 1632,Andrew Huber (2027)
Travis Magrum,,Ohio,,2028,,,1481,1500,1490,,,,,,,0,0,N/A,Ohio 1490.3, 1490.3,Travis Magrum 2028,Travis Byron 1885,Travis Magrum (2028)
Matthew Start,,Michigan,,2029,,,1501,1500,1501,,,,,,,0,0,N/A,Michigan 1500.72, 1500.72,Matthew Start 2029,Travis Fell 2048,Matthew Start (2029)
Shawn Schripsema,,Michigan,,2030,,,1520,1500,1510,,,,,,,0,0,N/A,Michigan 1510.23, 1510.23,Shawn Schripsema 2030,Travis Magrum 2028,Shawn Schripsema (2030)
Beth Schripsema,,Michigan,,2031,,,1480,1500,1490,,,,,,,0,0,N/A,Michigan 1489.87, 1489.87,Beth Schripsema 2031,Trent Jackson 1666,Beth Schripsema (2031)
Hunter Schripsema,,Michigan,,2032,,,1482,1500,1491,,,,,,,0,0,N/A,Michigan 1491.1, 1491.1,Hunter Schripsema 2032,Trevor Morris 1609,Hunter Schripsema (2032)
Robert Pion,,Michigan,,2033,,,1505,1500,1503,,,,,,,0,0,N/A,Michigan 1502.7, 1502.7,Robert Pion 2033,Trey May 1381,Robert Pion (2033)
Jason Pion,,Illinois,,2034,,,1491,1500,1495,,,,,,,0,0,N/A,Illinois 1495.35, 1495.35,Jason Pion 2034,Trinity Feliciano 1669,Jason Pion (2034)
Kelly Sawyer,,Michigan,,2035,,,1463,1500,1482,,,,,,,0,0,N/A,Michigan 1481.71, 1481.71,Kelly Sawyer 2035,Tripp Buchanan 1595,Kelly Sawyer (2035)
Micah Sawyer,,Ohio,,2036,,,1524,1500,1512,,,,,,,0,0,N/A,Ohio 1511.99, 1511.99,Micah Sawyer 2036,Trisha Adamus 1739,Micah Sawyer (2036)
JD Dissmore,,Michigan,,2037,,,1494,1500,1497,,,,,,,0,0,N/A,Michigan 1496.9, 1496.9,JD Dissmore 2037,Tristan Collins 1472,JD Dissmore (2037)
Steve Dillon,,Michigan,,2038,,,1604,1500,1552,,,,,,,0,0,N/A,Michigan 1551.8, 1551.8,Steve Dillon 2038,Tristan Cupp 1871,Steve Dillon (2038)
Remi Stewart,,Michigan,,2039,,,1474,1500,1487,,,,,,,0,0,N/A,Michigan 1487.22, 1487.22,Remi Stewart 2039,Tristan Gregory-Brown 1695,Remi Stewart (2039)
Dan Sandy,,Ohio,,2040,,,1546,1500,1523,,,,,,,0,0,N/A,Ohio 1522.84, 1522.84,Dan Sandy 2040,Tristan Neumann 1813,Dan Sandy (2040)
Mike Milluzzi,,Ohio,,2041,,,1534,1500,1517,,,,,,,0,0,N/A,Ohio 1516.76, 1516.76,Mike Milluzzi 2041,Troy Brooks 1864,Mike Milluzzi (2041)
Devin Brothers,,Ohio,,2042,,,1501,1500,1500,,,,,,,0,0,N/A,Ohio 1500.26, 1500.26,Devin Brothers 2042,Tyler Crawford 1348,Devin Brothers (2042)
Sandro Ayala,,Ohio,,2043,,,1509,1500,1505,,,,,,,0,0,N/A,Ohio 1504.55, 1504.55,Sandro Ayala 2043,Tyler Houle 1573,Sandro Ayala (2043)
Michael Essary,,Ohio,,2044,,,1466,1500,1483,,,,,,,0,0,N/A,Ohio 1483.07, 1483.07,Michael Essary 2044,Tyler Jiggins 1235,Michael Essary (2044)
Keith Sibug,,Ohio,,2045,,,1500,1544,1522,,,,,,,0,0,N/A,Ohio 1521.94, 1521.94,Keith Sibug 2045,Vera Gutzke 1134,Keith Sibug (2045)
Christina Essary,,Ohio,,2046,,,1459,1500,1480,,,,,,,0,0,N/A,Ohio 1479.54, 1479.54,Christina Essary 2046,Vicky McKinley 1411,Christina Essary (2046)
Mike Justice,,Ohio,,2047,,,1472,1500,1486,,,,,,,0,0,N/A,Ohio 1485.84, 1485.84,Mike Justice 2047,Victor Cobo 1183,Mike Justice (2047)
Travis Fell,,,,2048,,,1516,1500,1508,,,,,,,0,0,N/A, 1508.24, 1508.24,Travis Fell 2048,Vígh Menyhárt 1178,Travis Fell (2048)
Andre Herron Jr.,,Ohio,,2049,,,1513,1500,1506,,,,,,,0,0,N/A,Ohio 1506.36, 1506.36,Andre Herron Jr. 2049,Vuth Vann 1238,Andre Herron Jr. (2049)
Anthony Salupo,,Ohio,,2050,,,1507,1500,1503,,,,,,,0,0,N/A,Ohio 1503.34, 1503.34,Anthony Salupo 2050,Wayne Schroeder 1242,Anthony Salupo (2050)
Steven Cox,,Pennsylvania,,2051,,,1489,1500,1495,,,,,,,0,0,N/A,Pennsylvania 1494.67, 1494.67,Steven Cox 2051,Wayne Scott 1202,Steven Cox (2051)
Scott Collins,,Texas,,2052,,,1489,1500,1495,,,,,,,0,0,N/A,Texas 1494.61, 1494.61,Scott Collins 2052,Wendi Rose 1423,Scott Collins (2052)
Zion Pattillo,,Pennsylvania,,2053,,,1502,1500,1501,,,,,,,0,0,N/A,Pennsylvania 1500.78, 1500.78,Zion Pattillo 2053,Wes Schmidt 1442,Zion Pattillo (2053)
Quinn Pickering,,Ohio,,2054,,,1459,1500,1480,,,,,,,0,0,N/A,Ohio 1479.74, 1479.74,Quinn Pickering 2054,Wes Yarber 1316,Quinn Pickering (2054)
Chris McNairn,,Pennsylvania,,2055,,,1520,1500,1510,,,,,,,0,0,N/A,Pennsylvania 1509.99, 1509.99,Chris McNairn 2055,Weston Rodriguez 1498,Chris McNairn (2055)
Lindsey Drab,,Ohio,,2056,,,1488,1500,1494,,,,,,,0,0,N/A,Ohio 1494.04, 1494.04,Lindsey Drab 2056,Whitney Lovelace 1786,Lindsey Drab (2056)
Alona Garza,,Pennsylvania,,2057,,,1454,1500,1477,,,,,,,0,0,N/A,Pennsylvania 1477.21, 1477.21,Alona Garza 2057,Wilfred Smith 1259,Alona Garza (2057)
Becky Drab,,Ohio,,2058,,,1474,1500,1487,,,,,,,0,0,N/A,Ohio 1487.08, 1487.08,Becky Drab 2058,Will Baldwin 1057,Becky Drab (2058)
Ryan Sullivan,,Ohio,,2059,,,1523,1500,1512,,,,,,,0,0,N/A,Ohio 1511.69, 1511.69,Ryan Sullivan 2059,Will Mature 1011,Ryan Sullivan (2059)
Jesse Stinson,,Ohio,,2060,,,1461,1500,1480,,,,,,,0,0,N/A,Ohio 1480.28, 1480.28,Jesse Stinson 2060,William Lee Hypes 1298,Jesse Stinson (2060)
Marty Brown,,Ohio,,2061,,,1484,1500,1492,,,,,,,0,0,N/A,Ohio 1492.16, 1492.16,Marty Brown 2061,William Parker 1811,Marty Brown (2061)
Rachael Stinson,,Ohio,,2062,,,1503,1500,1501,,,,,,,0,0,N/A,Ohio 1501.32, 1501.32,Rachael Stinson 2062,Xavier Rivera 1647,Rachael Stinson (2062)
Dennis Brown,,Ohio,,2063,,,1525,1500,1512,,,,,,,0,0,N/A,Ohio 1512.29, 1512.29,Dennis Brown 2063,Yoann Pidial 1534,Dennis Brown (2063)
Alex Parsons,,,,2064,,,1522,1533,1527,,,,,,,0,0,N/A, 1527.46, 1527.46,Alex Parsons 2064,Yvonne Vincent 1758,Alex Parsons (2064)
Dessarae Shupe,,,,2065,,,1465,1500,1483,,,,,,,0,0,N/A, 1482.74, 1482.74,Dessarae Shupe 2065,Zacary Morris 1588,Dessarae Shupe (2065)
Hayden Shupe,,,,2066,,,1475,1500,1488,,,,,,,0,0,N/A, 1487.55, 1487.55,Hayden Shupe 2066,Zach Abbey 1717,Hayden Shupe (2066)
Michael Garbett,,,,2067,,,1547,1489,1518,,,,,,,0,0,N/A, 1517.69, 1517.69,Michael Garbett 2067,Zach Becker 1791,Michael Garbett (2067)
Ethan Gmys,,,,2068,,,1469,1500,1484,,,,,,,0,0,N/A, 1484.38, 1484.38,Ethan Gmys 2068,Zach Mckinney 1527,Ethan Gmys (2068)
Tom Plutt,,,,2069,,,1547,1544,1545,,,,,,,0,0,N/A, 1545.09, 1545.09,Tom Plutt 2069,Zach Niehaus 1426,Tom Plutt (2069)
Rich Gmys,,,,2070,,,1480,1500,1490,,,,,,,0,0,N/A, 1490.01, 1490.01,Rich Gmys 2070,Zach Sherman 1794,Rich Gmys (2070)
Sean Boatright,,,,2071,,,1455,1500,1478,,,,,,,0,0,N/A, 1477.57, 1477.57,Sean Boatright 2071,Zach Smith 1994,Sean Boatright (2071)
Hunter Lantzman,,,,2072,,,1505,1500,1502,,,,,,,0,0,N/A, 1502.27, 1502.27,Hunter Lantzman 2072,Zachary Duncan 1406,Hunter Lantzman (2072)
Finn Byrnes,,,,2073,,,1480,1480,1480,,,,,,,0,0,N/A, 1480.18, 1480.18,Finn Byrnes 2073,Zachary Niehaus 1761,Finn Byrnes (2073)
Lou Wolf,,,,2074,,,1500,1514,1507,,,,,,,0,0,N/A, 1507.04, 1507.04,Lou Wolf 2074,Zachary Ruegsegger 1992,Lou Wolf (2074)
Tim Lind,,,,2075,,,1500,1514,1507,,,,,,,0,0,N/A, 1507.04, 1507.04,Tim Lind 2075,Zack Hjorth 1440,Tim Lind (2075)
Lana Weber,,,,2076,,,1500,1506,1503,,,,,,,0,0,N/A, 1503.09, 1503.09,Lana Weber 2076,Zalán Zakariás 1539,Lana Weber (2076)
Pat Weber,,,,2077,,,1500,1506,1503,,,,,,,0,0,N/A, 1503.09, 1503.09,Pat Weber 2077,Zamar Ushery 1326,Pat Weber (2077)
Jacob Flesse,,,,2078,,,1500,1451,1475,,,,,,,0,0,N/A, 1475.37, 1475.37,Jacob Flesse 2078,Zeke Drake 1906,Jacob Flesse (2078)
Maxwell Thompson,,,,2079,,,1500,1451,1475,,,,,,,0,0,N/A, 1475.37, 1475.37,Maxwell Thompson 2079,Zion Pattillo 2053,Maxwell Thompson (2079)
Joey Byrnes,,,,2080,,,1500,1480,1490,,,,,,,0,0,N/A, 1490.07, 1490.07,Joey Byrnes 2080,Zionne Jongsma 1126,Joey Byrnes (2080)
Andrew Flanders,,,,2081,,,1500,1481,1490,,,,,,,0,0,N/A, 1490.39, 1490.39,Andrew Flanders 2081,Zoltán Horváth 1196,Andrew Flanders (2081)
Andy Flanders,,,,2082,,,1500,1481,1490,,,,,,,0,0,N/A, 1490.39, 1490.39,Andy Flanders 2082,Zoltán István Osvai 1053,Andy Flanders (2082)
Jared Ritenour,,,,2083,,,1500,1473,1486,,,,,,,0,0,N/A, 1486.47, 1486.47,Jared Ritenour 2083,Zoltán Pavelka 1246,Jared Ritenour (2083)
Evan Ritenour,,,,2084,,,1500,1473,1486,,,,,,,0,0,N/A, 1486.47, 1486.47,Evan Ritenour 2084,Zsolt Bodnár 1043,Evan Ritenour (2084)
Matthew Aukeman,,,,2085,,,1500,1524,1512,,,,,,,0,0,N/A, 1511.95, 1511.95,Matthew Aukeman 2085,Zsolt Rimár 1055,Matthew Aukeman (2085)
Levi Hamilton,,,,2086,,,1500,1524,1512,,,,,,,0,0,N/A, 1511.95, 1511.95,Levi Hamilton 2086,Zsolt Szabó 1533,Levi Hamilton (2086)
Billy Conner,,,,2087,,,1500,1496,1498,,,,,,,0,0,N/A, 1498.01, 1498.01,Billy Conner 2087,Zsolt Teleky 1543,Billy Conner (2087)
Steve Yount,,,,2088,,,1500,1496,1498,,,,,,,0,0,N/A, 1498.01, 1498.01,Steve Yount 2088,Zsombor Kisfaludi-Bak 1174,Steve Yount (2088)