Match #,Date,Player 1,Player 2,Points Won,Player 3,Player 4,Points Won,Rounds,Winner,P1 ID,P1 KScore,P1 Old,P1 Change,P1 New,P2 ID,P2 KScore,P2 Old,P2 Change,P2 New,P3 ID,P3 KScore,P3 Old,P3 Change,P3 New,P4 ID,P4 KScore,P4 Old,P4 Change,P4 New
1,6/7/2014,Clare Kuepfer 1102,Nathan Walsh 1060,4,Fred Slater 1072,Justin Slater 1071,4,4.00,TIE,1102,40,1500.00,0.00,1500.00,1060,40,1500.00,0.00,1500.00,1072,40,1500.00,0.00,1500.00,1071,40,1500.00,0.00,1500.00
2,6/7/2014,Clare Kuepfer 1102,Nathan Walsh 1060,6,Lea Lawson 1253,Wilfred Smith 1259,2,4.00,T1,1102,40,1500.00,10.00,1510.00,1060,40,1500.00,10.00,1510.00,1253,40,1500.00,-10.00,1490.00,1259,40,1500.00,-10.00,1490.00
3,6/7/2014,Clare Kuepfer 1102,Nathan Walsh 1060,6,Jason Beierling 1063,Ray Beierling 1064,2,4.00,T1,1102,40,1510.00,9.42,1519.42,1060,40,1510.00,9.42,1519.42,1063,40,1500.00,-9.42,1490.58,1064,40,1500.00,-9.42,1490.58
4,6/7/2014,Clare Kuepfer 1102,Nathan Walsh 1060,3,Dave Brown 1092,Matt Brown 1081,5,4.00,T2,1102,40,1519.42,-6.12,1513.30,1060,40,1519.42,-6.12,1513.30,1092,40,1500.00,6.12,1506.12,1081,40,1500.00,6.12,1506.12
5,6/7/2014,Clare Kuepfer 1102,Nathan Walsh 1060,6,Jeremy Howey 1254,Rob Mader 1067,2,4.00,T1,1102,40,1513.30,9.23,1522.53,1060,40,1513.30,9.23,1522.53,1254,40,1500.00,-9.23,1490.77,1067,40,1500.00,-9.23,1490.77
6,6/7/2014,Dave Brown 1092,Matt Brown 1081,4,Jeremy Howey 1254,Rob Mader 1067,4,4.00,TIE,1092,40,1506.12,-0.88,1505.24,1081,40,1506.12,-0.88,1505.24,1254,40,1490.77,0.88,1491.65,1067,40,1490.77,0.88,1491.65
7,6/7/2014,Dave Brown 1092,Matt Brown 1081,4,Fred Slater 1072,Justin Slater 1071,4,4.00,TIE,1092,40,1505.24,-0.30,1504.94,1081,40,1505.24,-0.30,1504.94,1072,40,1500.00,0.30,1500.30,1071,40,1500.00,0.30,1500.30
8,6/7/2014,Dave Brown 1092,Matt Brown 1081,6,Lea Lawson 1253,Wilfred Smith 1259,2,4.00,T1,1092,40,1504.94,9.14,1514.08,1081,40,1504.94,9.14,1514.08,1253,40,1490.00,-9.14,1480.86,1259,40,1490.00,-9.14,1480.86
9,6/7/2014,Dave Brown 1092,Matt Brown 1081,4,Jason Beierling 1063,Ray Beierling 1064,4,4.00,TIE,1092,40,1514.08,-1.35,1512.73,1081,40,1514.08,-1.35,1512.73,1063,40,1490.58,1.35,1491.93,1064,40,1490.58,1.35,1491.93
10,6/7/2014,Jason Beierling 1063,Ray Beierling 1064,4,Lea Lawson 1253,Wilfred Smith 1259,4,4.00,TIE,1063,40,1491.93,-0.64,1491.29,1064,40,1491.93,-0.64,1491.29,1253,40,1480.86,0.64,1481.50,1259,40,1480.86,0.64,1481.50
11,6/7/2014,Jason Beierling 1063,Ray Beierling 1064,6,Jeremy Howey 1254,Rob Mader 1067,2,4.00,T1,1063,40,1491.29,10.02,1501.31,1064,40,1491.29,10.02,1501.31,1254,40,1491.65,-10.02,1481.63,1067,40,1491.65,-10.02,1481.63
12,6/7/2014,Jason Beierling 1063,Ray Beierling 1064,4,Fred Slater 1072,Justin Slater 1071,4,4.00,TIE,1063,40,1501.31,-0.06,1501.25,1064,40,1501.31,-0.06,1501.25,1072,40,1500.30,0.06,1500.36,1071,40,1500.30,0.06,1500.36
13,6/7/2014,Lea Lawson 1253,Wilfred Smith 1259,8,Jeremy Howey 1254,Rob Mader 1067,0,4.00,T1,1253,40,1481.50,20.01,1501.51,1259,40,1481.50,20.01,1501.51,1254,40,1481.63,-20.01,1461.62,1067,40,1481.63,-20.01,1461.62
14,6/7/2014,Lea Lawson 1253,Wilfred Smith 1259,2,Fred Slater 1072,Justin Slater 1071,6,4.00,T2,1253,40,1501.51,-10.07,1491.44,1259,40,1501.51,-10.07,1491.44,1072,40,1500.36,10.07,1510.43,1071,40,1500.36,10.07,1510.43
15,6/7/2014,Jeremy Howey 1254,Rob Mader 1067,1,Fred Slater 1072,Justin Slater 1071,7,4.00,T2,1254,40,1461.62,-12.21,1449.41,1067,40,1461.62,-12.21,1449.41,1072,40,1510.43,12.21,1522.64,1071,40,1510.43,12.21,1522.64
16,10/25/2014,Ab Leitch 1061,Steve Lefaive 1199,0,Howard Martin 1078,Roy Campbell 1086,8,4.00,T2,1061,40,1500.00,-20.00,1480.00,1199,40,1500.00,-20.00,1480.00,1078,40,1500.00,20.00,1520.00,1086,40,1500.00,20.00,1520.00
17,10/25/2014,Ab Leitch 1061,Steve Lefaive 1199,0,Jason Beierling 1063,Ray Beierling 1064,8,4.00,T2,1061,40,1480.00,-18.78,1461.22,1199,40,1480.00,-18.78,1461.22,1063,40,1501.25,18.78,1520.03,1064,40,1501.25,18.78,1520.03
18,10/25/2014,Ab Leitch 1061,Steve Lefaive 1199,7,Alex Protas 1117,Dennis Ernest 1089,1,4.00,T1,1061,40,1461.22,17.22,1478.44,1199,40,1461.22,17.22,1478.44,1117,40,1500.00,-17.22,1482.78,1089,40,1500.00,-17.22,1482.78
19,10/25/2014,Ab Leitch 1061,Steve Lefaive 1199,2,Eric Miltenburg 1062,Ron Reesor 1096,6,4.00,T2,1061,40,1478.44,-8.76,1469.68,1199,40,1478.44,-8.76,1469.68,1062,40,1500.00,8.76,1508.76,1096,40,1500.00,8.76,1508.76
20,10/25/2014,Ab Leitch 1061,Steve Lefaive 1199,4,Fred Slater 1072,Justin Slater 1071,4,4.00,TIE,1061,40,1469.68,3.03,1472.71,1199,40,1469.68,3.03,1472.71,1072,40,1522.64,-3.03,1519.61,1071,40,1522.64,-3.03,1519.61
21,10/25/2014,Ab Leitch 1061,Steve Lefaive 1199,4,Dave Brown 1092,Matt Brown 1081,4,4.00,TIE,1061,40,1472.71,2.29,1475.00,1199,40,1472.71,2.29,1475.00,1092,40,1512.73,-2.29,1510.44,1081,40,1512.73,-2.29,1510.44
22,10/25/2014,Ab Leitch 1061,Steve Lefaive 1199,4,Rex Johnston 1076,Tom Johnston 1087,4,4.00,TIE,1061,40,1475.00,1.44,1476.44,1199,40,1475.00,1.44,1476.44,1076,40,1500.00,-1.44,1498.56,1087,40,1500.00,-1.44,1498.56
23,10/25/2014,Ab Leitch 1061,Steve Lefaive 1199,2,Louis Gauthier 1080,Peter Tarle 1091,6,4.00,T2,1061,40,1476.44,-8.65,1467.79,1199,40,1476.44,-8.65,1467.79,1080,40,1500.00,8.65,1508.65,1091,40,1500.00,8.65,1508.65
24,10/25/2014,Ab Leitch 1061,Steve Lefaive 1199,2,Clare Kuepfer 1102,Neil Cook 1110,6,4.00,T2,1061,40,1467.79,-7.51,1460.28,1199,40,1467.79,-7.51,1460.28,1102,40,1522.53,7.51,1530.04,1110,40,1500.00,7.51,1507.51
25,10/25/2014,Ab Leitch 1061,Steve Lefaive 1199,6,Erica Hartviksen 1255,Nathan Walsh 1060,2,4.00,T1,1061,40,1460.28,12.91,1473.19,1199,40,1460.28,12.91,1473.19,1255,40,1500.00,-12.91,1487.09,1060,40,1522.53,-12.91,1509.62
26,10/25/2014,Ab Leitch 1061,Steve Lefaive 1199,2,Peter Carter 1105,Robert Bonnett 1075,6,4.00,T2,1061,40,1473.19,-8.46,1464.73,1199,40,1473.19,-8.46,1464.73,1105,40,1500.00,8.46,1508.46,1075,40,1500.00,8.46,1508.46
27,10/25/2014,Howard Martin 1078,Roy Campbell 1086,0,Jason Beierling 1063,Ray Beierling 1064,8,4.00,T2,1078,40,1520.00,-20.00,1500.00,1086,40,1520.00,-20.00,1500.00,1063,40,1520.03,20.00,1540.03,1064,40,1520.03,20.00,1540.03
28,10/25/2014,Howard Martin 1078,Roy Campbell 1086,6,Alex Protas 1117,Dennis Ernest 1089,2,4.00,T1,1078,40,1500.00,9.01,1509.01,1086,40,1500.00,9.01,1509.01,1117,40,1482.78,-9.01,1473.77,1089,40,1482.78,-9.01,1473.77
29,10/25/2014,Howard Martin 1078,Roy Campbell 1086,4,Eric Miltenburg 1062,Ron Reesor 1096,4,4.00,TIE,1078,40,1509.01,-0.01,1509.00,1086,40,1509.01,-0.01,1509.00,1062,40,1508.76,0.01,1508.77,1096,40,1508.76,0.01,1508.77
30,10/25/2014,Howard Martin 1078,Roy Campbell 1086,0,Fred Slater 1072,Justin Slater 1071,8,4.00,T2,1078,40,1509.00,-19.39,1489.61,1086,40,1509.00,-19.39,1489.61,1072,40,1519.61,19.39,1539.00,1071,40,1519.61,19.39,1539.00
31,10/25/2014,Howard Martin 1078,Roy Campbell 1086,5,Dave Brown 1092,Matt Brown 1081,3,4.00,T1,1078,40,1489.61,6.20,1495.81,1086,40,1489.61,6.20,1495.81,1092,40,1510.44,-6.20,1504.24,1081,40,1510.44,-6.20,1504.24
32,10/25/2014,Howard Martin 1078,Roy Campbell 1086,4,Rex Johnston 1076,Tom Johnston 1087,4,4.00,TIE,1078,40,1495.81,0.16,1495.97,1086,40,1495.81,0.16,1495.97,1076,40,1498.56,-0.16,1498.40,1087,40,1498.56,-0.16,1498.40
33,10/25/2014,Howard Martin 1078,Roy Campbell 1086,5,Louis Gauthier 1080,Peter Tarle 1091,3,4.00,T1,1078,40,1495.97,5.73,1501.70,1086,40,1495.97,5.73,1501.70,1080,40,1508.65,-5.73,1502.92,1091,40,1508.65,-5.73,1502.92
34,10/25/2014,Howard Martin 1078,Roy Campbell 1086,8,Clare Kuepfer 1102,Neil Cook 1110,0,4.00,T1,1078,40,1501.70,20.98,1522.68,1086,40,1501.70,20.98,1522.68,1102,40,1530.04,-20.98,1509.06,1110,40,1507.51,-20.98,1486.53
35,10/25/2014,Howard Martin 1078,Roy Campbell 1086,6,Erica Hartviksen 1255,Nathan Walsh 1060,2,4.00,T1,1078,40,1522.68,8.60,1531.28,1086,40,1522.68,8.60,1531.28,1255,40,1487.09,-8.60,1478.49,1060,40,1509.62,-8.60,1501.02
36,10/25/2014,Howard Martin 1078,Roy Campbell 1086,2,Peter Carter 1105,Robert Bonnett 1075,6,4.00,T2,1078,40,1531.28,-11.31,1519.97,1086,40,1531.28,-11.31,1519.97,1105,40,1508.46,11.31,1519.77,1075,40,1508.46,11.31,1519.77
37,10/25/2014,Jason Beierling 1063,Ray Beierling 1064,8,Alex Protas 1117,Dennis Ernest 1089,0,4.00,T1,1063,40,1540.03,16.23,1556.26,1064,40,1540.03,16.23,1556.26,1117,40,1473.77,-16.23,1457.54,1089,40,1473.77,-16.23,1457.54
38,10/25/2014,Jason Beierling 1063,Ray Beierling 1064,6,Eric Miltenburg 1062,Ron Reesor 1096,2,4.00,T1,1063,40,1556.26,7.28,1563.54,1064,40,1556.26,7.28,1563.54,1062,40,1508.77,-7.28,1501.49,1096,40,1508.77,-7.28,1501.49
39,10/25/2014,Jason Beierling 1063,Ray Beierling 1064,6,Fred Slater 1072,Justin Slater 1071,2,4.00,T1,1063,40,1563.54,8.59,1572.13,1064,40,1563.54,8.59,1572.13,1072,40,1539.00,-8.59,1530.41,1071,40,1539.00,-8.59,1530.41
40,10/25/2014,Jason Beierling 1063,Ray Beierling 1064,6,Dave Brown 1092,Matt Brown 1081,2,4.00,T1,1063,40,1572.13,6.14,1578.27,1064,40,1572.13,6.14,1578.27,1092,40,1504.24,-6.14,1498.10,1081,40,1504.24,-6.14,1498.10
41,10/25/2014,Jason Beierling 1063,Ray Beierling 1064,6,Rex Johnston 1076,Tom Johnston 1087,2,4.00,T1,1063,40,1578.27,5.48,1583.75,1064,40,1578.27,5.48,1583.75,1076,40,1498.40,-5.48,1492.92,1087,40,1498.40,-5.48,1492.92
42,10/25/2014,Jason Beierling 1063,Ray Beierling 1064,6,Louis Gauthier 1080,Peter Tarle 1091,2,4.00,T1,1063,40,1583.75,5.43,1589.18,1064,40,1583.75,5.43,1589.18,1080,40,1502.92,-5.43,1497.49,1091,40,1502.92,-5.43,1497.49
43,10/25/2014,Jason Beierling 1063,Ray Beierling 1064,4,Clare Kuepfer 1102,Neil Cook 1110,4,4.00,TIE,1063,40,1589.18,-5.14,1584.04,1064,40,1589.18,-5.14,1584.04,1102,40,1509.06,5.14,1514.20,1110,40,1486.53,5.14,1491.67
44,10/25/2014,Jason Beierling 1063,Ray Beierling 1064,6,Erica Hartviksen 1255,Nathan Walsh 1060,2,4.00,T1,1063,40,1584.04,4.70,1588.74,1064,40,1584.04,4.70,1588.74,1255,40,1478.49,-4.70,1473.79,1060,40,1501.02,-4.70,1496.32
45,10/25/2014,Jason Beierling 1063,Ray Beierling 1064,6,Peter Carter 1105,Robert Bonnett 1075,2,4.00,T1,1063,40,1588.74,6.08,1594.82,1064,40,1588.74,6.08,1594.82,1105,40,1519.77,-6.08,1513.69,1075,40,1519.77,-6.08,1513.69
46,10/25/2014,Alex Protas 1117,Dennis Ernest 1089,2,Eric Miltenburg 1062,Ron Reesor 1096,6,4.00,T2,1117,40,1457.54,-7.48,1450.06,1089,40,1457.54,-7.48,1450.06,1062,40,1501.49,7.48,1508.97,1096,40,1501.49,7.48,1508.97
47,10/25/2014,Alex Protas 1117,Dennis Ernest 1089,2,Fred Slater 1072,Justin Slater 1071,6,4.00,T2,1117,40,1450.06,-5.46,1444.60,1089,40,1450.06,-5.46,1444.60,1072,40,1530.41,5.46,1535.87,1071,40,1530.41,5.46,1535.87
48,10/25/2014,Alex Protas 1117,Dennis Ernest 1089,3,Dave Brown 1092,Matt Brown 1081,5,4.00,T2,1117,40,1444.60,-1.94,1442.66,1089,40,1444.60,-1.94,1442.66,1092,40,1498.10,1.94,1500.04,1081,40,1498.10,1.94,1500.04
49,10/25/2014,Alex Protas 1117,Dennis Ernest 1089,4,Rex Johnston 1076,Tom Johnston 1087,4,4.00,TIE,1117,40,1442.66,2.87,1445.53,1089,40,1442.66,2.87,1445.53,1076,40,1492.92,-2.87,1490.05,1087,40,1492.92,-2.87,1490.05
50,10/25/2014,Alex Protas 1117,Dennis Ernest 1089,0,Louis Gauthier 1080,Peter Tarle 1091,8,4.00,T2,1117,40,1445.53,-17.03,1428.50,1089,40,1445.53,-17.03,1428.50,1080,40,1497.49,17.03,1514.52,1091,40,1497.49,17.03,1514.52
51,10/25/2014,Alex Protas 1117,Dennis Ernest 1089,5,Clare Kuepfer 1102,Neil Cook 1110,3,4.00,T1,1117,40,1428.50,9.22,1437.72,1089,40,1428.50,9.22,1437.72,1102,40,1514.20,-9.22,1504.98,1110,40,1491.67,-9.22,1482.45
52,10/25/2014,Alex Protas 1117,Dennis Ernest 1089,6,Erica Hartviksen 1255,Nathan Walsh 1060,2,4.00,T1,1117,40,1437.72,12.71,1450.43,1089,40,1437.72,12.71,1450.43,1255,40,1473.79,-12.71,1461.08,1060,40,1496.32,-12.71,1483.61
53,10/25/2014,Alex Protas 1117,Dennis Ernest 1089,2,Peter Carter 1105,Robert Bonnett 1075,6,4.00,T2,1117,40,1450.43,-6.40,1444.03,1089,40,1450.43,-6.40,1444.03,1105,40,1513.69,6.40,1520.09,1075,40,1513.69,6.40,1520.09
54,10/25/2014,Eric Miltenburg 1062,Ron Reesor 1096,7,Fred Slater 1072,Justin Slater 1071,1,4.00,T1,1062,40,1508.97,16.55,1525.52,1096,40,1508.97,16.55,1525.52,1072,40,1535.87,-16.55,1519.32,1071,40,1535.87,-16.55,1519.32
55,10/25/2014,Eric Miltenburg 1062,Ron Reesor 1096,4,Dave Brown 1092,Matt Brown 1081,4,4.00,TIE,1062,40,1525.52,-1.46,1524.06,1096,40,1525.52,-1.46,1524.06,1092,40,1500.04,1.46,1501.50,1081,40,1500.04,1.46,1501.50
56,10/25/2014,Eric Miltenburg 1062,Ron Reesor 1096,8,Rex Johnston 1076,Tom Johnston 1087,0,4.00,T1,1062,40,1524.06,18.05,1542.11,1096,40,1524.06,18.05,1542.11,1076,40,1490.05,-18.05,1472.00,1087,40,1490.05,-18.05,1472.00
57,10/25/2014,Eric Miltenburg 1062,Ron Reesor 1096,4,Louis Gauthier 1080,Peter Tarle 1091,4,4.00,TIE,1062,40,1542.11,-1.58,1540.53,1096,40,1542.11,-1.58,1540.53,1080,40,1514.52,1.58,1516.10,1091,40,1514.52,1.58,1516.10
58,10/25/2014,Eric Miltenburg 1062,Ron Reesor 1096,4,Clare Kuepfer 1102,Neil Cook 1110,4,4.00,TIE,1062,40,1540.53,-2.68,1537.85,1096,40,1540.53,-2.68,1537.85,1102,40,1504.98,2.68,1507.66,1110,40,1482.45,2.68,1485.13
59,10/25/2014,Eric Miltenburg 1062,Ron Reesor 1096,4,Erica Hartviksen 1255,Nathan Walsh 1060,4,4.00,TIE,1062,40,1537.85,-3.73,1534.12,1096,40,1537.85,-3.73,1534.12,1255,40,1461.08,3.73,1464.81,1060,40,1483.61,3.73,1487.34
60,10/25/2014,Eric Miltenburg 1062,Ron Reesor 1096,4,Peter Carter 1105,Robert Bonnett 1075,4,4.00,TIE,1062,40,1534.12,-0.81,1533.31,1096,40,1534.12,-0.81,1533.31,1105,40,1520.09,0.81,1520.90,1075,40,1520.09,0.81,1520.90
61,10/25/2014,Fred Slater 1072,Justin Slater 1071,6,Dave Brown 1092,Matt Brown 1081,2,4.00,T1,1072,40,1519.32,8.98,1528.30,1071,40,1519.32,8.98,1528.30,1092,40,1501.50,-8.98,1492.52,1081,40,1501.50,-8.98,1492.52
62,10/25/2014,Fred Slater 1072,Justin Slater 1071,6,Rex Johnston 1076,Tom Johnston 1087,2,4.00,T1,1072,40,1528.30,6.79,1535.09,1071,40,1528.30,6.79,1535.09,1076,40,1472.00,-6.79,1465.21,1087,40,1472.00,-6.79,1465.21
63,10/25/2014,Fred Slater 1072,Justin Slater 1071,2,Louis Gauthier 1080,Peter Tarle 1091,6,4.00,T2,1072,40,1535.09,-11.09,1524.00,1071,40,1535.09,-11.09,1524.00,1080,40,1516.10,11.09,1527.19,1091,40,1516.10,11.09,1527.19
64,10/25/2014,Fred Slater 1072,Justin Slater 1071,7,Clare Kuepfer 1102,Neil Cook 1110,1,4.00,T1,1072,40,1524.00,13.41,1537.41,1071,40,1524.00,13.41,1537.41,1102,40,1507.66,-13.41,1494.25,1110,40,1485.13,-13.41,1471.72
65,10/25/2014,Fred Slater 1072,Justin Slater 1071,6,Erica Hartviksen 1255,Nathan Walsh 1060,2,4.00,T1,1072,40,1537.41,6.51,1543.92,1071,40,1537.41,6.51,1543.92,1255,40,1464.81,-6.51,1458.30,1060,40,1487.34,-6.51,1480.83
66,10/25/2014,Fred Slater 1072,Justin Slater 1071,8,Peter Carter 1105,Robert Bonnett 1075,0,4.00,T1,1072,40,1543.92,18.68,1562.60,1071,40,1543.92,18.68,1562.60,1105,40,1520.90,-18.68,1502.22,1075,40,1520.90,-18.68,1502.22
67,10/25/2014,Dave Brown 1092,Matt Brown 1081,5,Rex Johnston 1076,Tom Johnston 1087,3,4.00,T1,1092,40,1492.52,3.43,1495.95,1081,40,1492.52,3.43,1495.95,1076,40,1465.21,-3.43,1461.78,1087,40,1465.21,-3.43,1461.78
68,10/25/2014,Dave Brown 1092,Matt Brown 1081,2,Louis Gauthier 1080,Peter Tarle 1091,6,4.00,T2,1092,40,1495.95,-8.21,1487.74,1081,40,1495.95,-8.21,1487.74,1080,40,1527.19,8.21,1535.40,1091,40,1527.19,8.21,1535.40
69,10/25/2014,Dave Brown 1092,Matt Brown 1081,6,Clare Kuepfer 1102,Neil Cook 1110,2,4.00,T1,1092,40,1487.74,9.73,1497.47,1081,40,1487.74,9.73,1497.47,1102,40,1494.25,-9.73,1484.52,1110,40,1471.72,-9.73,1461.99
70,10/25/2014,Dave Brown 1092,Matt Brown 1081,8,Erica Hartviksen 1255,Nathan Walsh 1060,0,4.00,T1,1092,40,1497.47,18.40,1515.87,1081,40,1497.47,18.40,1515.87,1255,40,1458.30,-18.40,1439.90,1060,40,1480.83,-18.40,1462.43
71,10/25/2014,Dave Brown 1092,Matt Brown 1081,6,Peter Carter 1105,Robert Bonnett 1075,2,4.00,T1,1092,40,1515.87,9.21,1525.08,1081,40,1515.87,9.21,1525.08,1105,40,1502.22,-9.21,1493.01,1075,40,1502.22,-9.21,1493.01
72,10/25/2014,Rex Johnston 1076,Tom Johnston 1087,1,Louis Gauthier 1080,Peter Tarle 1091,7,4.00,T2,1076,40,1461.78,-10.82,1450.96,1087,40,1461.78,-10.82,1450.96,1080,40,1535.40,10.82,1546.22,1091,40,1535.40,10.82,1546.22
73,10/25/2014,Rex Johnston 1076,Tom Johnston 1087,7,Clare Kuepfer 1102,Neil Cook 1110,1,4.00,T1,1076,40,1450.96,16.28,1467.24,1087,40,1450.96,16.28,1467.24,1102,40,1484.52,-16.28,1468.24,1110,40,1461.99,-16.28,1445.71
74,10/25/2014,Rex Johnston 1076,Tom Johnston 1087,6,Erica Hartviksen 1255,Nathan Walsh 1060,2,4.00,T1,1076,40,1467.24,9.08,1476.32,1087,40,1467.24,9.08,1476.32,1255,40,1439.90,-9.08,1430.82,1060,40,1462.43,-9.08,1453.35
75,10/25/2014,Rex Johnston 1076,Tom Johnston 1087,6,Peter Carter 1105,Robert Bonnett 1075,2,4.00,T1,1076,40,1476.32,10.96,1487.28,1087,40,1476.32,10.96,1487.28,1105,40,1493.01,-10.96,1482.05,1075,40,1493.01,-10.96,1482.05
76,10/25/2014,Louis Gauthier 1080,Peter Tarle 1091,6,Clare Kuepfer 1102,Neil Cook 1110,2,4.00,T1,1080,40,1546.22,4.97,1551.19,1091,40,1546.22,4.97,1551.19,1102,40,1468.24,-4.97,1463.27,1110,40,1445.71,-4.97,1440.74
77,10/25/2014,Louis Gauthier 1080,Peter Tarle 1091,2,Erica Hartviksen 1255,Nathan Walsh 1060,6,4.00,T2,1080,40,1551.19,-16.08,1535.11,1091,40,1551.19,-16.08,1535.11,1255,40,1430.82,16.08,1446.90,1060,40,1453.35,16.08,1469.43
78,10/25/2014,Louis Gauthier 1080,Peter Tarle 1091,5,Peter Carter 1105,Robert Bonnett 1075,3,4.00,T1,1080,40,1535.11,1.97,1537.08,1091,40,1535.11,1.97,1537.08,1105,40,1482.05,-1.97,1480.08,1075,40,1482.05,-1.97,1480.08
79,10/25/2014,Clare Kuepfer 1102,Neil Cook 1110,8,Erica Hartviksen 1255,Nathan Walsh 1060,0,4.00,T1,1102,40,1463.27,20.35,1483.62,1110,40,1440.74,20.35,1461.09,1255,40,1446.90,-20.35,1426.55,1060,40,1469.43,-20.35,1449.08
80,10/25/2014,Clare Kuepfer 1102,Neil Cook 1110,4,Peter Carter 1105,Robert Bonnett 1075,4,4.00,TIE,1102,40,1483.62,0.44,1484.06,1110,40,1461.09,0.44,1461.53,1105,40,1480.08,-0.44,1479.64,1075,40,1480.08,-0.44,1479.64
81,10/25/2014,Erica Hartviksen 1255,Nathan Walsh 1060,4,Peter Carter 1105,Robert Bonnett 1075,4,4.00,TIE,1255,40,1426.55,2.40,1428.95,1060,40,1449.08,2.40,1451.48,1105,40,1479.64,-2.40,1477.24,1075,40,1479.64,-2.40,1477.24
82,11/16/2019,Jason Beierling 1063,Ray Beierling 1064,8,Clare Kuepfer 1102,Neil Cook 1110,0,4.00,T1,1063,40,1594.82,13.25,1608.07,1064,40,1594.82,13.25,1608.07,1102,40,1484.06,-13.25,1470.81,1110,40,1461.53,-13.25,1448.28
83,11/16/2019,Jason Beierling 1063,Ray Beierling 1064,4,Fred Slater 1072,Justin Slater 1071,4,4.00,TIE,1063,40,1608.07,-2.60,1605.47,1064,40,1608.07,-2.60,1605.47,1072,40,1562.60,2.60,1565.20,1071,40,1562.60,2.60,1565.20
84,11/16/2019,Jason Beierling 1063,Ray Beierling 1064,6,Dale Henry 1108,Eric Miltenburg 1062,2,4.00,T1,1063,40,1605.47,5.00,1610.47,1064,40,1605.47,5.00,1610.47,1108,40,1500.00,-5.00,1495.00,1062,40,1533.31,-5.00,1528.31
85,11/16/2019,Jason Beierling 1063,Ray Beierling 1064,5,Gloria Walsh 1109,Nathan Walsh 1060,3,4.00,T1,1063,40,1610.47,-2.39,1608.08,1064,40,1610.47,-2.39,1608.08,1109,40,1500.00,2.39,1502.39,1060,40,1451.48,2.39,1453.87
86,11/16/2019,Jason Beierling 1063,Ray Beierling 1064,6,Christina Campbell 1116,Dwayne Campbell 1115,2,4.00,T1,1063,40,1608.08,3.97,1612.05,1064,40,1608.08,3.97,1612.05,1116,40,1500.00,-3.97,1496.03,1115,40,1500.00,-3.97,1496.03
87,11/16/2019,Jason Beierling 1063,Ray Beierling 1064,3,Nolan Tracey 1122,Reid Tracey 1123,5,4.00,T2,1063,40,1612.05,-11.24,1600.81,1064,40,1612.05,-11.24,1600.81,1122,40,1500.00,11.24,1511.24,1123,40,1500.00,11.24,1511.24
88,11/16/2019,Jason Beierling 1063,Ray Beierling 1064,8,Kurt Ruthers 1256,Randy Nevers 1185,0,4.00,T1,1063,40,1600.81,14.35,1615.16,1064,40,1600.81,14.35,1615.16,1256,40,1500.00,-14.35,1485.65,1185,40,1500.00,-14.35,1485.65
89,11/16/2019,Jason Beierling 1063,Ray Beierling 1064,8,Carol Cook 1257,Cathy Kuepfer 1107,0,4.00,T1,1063,40,1615.16,13.60,1628.76,1064,40,1615.16,13.60,1628.76,1257,40,1500.00,-13.60,1486.40,1107,40,1500.00,-13.60,1486.40
90,11/16/2019,Jason Beierling 1063,Ray Beierling 1064,6,Jeremy Tracey 1114,Roy Campbell 1086,2,4.00,T1,1063,40,1628.76,3.42,1632.18,1064,40,1628.76,3.42,1632.18,1114,40,1500.00,-3.42,1496.58,1086,40,1519.97,-3.42,1516.55
91,11/16/2019,Jason Beierling 1063,Ray Beierling 1064,4,Darren Carr 1258,Robert Bonnett 1075,4,4.00,TIE,1063,40,1632.18,-7.82,1624.36,1064,40,1632.18,-7.82,1624.36,1258,40,1500.00,7.82,1507.82,1075,40,1477.24,7.82,1485.06
92,11/16/2019,Jason Beierling 1063,Ray Beierling 1064,8,Andrew Hutchinson 1113,Jon Conrad 1069,0,4.00,T1,1063,40,1624.36,13.13,1637.49,1064,40,1624.36,13.13,1637.49,1113,40,1500.00,-13.13,1486.87,1069,40,1500.00,-13.13,1486.87
93,11/16/2019,Jason Beierling 1063,Ray Beierling 1064,4,John Lichti 1100,Ron Langill 1220,4,4.00,TIE,1063,40,1637.49,-7.53,1629.96,1064,40,1637.49,-7.53,1629.96,1100,40,1500.00,7.53,1507.53,1220,40,1500.00,7.53,1507.53
94,11/16/2019,Jason Beierling 1063,Ray Beierling 1064,5,Bob Jones 1090,Howard Martin 1078,3,4.00,T1,1063,40,1629.96,-1.64,1628.32,1064,40,1629.96,-1.64,1628.32,1090,40,1500.00,1.64,1501.64,1078,40,1519.97,1.64,1521.61
95,11/16/2019,Clare Kuepfer 1102,Neil Cook 1110,1,Fred Slater 1072,Justin Slater 1071,7,4.00,T2,1102,40,1470.81,-9.10,1461.71,1110,40,1448.28,-9.10,1439.18,1072,40,1565.20,9.10,1574.30,1071,40,1565.20,9.10,1574.30
96,11/16/2019,Clare Kuepfer 1102,Neil Cook 1110,4,Dale Henry 1108,Eric Miltenburg 1062,4,4.00,TIE,1102,40,1461.71,3.49,1465.20,1110,40,1439.18,3.49,1442.67,1108,40,1495.00,-3.49,1491.51,1062,40,1528.31,-3.49,1524.82
97,11/16/2019,Clare Kuepfer 1102,Neil Cook 1110,4,Gloria Walsh 1109,Nathan Walsh 1060,4,4.00,TIE,1102,40,1465.20,1.39,1466.59,1110,40,1442.67,1.39,1444.06,1109,40,1502.39,-1.39,1501.00,1060,40,1453.87,-1.39,1452.48
98,11/16/2019,Clare Kuepfer 1102,Neil Cook 1110,6,Christina Campbell 1116,Dwayne Campbell 1115,2,4.00,T1,1102,40,1466.59,12.33,1478.92,1110,40,1444.06,12.33,1456.39,1116,40,1496.03,-12.33,1483.70,1115,40,1496.03,-12.33,1483.70
99,11/16/2019,Clare Kuepfer 1102,Neil Cook 1110,4,Nolan Tracey 1122,Reid Tracey 1123,4,4.00,TIE,1102,40,1478.92,2.50,1481.42,1110,40,1456.39,2.50,1458.89,1122,40,1511.24,-2.50,1508.74,1123,40,1511.24,-2.50,1508.74
100,11/16/2019,Clare Kuepfer 1102,Neil Cook 1110,6,Kurt Ruthers 1256,Randy Nevers 1185,2,4.00,T1,1102,40,1481.42,10.89,1492.31,1110,40,1458.89,10.89,1469.78,1256,40,1485.65,-10.89,1474.76,1185,40,1485.65,-10.89,1474.76
101,11/16/2019,Clare Kuepfer 1102,Neil Cook 1110,6,Carol Cook 1257,Cathy Kuepfer 1107,2,4.00,T1,1102,40,1492.31,10.31,1502.62,1110,40,1469.78,10.31,1480.09,1257,40,1486.40,-10.31,1476.09,1107,40,1486.40,-10.31,1476.09
102,11/16/2019,Clare Kuepfer 1102,Neil Cook 1110,2,Jeremy Tracey 1114,Roy Campbell 1086,6,4.00,T2,1102,40,1502.62,-9.13,1493.49,1110,40,1480.09,-9.13,1470.96,1114,40,1496.58,9.13,1505.71,1086,40,1516.55,9.13,1525.68
103,11/16/2019,Clare Kuepfer 1102,Neil Cook 1110,4,Darren Carr 1258,Robert Bonnett 1075,4,4.00,TIE,1102,40,1493.49,0.82,1494.31,1110,40,1470.96,0.82,1471.78,1258,40,1507.82,-0.82,1507.00,1075,40,1485.06,-0.82,1484.24
104,11/16/2019,Clare Kuepfer 1102,Neil Cook 1110,0,Andrew Hutchinson 1113,Jon Conrad 1069,8,4.00,T2,1102,40,1494.31,-19.78,1474.53,1110,40,1471.78,-19.78,1452.00,1113,40,1486.87,19.78,1506.65,1069,40,1486.87,19.78,1506.65
105,11/16/2019,Clare Kuepfer 1102,Neil Cook 1110,6,John Lichti 1100,Ron Langill 1220,2,4.00,T1,1102,40,1474.53,12.53,1487.06,1110,40,1452.00,12.53,1464.53,1100,40,1507.53,-12.53,1495.00,1220,40,1507.53,-12.53,1495.00
106,11/16/2019,Clare Kuepfer 1102,Neil Cook 1110,8,Bob Jones 1090,Howard Martin 1078,0,4.00,T1,1102,40,1487.06,22.06,1509.12,1110,40,1464.53,22.06,1486.59,1090,40,1501.64,-22.06,1479.58,1078,40,1521.61,-22.06,1499.55
107,11/16/2019,Fred Slater 1072,Justin Slater 1071,7,Dale Henry 1108,Eric Miltenburg 1062,1,4.00,T1,1072,40,1574.30,11.24,1585.54,1071,40,1574.30,11.24,1585.54,1108,40,1491.51,-11.24,1480.27,1062,40,1524.82,-11.24,1513.58
108,11/16/2019,Fred Slater 1072,Justin Slater 1071,6,Gloria Walsh 1109,Nathan Walsh 1060,2,4.00,T1,1072,40,1585.54,3.93,1589.47,1071,40,1585.54,3.93,1589.47,1109,40,1501.00,-3.93,1497.07,1060,40,1452.48,-3.93,1448.55
109,11/16/2019,Fred Slater 1072,Justin Slater 1071,6,Christina Campbell 1116,Dwayne Campbell 1115,2,4.00,T1,1072,40,1589.47,4.09,1593.56,1071,40,1589.47,4.09,1593.56,1116,40,1483.70,-4.09,1479.61,1115,40,1483.70,-4.09,1479.61
110,11/16/2019,Fred Slater 1072,Justin Slater 1071,4,Nolan Tracey 1122,Reid Tracey 1123,4,4.00,TIE,1072,40,1593.56,-4.79,1588.77,1071,40,1593.56,-4.79,1588.77,1122,40,1508.74,4.79,1513.53,1123,40,1508.74,4.79,1513.53
111,11/16/2019,Fred Slater 1072,Justin Slater 1071,8,Kurt Ruthers 1256,Randy Nevers 1185,0,4.00,T1,1072,40,1588.77,13.66,1602.43,1071,40,1588.77,13.66,1602.43,1256,40,1474.76,-13.66,1461.10,1185,40,1474.76,-13.66,1461.10
112,11/16/2019,Fred Slater 1072,Justin Slater 1071,4,Carol Cook 1257,Cathy Kuepfer 1107,4,4.00,TIE,1072,40,1602.43,-6.97,1595.46,1071,40,1602.43,-6.97,1595.46,1257,40,1476.09,6.97,1483.06,1107,40,1476.09,6.97,1483.06
113,11/16/2019,Fred Slater 1072,Justin Slater 1071,6,Jeremy Tracey 1114,Roy Campbell 1086,2,4.00,T1,1072,40,1595.46,5.49,1600.95,1071,40,1595.46,5.49,1600.95,1114,40,1505.71,-5.49,1500.22,1086,40,1525.68,-5.49,1520.19
114,11/16/2019,Fred Slater 1072,Justin Slater 1071,4,Darren Carr 1258,Robert Bonnett 1075,4,4.00,TIE,1072,40,1600.95,-5.88,1595.07,1071,40,1600.95,-5.88,1595.07,1258,40,1507.00,5.88,1512.88,1075,40,1484.24,5.88,1490.12
115,11/16/2019,Fred Slater 1072,Justin Slater 1071,3,Andrew Hutchinson 1113,Jon Conrad 1069,5,4.00,T2,1072,40,1595.07,-9.98,1585.09,1071,40,1595.07,-9.98,1585.09,1113,40,1506.65,9.98,1516.63,1069,40,1506.65,9.98,1516.63
116,11/16/2019,Fred Slater 1072,Justin Slater 1071,4,John Lichti 1100,Ron Langill 1220,4,4.00,TIE,1072,40,1585.09,-5.07,1580.02,1071,40,1585.09,-5.07,1580.02,1100,40,1495.00,5.07,1500.07,1220,40,1495.00,5.07,1500.07
117,11/16/2019,Fred Slater 1072,Justin Slater 1071,6,Bob Jones 1090,Howard Martin 1078,2,4.00,T1,1072,40,1580.02,4.91,1584.93,1071,40,1580.02,4.91,1584.93,1090,40,1479.58,-4.91,1474.67,1078,40,1499.55,-4.91,1494.64
118,11/16/2019,Dale Henry 1108,Eric Miltenburg 1062,4,Gloria Walsh 1109,Nathan Walsh 1060,4,4.00,TIE,1108,40,1480.27,-1.39,1478.88,1062,40,1513.58,-1.39,1512.19,1109,40,1497.07,1.39,1498.46,1060,40,1448.55,1.39,1449.94
119,11/16/2019,Dale Henry 1108,Eric Miltenburg 1062,1,Christina Campbell 1116,Dwayne Campbell 1115,7,4.00,T2,1108,40,1478.88,-15.92,1462.96,1062,40,1512.19,-15.92,1496.27,1116,40,1479.61,15.92,1495.53,1115,40,1479.61,15.92,1495.53
120,11/16/2019,Dale Henry 1108,Eric Miltenburg 1062,3,Nolan Tracey 1122,Reid Tracey 1123,5,4.00,T2,1108,40,1462.96,-3.05,1459.91,1062,40,1496.27,-3.05,1493.22,1122,40,1513.53,3.05,1516.58,1123,40,1513.53,3.05,1516.58
121,11/16/2019,Dale Henry 1108,Eric Miltenburg 1062,8,Kurt Ruthers 1256,Randy Nevers 1185,0,4.00,T1,1108,40,1459.91,19.11,1479.02,1062,40,1493.22,19.11,1512.33,1256,40,1461.10,-19.11,1441.99,1185,40,1461.10,-19.11,1441.99
122,11/16/2019,Dale Henry 1108,Eric Miltenburg 1062,4,Carol Cook 1257,Cathy Kuepfer 1107,4,4.00,TIE,1108,40,1479.02,-0.73,1478.29,1062,40,1512.33,-0.73,1511.60,1257,40,1483.06,0.73,1483.79,1107,40,1483.06,0.73,1483.79
123,11/16/2019,Dale Henry 1108,Eric Miltenburg 1062,1,Jeremy Tracey 1114,Roy Campbell 1086,7,4.00,T2,1108,40,1478.29,-14.12,1464.17,1062,40,1511.60,-14.12,1497.48,1114,40,1500.22,14.12,1514.34,1086,40,1520.19,14.12,1534.31
124,11/16/2019,Dale Henry 1108,Eric Miltenburg 1062,2,Darren Carr 1258,Robert Bonnett 1075,6,4.00,T2,1108,40,1464.17,-8.81,1455.36,1062,40,1497.48,-8.81,1488.67,1258,40,1512.88,8.81,1521.69,1075,40,1490.12,8.81,1498.93
125,11/16/2019,Dale Henry 1108,Eric Miltenburg 1062,2,Andrew Hutchinson 1113,Jon Conrad 1069,6,4.00,T2,1108,40,1455.36,-7.45,1447.91,1062,40,1488.67,-7.45,1481.22,1113,40,1516.63,7.45,1524.08,1069,40,1516.63,7.45,1524.08
126,11/16/2019,Dale Henry 1108,Eric Miltenburg 1062,4,John Lichti 1100,Ron Langill 1220,4,4.00,TIE,1108,40,1447.91,2.04,1449.95,1062,40,1481.22,2.04,1483.26,1100,40,1500.07,-2.04,1498.03,1220,40,1500.07,-2.04,1498.03
127,11/16/2019,Dale Henry 1108,Eric Miltenburg 1062,6,Bob Jones 1090,Howard Martin 1078,2,4.00,T1,1108,40,1449.95,11.04,1460.99,1062,40,1483.26,11.04,1494.30,1090,40,1474.67,-11.04,1463.63,1078,40,1494.64,-11.04,1483.60
128,11/16/2019,Gloria Walsh 1109,Nathan Walsh 1060,3,Christina Campbell 1116,Dwayne Campbell 1115,5,4.00,T2,1109,40,1498.46,-3.77,1494.69,1060,40,1449.94,-3.77,1446.17,1116,40,1495.53,3.77,1499.30,1115,40,1495.53,3.77,1499.30
129,11/16/2019,Gloria Walsh 1109,Nathan Walsh 1060,5,Nolan Tracey 1122,Reid Tracey 1123,3,4.00,T1,1109,40,1494.69,7.64,1502.33,1060,40,1446.17,7.64,1453.81,1122,40,1516.58,-7.64,1508.94,1123,40,1516.58,-7.64,1508.94
130,11/16/2019,Gloria Walsh 1109,Nathan Walsh 1060,8,Kurt Ruthers 1256,Randy Nevers 1185,0,4.00,T1,1109,40,1502.33,17.93,1520.26,1060,40,1453.81,17.93,1471.74,1256,40,1441.99,-17.93,1424.06,1185,40,1441.99,-17.93,1424.06
131,11/16/2019,Gloria Walsh 1109,Nathan Walsh 1060,6,Carol Cook 1257,Cathy Kuepfer 1107,2,4.00,T1,1109,40,1520.26,9.30,1529.56,1060,40,1471.74,9.30,1481.04,1257,40,1483.79,-9.30,1474.49,1107,40,1483.79,-9.30,1474.49
132,11/16/2019,Gloria Walsh 1109,Nathan Walsh 1060,2,Jeremy Tracey 1114,Roy Campbell 1086,6,4.00,T2,1109,40,1529.56,-8.91,1520.65,1060,40,1481.04,-8.91,1472.13,1114,40,1514.34,8.91,1523.25,1086,40,1534.31,8.91,1543.22
133,11/16/2019,Gloria Walsh 1109,Nathan Walsh 1060,4,Darren Carr 1258,Robert Bonnett 1075,4,4.00,TIE,1109,40,1520.65,0.80,1521.45,1060,40,1472.13,0.80,1472.93,1258,40,1521.69,-0.80,1520.89,1075,40,1498.93,-0.80,1498.13
134,11/16/2019,Gloria Walsh 1109,Nathan Walsh 1060,3,Andrew Hutchinson 1113,Jon Conrad 1069,5,4.00,T2,1109,40,1521.45,-3.46,1517.99,1060,40,1472.93,-3.46,1469.47,1113,40,1524.08,3.46,1527.54,1069,40,1524.08,3.46,1527.54
135,11/16/2019,Gloria Walsh 1109,Nathan Walsh 1060,6,John Lichti 1100,Ron Langill 1220,2,4.00,T1,1109,40,1517.99,10.25,1528.24,1060,40,1469.47,10.25,1479.72,1100,40,1498.03,-10.25,1487.78,1220,40,1498.03,-10.25,1487.78
136,11/16/2019,Gloria Walsh 1109,Nathan Walsh 1060,5,Bob Jones 1090,Howard Martin 1078,3,4.00,T1,1109,40,1528.24,3.26,1531.50,1060,40,1479.72,3.26,1482.98,1090,40,1463.63,-3.26,1460.37,1078,40,1483.60,-3.26,1480.34
137,11/16/2019,Christina Campbell 1116,Dwayne Campbell 1115,2,Nolan Tracey 1122,Reid Tracey 1123,6,4.00,T2,1116,40,1499.30,-9.45,1489.85,1115,40,1499.30,-9.45,1489.85,1122,40,1508.94,9.45,1518.39,1123,40,1508.94,9.45,1518.39
138,11/16/2019,Christina Campbell 1116,Dwayne Campbell 1115,8,Kurt Ruthers 1256,Randy Nevers 1185,0,4.00,T1,1116,40,1489.85,16.26,1506.11,1115,40,1489.85,16.26,1506.11,1256,40,1424.06,-16.26,1407.80,1185,40,1424.06,-16.26,1407.80
139,11/16/2019,Christina Campbell 1116,Dwayne Campbell 1115,8,Carol Cook 1257,Cathy Kuepfer 1107,0,4.00,T1,1116,40,1506.11,18.18,1524.29,1115,40,1506.11,18.18,1524.29,1257,40,1474.49,-18.18,1456.31,1107,40,1474.49,-18.18,1456.31
140,11/16/2019,Christina Campbell 1116,Dwayne Campbell 1115,2,Jeremy Tracey 1114,Roy Campbell 1086,6,4.00,T2,1116,40,1524.29,-9.49,1514.80,1115,40,1524.29,-9.49,1514.80,1114,40,1523.25,9.49,1532.74,1086,40,1543.22,9.49,1552.71
141,11/16/2019,Christina Campbell 1116,Dwayne Campbell 1115,2,Darren Carr 1258,Robert Bonnett 1075,6,4.00,T2,1116,40,1514.80,-10.30,1504.50,1115,40,1514.80,-10.30,1504.50,1258,40,1520.89,10.30,1531.19,1075,40,1498.13,10.30,1508.43
142,11/16/2019,Christina Campbell 1116,Dwayne Campbell 1115,2,Andrew Hutchinson 1113,Jon Conrad 1069,6,4.00,T2,1116,40,1504.50,-8.68,1495.82,1115,40,1504.50,-8.68,1495.82,1113,40,1527.54,8.68,1536.22,1069,40,1527.54,8.68,1536.22
143,11/16/2019,Christina Campbell 1116,Dwayne Campbell 1115,3,John Lichti 1100,Ron Langill 1220,5,4.00,T2,1116,40,1495.82,-5.46,1490.36,1115,40,1495.82,-5.46,1490.36,1100,40,1487.78,5.46,1493.24,1220,40,1487.78,5.46,1493.24
144,11/16/2019,Christina Campbell 1116,Dwayne Campbell 1115,4,Bob Jones 1090,Howard Martin 1078,4,4.00,TIE,1116,40,1490.36,-1.15,1489.21,1115,40,1490.36,-1.15,1489.21,1090,40,1460.37,1.15,1461.52,1078,40,1480.34,1.15,1481.49
145,11/16/2019,Nolan Tracey 1122,Reid Tracey 1123,7,Kurt Ruthers 1256,Randy Nevers 1185,1,4.00,T1,1122,40,1518.39,8.84,1527.23,1123,40,1518.39,8.84,1527.23,1256,40,1407.80,-8.84,1398.96,1185,40,1407.80,-8.84,1398.96
146,11/16/2019,Nolan Tracey 1122,Reid Tracey 1123,8,Carol Cook 1257,Cathy Kuepfer 1107,0,4.00,T1,1122,40,1527.23,15.97,1543.20,1123,40,1527.23,15.97,1543.20,1257,40,1456.31,-15.97,1440.34,1107,40,1456.31,-15.97,1440.34
147,11/16/2019,Nolan Tracey 1122,Reid Tracey 1123,0,Jeremy Tracey 1114,Roy Campbell 1086,8,4.00,T2,1122,40,1543.20,-20.03,1523.17,1123,40,1543.20,-20.03,1523.17,1114,40,1532.74,20.03,1552.77,1086,40,1552.71,20.03,1572.74
148,11/16/2019,Nolan Tracey 1122,Reid Tracey 1123,2,Darren Carr 1258,Robert Bonnett 1075,6,4.00,T2,1122,40,1523.17,-10.19,1512.98,1123,40,1523.17,-10.19,1512.98,1258,40,1531.19,10.19,1541.38,1075,40,1508.43,10.19,1518.62
149,11/16/2019,Nolan Tracey 1122,Reid Tracey 1123,6,Andrew Hutchinson 1113,Jon Conrad 1069,2,4.00,T1,1122,40,1512.98,11.34,1524.32,1123,40,1512.98,11.34,1524.32,1113,40,1536.22,-11.34,1524.88,1069,40,1536.22,-11.34,1524.88
150,11/16/2019,Nolan Tracey 1122,Reid Tracey 1123,8,John Lichti 1100,Ron Langill 1220,0,4.00,T1,1122,40,1524.32,18.22,1542.54,1123,40,1524.32,18.22,1542.54,1100,40,1493.24,-18.22,1475.02,1220,40,1493.24,-18.22,1475.02
151,11/16/2019,Nolan Tracey 1122,Reid Tracey 1123,6,Bob Jones 1090,Howard Martin 1078,2,4.00,T1,1122,40,1542.54,5.97,1548.51,1123,40,1542.54,5.97,1548.51,1090,40,1461.52,-5.97,1455.55,1078,40,1481.49,-5.97,1475.52
152,11/16/2019,Kurt Ruthers 1256,Randy Nevers 1185,0,Carol Cook 1257,Cathy Kuepfer 1107,8,4.00,T2,1256,40,1398.96,-17.63,1381.33,1185,40,1398.96,-17.63,1381.33,1257,40,1440.34,17.63,1457.97,1107,40,1440.34,17.63,1457.97
153,11/16/2019,Kurt Ruthers 1256,Randy Nevers 1185,0,Jeremy Tracey 1114,Roy Campbell 1086,8,4.00,T2,1256,40,1381.33,-10.41,1370.92,1185,40,1381.33,-10.41,1370.92,1114,40,1552.77,10.41,1563.18,1086,40,1572.74,10.41,1583.15
154,11/16/2019,Kurt Ruthers 1256,Randy Nevers 1185,0,Darren Carr 1258,Robert Bonnett 1075,8,4.00,T2,1256,40,1370.92,-11.43,1359.49,1185,40,1370.92,-11.43,1359.49,1258,40,1541.38,11.43,1552.81,1075,40,1518.62,11.43,1530.05
155,11/16/2019,Kurt Ruthers 1256,Randy Nevers 1185,0,Andrew Hutchinson 1113,Jon Conrad 1069,8,4.00,T2,1256,40,1359.49,-11.14,1348.35,1185,40,1359.49,-11.14,1348.35,1113,40,1524.88,11.14,1536.02,1069,40,1524.88,11.14,1536.02
156,11/16/2019,Kurt Ruthers 1256,Randy Nevers 1185,0,John Lichti 1100,Ron Langill 1220,8,4.00,T2,1256,40,1348.35,-13.02,1335.33,1185,40,1348.35,-13.02,1335.33,1100,40,1475.02,13.02,1488.04,1220,40,1475.02,13.02,1488.04
157,11/16/2019,Kurt Ruthers 1256,Randy Nevers 1185,0,Bob Jones 1090,Howard Martin 1078,8,4.00,T2,1256,40,1335.33,-12.84,1322.49,1185,40,1335.33,-12.84,1322.49,1090,40,1455.55,12.84,1468.39,1078,40,1475.52,12.84,1488.36
158,11/16/2019,Carol Cook 1257,Cathy Kuepfer 1107,1,Jeremy Tracey 1114,Roy Campbell 1086,7,4.00,T2,1257,40,1457.97,-8.60,1449.37,1107,40,1457.97,-8.60,1449.37,1114,40,1563.18,8.60,1571.78,1086,40,1583.15,8.60,1591.75
159,11/16/2019,Carol Cook 1257,Cathy Kuepfer 1107,0,Darren Carr 1258,Robert Bonnett 1075,8,4.00,T2,1257,40,1449.37,-14.82,1434.55,1107,40,1449.37,-14.82,1434.55,1258,40,1552.81,14.82,1567.63,1075,40,1530.05,14.82,1544.87
160,11/16/2019,Carol Cook 1257,Cathy Kuepfer 1107,0,Andrew Hutchinson 1113,Jon Conrad 1069,8,4.00,T2,1257,40,1434.55,-14.32,1420.23,1107,40,1434.55,-14.32,1420.23,1113,40,1536.02,14.32,1550.34,1069,40,1536.02,14.32,1550.34
161,11/16/2019,Carol Cook 1257,Cathy Kuepfer 1107,4,John Lichti 1100,Ron Langill 1220,4,4.00,TIE,1257,40,1420.23,3.85,1424.08,1107,40,1420.23,3.85,1424.08,1100,40,1488.04,-3.85,1484.19,1220,40,1488.04,-3.85,1484.19
162,11/16/2019,Carol Cook 1257,Cathy Kuepfer 1107,0,Bob Jones 1090,Howard Martin 1078,8,4.00,T2,1257,40,1424.08,-16.90,1407.18,1107,40,1424.08,-16.90,1407.18,1090,40,1468.39,16.90,1485.29,1078,40,1488.36,16.90,1505.26
163,11/16/2019,Jeremy Tracey 1114,Roy Campbell 1086,6,Darren Carr 1258,Robert Bonnett 1075,2,4.00,T1,1114,40,1571.78,8.53,1580.31,1086,40,1591.75,8.53,1600.28,1258,40,1567.63,-8.53,1559.10,1075,40,1544.87,-8.53,1536.34
164,11/16/2019,Jeremy Tracey 1114,Roy Campbell 1086,2,Andrew Hutchinson 1113,Jon Conrad 1069,6,4.00,T2,1114,40,1580.31,-12.29,1568.02,1086,40,1600.28,-12.29,1587.99,1113,40,1550.34,12.29,1562.63,1069,40,1550.34,12.29,1562.63
165,11/16/2019,Jeremy Tracey 1114,Roy Campbell 1086,8,John Lichti 1100,Ron Langill 1220,0,4.00,T1,1114,40,1568.02,14.73,1582.75,1086,40,1587.99,14.73,1602.72,1100,40,1484.19,-14.73,1469.46,1220,40,1484.19,-14.73,1469.46
166,11/16/2019,Jeremy Tracey 1114,Roy Campbell 1086,6,Bob Jones 1090,Howard Martin 1078,4,5.00,T1,1114,40,1582.75,-1.83,1580.92,1086,40,1602.72,-1.83,1600.89,1090,40,1485.29,1.83,1487.12,1078,40,1505.26,1.83,1507.09
167,11/16/2019,Darren Carr 1258,Robert Bonnett 1075,4,Andrew Hutchinson 1113,Jon Conrad 1069,4,4.00,TIE,1258,40,1559.10,0.86,1559.96,1075,40,1536.34,0.86,1537.20,1113,40,1562.63,-0.86,1561.77,1069,40,1562.63,-0.86,1561.77
168,11/16/2019,Darren Carr 1258,Robert Bonnett 1075,2,John Lichti 1100,Ron Langill 1220,6,4.00,T2,1258,40,1559.96,-14.48,1545.48,1075,40,1537.20,-14.48,1522.72,1100,40,1469.46,14.48,1483.94,1220,40,1469.46,14.48,1483.94
169,11/16/2019,Darren Carr 1258,Robert Bonnett 1075,5,Bob Jones 1090,Howard Martin 1078,3,4.00,T1,1258,40,1545.48,2.88,1548.36,1075,40,1522.72,2.88,1525.60,1090,40,1487.12,-2.88,1484.24,1078,40,1507.09,-2.88,1504.21
170,11/16/2019,Andrew Hutchinson 1113,Jon Conrad 1069,6,John Lichti 1100,Ron Langill 1220,2,4.00,T1,1113,40,1561.77,5.59,1567.36,1069,40,1561.77,5.59,1567.36,1100,40,1483.94,-5.59,1478.35,1220,40,1483.94,-5.59,1478.35
171,11/16/2019,Andrew Hutchinson 1113,Jon Conrad 1069,8,Bob Jones 1090,Howard Martin 1078,0,4.00,T1,1113,40,1567.36,15.85,1583.21,1069,40,1567.36,15.85,1583.21,1090,40,1484.24,-15.85,1468.39,1078,40,1504.21,-15.85,1488.36
172,11/16/2019,John Lichti 1100,Ron Langill 1220,5,Bob Jones 1090,Howard Martin 1078,3,4.00,T1,1100,40,1478.35,5.00,1483.35,1220,40,1478.35,5.00,1483.35,1090,40,1468.39,-5.00,1463.39,1078,40,1488.36,-5.00,1483.36
173,12/27/2019,Connor Reinman 1147,Roy Campbell 1086,2,Ray Beierling 1064,Ron Langill 1220,6,4.00,T2,1147,40,1500.00,-9.69,1490.31,1086,40,1600.89,-9.69,1591.20,1064,40,1628.32,9.69,1638.01,1220,40,1483.35,9.69,1493.04
174,12/27/2019,Connor Reinman 1147,Jason Beierling 1063,4,Jeremy Tracey 1114,Roy Campbell 1086,4,4.00,TIE,1147,40,1490.31,1.54,1491.85,1063,40,1628.32,1.54,1629.86,1114,40,1580.92,-1.54,1579.38,1086,40,1591.20,-1.54,1589.66
175,12/27/2019,Connor Reinman 1147,Ray Beierling 1064,4,Andrew Hutchinson 1113,Jason Beierling 1063,4,4.00,TIE,1147,40,1491.85,2.38,1494.23,1064,20,1638.01,1.19,1639.20,1113,40,1583.21,-2.38,1580.83,1063,20,1629.86,-1.19,1628.67
176,12/27/2019,Connor Reinman 1147,Nathan Walsh 1060,6,Jeremy Tracey 1114,Ray Beierling 1064,2,4.00,T1,1147,40,1494.23,16.68,1510.91,1060,40,1482.98,16.68,1499.66,1114,40,1579.38,-16.68,1562.70,1064,20,1639.20,-8.34,1630.86
177,12/27/2019,Connor Reinman 1147,Jeremy Tracey 1114,8,Andrew Hutchinson 1113,Ron Langill 1220,0,4.00,T1,1147,40,1510.91,20.01,1530.92,1114,40,1562.70,20.01,1582.71,1113,40,1580.83,-20.01,1560.82,1220,40,1493.04,-20.01,1473.03
178,12/27/2019,Connor Reinman 1147,Ron Langill 1220,4,Jason Beierling 1063,Nathan Walsh 1060,4,4.00,TIE,1147,40,1530.92,3.54,1534.46,1220,40,1473.03,3.54,1476.57,1063,20,1628.67,-1.77,1626.90,1060,20,1499.66,-1.77,1497.89
179,12/27/2019,Jason Beierling 1063,Jeremy Tracey 1114,2,Andrew Hutchinson 1113,Nathan Walsh 1060,6,4.00,T2,1063,20,1626.90,-7.14,1619.76,1114,40,1582.71,-14.28,1568.43,1113,40,1560.82,14.28,1575.10,1060,20,1497.89,7.14,1505.03
180,12/27/2019,Jason Beierling 1063,Ray Beierling 1064,6,Jeremy Tracey 1114,Ron Langill 1220,2,4.00,T1,1063,20,1619.76,2.12,1621.88,1064,20,1630.86,2.12,1632.98,1114,40,1568.43,-4.25,1564.18,1220,40,1476.57,-4.25,1472.32
181,12/27/2019,Jason Beierling 1063,Ron Langill 1220,6,Andrew Hutchinson 1113,Roy Campbell 1086,2,4.00,T1,1063,20,1621.88,6.01,1627.89,1220,40,1472.32,12.02,1484.34,1113,40,1575.10,-12.02,1563.08,1086,40,1589.66,-12.02,1577.64
182,12/27/2019,Jason Beierling 1063,Roy Campbell 1086,3,Nathan Walsh 1060,Ray Beierling 1064,5,4.00,T2,1063,20,1627.89,-3.47,1624.42,1086,40,1577.64,-6.94,1570.70,1060,20,1505.03,3.47,1508.50,1064,20,1632.98,3.47,1636.45
183,12/27/2019,Jeremy Tracey 1114,Nathan Walsh 1060,6,Ron Langill 1220,Roy Campbell 1086,2,4.00,T1,1114,40,1564.18,9.49,1573.67,1060,20,1508.50,4.75,1513.25,1220,40,1484.34,-9.49,1474.85,1086,40,1570.70,-9.49,1561.21
184,12/27/2019,Nathan Walsh 1060,Ron Langill 1220,4,Andrew Hutchinson 1113,Ray Beierling 1064,4,4.00,TIE,1060,20,1513.25,2.95,1516.20,1220,40,1474.85,5.90,1480.75,1113,40,1563.08,-5.90,1557.18,1064,20,1636.45,-2.95,1633.50
185,12/27/2019,Nathan Walsh 1060,Roy Campbell 1086,4,Andrew Hutchinson 1113,Connor Reinman 1147,4,4.00,TIE,1060,20,1516.20,0.20,1516.40,1086,40,1561.21,0.41,1561.62,1113,40,1557.18,-0.41,1556.77,1147,40,1534.46,-0.41,1534.05
186,12/27/2019,Andrew Hutchinson 1113,Jeremy Tracey 1114,2,Ray Beierling 1064,Roy Campbell 1086,6,4.00,T2,1113,40,1556.77,-8.14,1548.63,1114,40,1573.67,-8.14,1565.53,1064,20,1633.50,4.07,1637.57,1086,20,1561.62,4.07,1565.69
187,10/08/2023,Richard Willsea 1004,Chris Prestero 1006,6,Stephanie Willsea 1005,Sam Fleming 1012,2,4.00,T1,1004,40,1500.00,10.00,1510.00,1006,40,1500.00,10.00,1510.00,1005,40,1500.00,-10.00,1490.00,1012,40,1500.00,-10.00,1490.00
188,10/08/2023,Ben Harding 1001,Ashley Skow 1013,6,Preston Leeke 1002,Karen Suter 1007,2,4.00,T1,1001,40,1500.00,10.00,1510.00,1013,40,1500.00,10.00,1510.00,1002,40,1500.00,-10.00,1490.00,1007,40,1500.00,-10.00,1490.00
189,10/08/2023,Chris Prestero 1006,Ben Harding 1001,8,Richard Willsea 1004,Ashley Skow 1013,0,4.00,T1,1006,40,1510.00,20.00,1530.00,1001,40,1510.00,20.00,1530.00,1004,40,1510.00,-20.00,1490.00,1013,40,1510.00,-20.00,1490.00
190,10/08/2023,Preston Leeke 1002,Sam Fleming 1012,6,Karen Suter 1007,Stephanie Willsea 1005,2,4.00,T1,1002,40,1490.00,10.00,1500.00,1012,40,1490.00,10.00,1500.00,1007,40,1490.00,-10.00,1480.00,1005,40,1490.00,-10.00,1480.00
191,10/08/2023,Chris Prestero 1006,Sam Fleming 1012,6,Ben Harding 1001,Preston Leeke 1002,2,4.00,T1,1006,40,1530.00,10.00,1540.00,1012,40,1500.00,10.00,1510.00,1001,40,1530.00,-10.00,1520.00,1002,40,1500.00,-10.00,1490.00
192,10/08/2023,Ashley Skow 1013,Karen Suter 1007,4,Richard Willsea 1004,Stephanie Willsea 1005,4,4.00,TIE,1013,40,1490.00,0.00,1490.00,1007,40,1480.00,0.00,1480.00,1004,40,1490.00,0.00,1490.00,1005,40,1480.00,0.00,1480.00
193,10/08/2023,Chris Prestero 1006,Ashley Skow 1013,6,Karen Suter 1007,Sam Fleming 1012,2,4.00,T1,1006,40,1540.00,8.85,1548.85,1013,40,1490.00,8.85,1498.85,1007,40,1480.00,-8.85,1471.15,1012,40,1510.00,-8.85,1501.15
194,10/08/2023,Ben Harding 1001,Richard Willsea 1004,3,Preston Leeke 1002,Stephanie Willsea 1005,5,4.00,T2,1001,40,1520.00,-6.15,1513.85,1004,40,1490.00,-6.15,1483.85,1002,40,1490.00,6.15,1496.15,1005,40,1480.00,6.15,1486.15
195,10/08/2023,Chris Prestero 1006,Stephanie Willsea 1005,6,Ashley Skow 1013,Preston Leeke 1002,2,4.00,T1,1006,40,1548.85,8.85,1557.70,1005,40,1486.15,8.85,1495.00,1013,40,1498.85,-8.85,1490.00,1002,40,1496.15,-8.85,1487.30
196,10/08/2023,Ben Harding 1001,Karen Suter 1007,2,Richard Willsea 1004,Sam Fleming 1012,6,4.00,T2,1001,40,1513.85,-10.00,1503.85,1007,40,1471.15,-10.00,1461.15,1004,40,1483.85,10.00,1493.85,1012,40,1501.15,10.00,1511.15
197,10/08/2023,Chris Prestero 1006,Karen Suter 1007,4,Ben Harding 1001,Stephanie Willsea 1005,4,4.00,TIE,1006,40,1557.70,-0.58,1557.12,1007,40,1461.15,-0.58,1460.57,1001,40,1503.85,0.58,1504.43,1005,40,1495.00,0.58,1495.58
198,10/08/2023,Preston Leeke 1002,Richard Willsea 1004,7,Ashley Skow 1013,Sam Fleming 1012,1,4.00,T1,1002,40,1487.30,15.58,1502.88,1004,40,1493.85,15.58,1509.43,1013,40,1490.00,-15.58,1474.42,1012,40,1511.15,-15.58,1495.57
199,10/08/2023,Chris Prestero 1006,Preston Leeke 1002,6,Karen Suter 1007,Richard Willsea 1004,2,4.00,T1,1006,40,1557.12,7.42,1564.54,1002,40,1502.88,7.42,1510.30,1007,40,1460.57,-7.42,1453.15,1004,40,1509.43,-7.42,1502.01
200,10/08/2023,Ben Harding 1001,Sam Fleming 1012,5,Stephanie Willsea 1005,Ashley Skow 1013,3,4.00,T1,1001,40,1504.43,4.14,1508.57,1012,40,1495.57,4.14,1499.71,1005,40,1495.58,-4.14,1491.44,1013,40,1474.42,-4.14,1470.28
201,10/08/2023,Ben Harding 1001,Preston Leeke 1002,8,Chris Prestero 1006,Sam Fleming 1012,0,4.00,T1,1001,40,1508.57,21.30,1529.87,1002,40,1510.30,21.30,1531.60,1006,40,1564.54,-21.30,1543.24,1012,40,1499.71,-21.30,1478.41
202,10/08/2023,Richard Willsea 1004,Karen Suter 1007,8,Ashley Skow 1013,Stephanie Willsea 1005,6,7.00,T1,1004,40,1502.01,5.33,1507.34,1007,40,1453.15,5.33,1458.48,1013,40,1470.28,-5.33,1464.95,1005,40,1491.44,-5.33,1486.11
203,01/07/2024,Ben Harding 1001,John Gray 1009,6,Stephanie Willsea 1005,Deanne Gray 1010,2,4.00,T1,1001,40,1529.87,8.74,1538.61,1009,40,1500.00,8.74,1508.74,1005,40,1486.11,-8.74,1477.37,1010,40,1500.00,-8.74,1491.26
204,01/07/2024,Ben Harding 1001,Deanne Gray 1010,6,Russell Daniels 1014,Sherri Marquardt 1015,2,4.00,T1,1001,40,1538.61,9.14,1547.75,1010,40,1491.26,9.14,1500.40,1014,40,1500.00,-9.14,1490.86,1015,40,1500.00,-9.14,1490.86
205,01/07/2024,Ben Harding 1001,Karen Suter 1007,8,John Gray 1009,Cori Harding 1018,0,4.00,T1,1001,40,1547.75,20.07,1567.82,1007,40,1458.48,20.07,1478.55,1009,40,1508.74,-20.07,1488.67,1018,40,1500.00,-20.07,1479.93
206,01/07/2024,Ben Harding 1001,Sherri Marquardt 1015,4,Stephanie Willsea 1005,Karen Suter 1007,4,4.00,TIE,1001,40,1567.82,-2.94,1564.88,1015,40,1490.86,-2.94,1487.92,1005,40,1477.37,2.94,1480.31,1007,40,1478.55,2.94,1481.49
207,01/07/2024,Ben Harding 1001,Sheryl Prestero 1016,8,Karen Suter 1007,Richard Willsea 1004,0,4.00,T1,1001,40,1564.88,17.82,1582.70,1016,40,1500.00,17.82,1517.82,1007,40,1481.49,-17.82,1463.67,1004,40,1507.34,-17.82,1489.52
208,01/07/2024,Richard Willsea 1004,Chris Prestero 1006,5,Sherri Marquardt 1015,Karen Suter 1007,3,4.00,T1,1004,40,1489.52,2.67,1492.19,1006,40,1543.24,2.67,1545.91,1015,40,1487.92,-2.67,1485.25,1007,40,1463.67,-2.67,1461.00
209,01/07/2024,Richard Willsea 1004,Stephanie Willsea 1005,4,Chris Prestero 1006,Nick Garcia 1017,4,4.00,TIE,1004,40,1492.19,2.11,1494.30,1005,40,1480.31,2.11,1482.42,1006,40,1545.91,-2.11,1543.80,1017,40,1500.00,-2.11,1497.89
210,01/07/2024,Richard Willsea 1004,Russell Daniels 1014,4,Sherri Marquardt 1015,Chris Prestero 1006,4,4.00,TIE,1004,40,1494.30,1.26,1495.56,1014,40,1490.86,1.26,1492.12,1015,40,1485.25,-1.26,1483.99,1006,40,1543.80,-1.26,1542.54
211,01/07/2024,Richard Willsea 1004,Deanne Gray 1010,4,Russell Daniels 1014,Sheryl Prestero 1016,4,4.00,TIE,1004,40,1495.56,0.40,1495.96,1010,40,1500.40,0.40,1500.80,1014,40,1492.12,-0.40,1491.72,1016,40,1517.82,-0.40,1517.42
212,01/07/2024,Sheryl Prestero 1016,Nick Garcia 1017,8,Russell Daniels 1014,Cori Harding 1018,0,4.00,T1,1016,40,1517.42,18.75,1536.17,1017,40,1497.89,18.75,1516.64,1014,40,1491.72,-18.75,1472.97,1018,40,1479.93,-18.75,1461.18
213,01/07/2024,Sheryl Prestero 1016,Cori Harding 1018,7,John Gray 1009,Karen Suter 1007,1,4.00,T1,1016,40,1536.17,13.63,1549.80,1018,40,1461.18,13.63,1474.81,1009,40,1488.67,-13.63,1475.04,1007,40,1461.00,-13.63,1447.37
214,01/07/2024,Sheryl Prestero 1016,Deanne Gray 1010,1,Nick Garcia 1017,Stephanie Willsea 1005,7,4.00,T2,1016,40,1549.80,-16.48,1533.32,1010,40,1500.80,-16.48,1484.32,1017,40,1516.64,16.48,1533.12,1005,40,1482.42,16.48,1498.90
215,01/07/2024,Nick Garcia 1017,Cori Harding 1018,2,Chris Prestero 1006,John Gray 1009,6,4.00,T2,1017,40,1533.12,-9.72,1523.40,1018,40,1474.81,-9.72,1465.09,1006,40,1542.54,9.72,1552.26,1009,40,1475.04,9.72,1484.76
216,01/07/2024,Nick Garcia 1017,John Gray 1009,6,Cori Harding 1018,Chris Prestero 1006,2,4.00,T1,1017,40,1523.40,10.26,1533.66,1009,40,1484.76,10.26,1495.02,1018,40,1465.09,-10.26,1454.83,1006,40,1552.26,-10.26,1542.00
217,01/07/2024,Deanne Gray 1010,Russell Daniels 1014,7,Stephanie Willsea 1005,Sherri Marquardt 1015,1,4.00,T1,1010,40,1484.32,15.74,1500.06,1014,40,1472.97,15.74,1488.71,1005,40,1498.90,-15.74,1483.16,1015,40,1483.99,-15.74,1468.25
218,01/07/2024,Richard Willsea 1004,Karen Suter 1007,8,Russell Daniels 1014,Stephanie Willsea 1005,0,4.00,T1,1004,40,1495.96,20.82,1516.78,1007,40,1447.37,20.82,1468.19,1014,40,1488.71,-20.82,1467.89,1005,40,1483.16,-20.82,1462.34
219,01/07/2024,Chris Prestero 1006,Nick Garcia 1017,7,Deanne Gray 1010,Sheryl Prestero 1016,1,4.00,T1,1006,40,1542.00,13.78,1555.78,1017,40,1533.66,13.78,1547.44,1010,40,1500.06,-13.78,1486.28,1016,40,1533.32,-13.78,1519.54
220,01/07/2024,Ben Harding 1001,John Gray 1009,9,Chris Prestero 1006,Nick Garcia 1017,7,8.00,T1,1001,40,1582.70,6.47,1589.17,1009,40,1495.02,6.47,1501.49,1006,40,1555.78,-6.47,1549.31,1017,40,1547.44,-6.47,1540.97
221,4/27/2024,Attila Berzlánovich 1035,Krisztián Berzlánovich 1036,7,Zoltán István Osvai 1053,Attila Retkes 1054,1,4.00,T1,1035,40,1500.00,15.00,1515.00,1036,40,1500.00,15.00,1515.00,1053,40,1500.00,-15.00,1485.00,1054,40,1500.00,-15.00,1485.00
222,4/27/2024,Tamás Zámbó 1037,Kristóf Zámbó 1038,8,Lelle Ladányi 1051,Péter Ladányi 1052,0,4.00,T1,1037,40,1500.00,20.00,1520.00,1038,40,1500.00,20.00,1520.00,1051,40,1500.00,-20.00,1480.00,1052,40,1500.00,-20.00,1480.00
223,4/27/2024,Ádám Huszárik 1039,Mihály Huszárik 1040,8,Szilvia Rataj 1049,Álmos Ákos Illyés-Rataj 1050,0,4.00,T1,1039,40,1500.00,20.00,1520.00,1040,40,1500.00,20.00,1520.00,1049,40,1500.00,-20.00,1480.00,1050,40,1500.00,-20.00,1480.00
224,4/27/2024,Nikolett Huszárik 1041,Árpád Lonsták 1042,4,Dániel Létay 1047,Gáspár Létay 1048,4,4.00,TIE,1041,40,1500.00,0.00,1500.00,1042,40,1500.00,0.00,1500.00,1047,40,1500.00,0.00,1500.00,1048,40,1500.00,0.00,1500.00
225,4/27/2024,Zsolt Bodnár 1043,Attila Molnár 1044,4,György Bozóki 1045,Tamara Bozóki 1046,4,4.00,TIE,1043,40,1500.00,0.00,1500.00,1044,40,1500.00,0.00,1500.00,1045,40,1500.00,0.00,1500.00,1046,40,1500.00,0.00,1500.00
226,4/27/2024,Attila Berzlánovich 1035,Krisztián Berzlánovich 1036,6,Szilvia Rataj 1049,Álmos Ákos Illyés-Rataj 1050,2,4.00,T1,1035,40,1515.00,7.99,1522.99,1036,40,1515.00,7.99,1522.99,1049,40,1480.00,-7.99,1472.01,1050,40,1480.00,-7.99,1472.01
227,4/27/2024,Tamás Zámbó 1037,Kristóf Zámbó 1038,3,Dániel Létay 1047,Gáspár Létay 1048,5,4.00,T2,1037,40,1520.00,-6.15,1513.85,1038,40,1520.00,-6.15,1513.85,1047,40,1500.00,6.15,1506.15,1048,40,1500.00,6.15,1506.15
228,4/27/2024,Ádám Huszárik 1039,Mihály Huszárik 1040,6,György Bozóki 1045,Tamara Bozóki 1046,2,4.00,T1,1039,40,1520.00,8.85,1528.85,1040,40,1520.00,8.85,1528.85,1045,40,1500.00,-8.85,1491.15,1046,40,1500.00,-8.85,1491.15
229,4/27/2024,Nikolett Huszárik 1041,Árpád Lonsták 1042,6,Zsolt Bodnár 1043,Attila Molnár 1044,2,4.00,T1,1041,40,1500.00,10.00,1510.00,1042,40,1500.00,10.00,1510.00,1043,40,1500.00,-10.00,1490.00,1044,40,1500.00,-10.00,1490.00
230,4/27/2024,Zsolt Rimár 1055,Attila Gelics 1056,4,Lelle Ladányi 1051,Péter Ladányi 1052,4,4.00,TIE,1055,40,1500.00,-1.15,1498.85,1056,40,1500.00,-1.15,1498.85,1051,40,1480.00,1.15,1481.15,1052,40,1480.00,1.15,1481.15
231,4/27/2024,Attila Berzlánovich 1035,Krisztián Berzlánovich 1036,7,György Bozóki 1045,Tamara Bozóki 1046,1,4.00,T1,1035,40,1522.99,13.17,1536.16,1036,40,1522.99,13.17,1536.16,1045,40,1491.15,-13.17,1477.98,1046,40,1491.15,-13.17,1477.98
232,4/27/2024,Tamás Zámbó 1037,Kristóf Zámbó 1038,4,Zsolt Bodnár 1043,Attila Molnár 1044,2,3.00,T1,1037,40,1513.85,3.97,1517.82,1038,40,1513.85,3.97,1517.82,1043,40,1490.00,-3.97,1486.03,1044,40,1490.00,-3.97,1486.03
233,4/27/2024,Ádám Huszárik 1039,Mihály Huszárik 1040,3,Nikolett Huszárik 1041,Árpád Lonsták 1042,5,4.00,T2,1039,40,1528.85,-6.08,1522.77,1040,40,1528.85,-6.08,1522.77,1041,40,1510.00,6.08,1516.08,1042,40,1510.00,6.08,1516.08
234,4/27/2024,Zsolt Rimár 1055,Attila Gelics 1056,7,Dániel Létay 1047,Gáspár Létay 1048,1,4.00,T1,1055,40,1498.85,15.42,1514.27,1056,40,1498.85,15.42,1514.27,1047,40,1506.15,-15.42,1490.73,1048,40,1506.15,-15.42,1490.73
235,4/27/2024,Zoltán István Osvai 1053,Attila Retkes 1054,4,Szilvia Rataj 1049,Álmos Ákos Illyés-Rataj 1050,4,4.00,TIE,1053,40,1485.00,-0.75,1484.25,1054,40,1485.00,-0.75,1484.25,1049,40,1472.01,0.75,1472.76,1050,40,1472.01,0.75,1472.76
236,4/27/2024,Attila Berzlánovich 1035,Krisztián Berzlánovich 1036,2,Nikolett Huszárik 1041,Árpád Lonsták 1042,6,4.00,T2,1035,40,1536.16,-11.15,1525.01,1036,40,1536.16,-11.15,1525.01,1041,40,1516.08,11.15,1527.23,1042,40,1516.08,11.15,1527.23
237,4/27/2024,Tamás Zámbó 1037,Kristóf Zámbó 1038,8,Ádám Huszárik 1039,Mihály Huszárik 1040,0,4.00,T1,1037,40,1517.82,20.28,1538.10,1038,40,1517.82,20.28,1538.10,1039,40,1522.77,-20.28,1502.49,1040,40,1522.77,-20.28,1502.49
238,4/27/2024,Zsolt Rimár 1055,Attila Gelics 1056,6,Zsolt Bodnár 1043,Attila Molnár 1044,2,4.00,T1,1055,40,1514.27,8.38,1522.65,1056,40,1514.27,8.38,1522.65,1043,40,1486.03,-8.38,1477.65,1044,40,1486.03,-8.38,1477.65
239,4/27/2024,Zoltán István Osvai 1053,Attila Retkes 1054,4,György Bozóki 1045,Tamara Bozóki 1046,4,4.00,TIE,1053,40,1484.25,-0.36,1483.89,1054,40,1484.25,-0.36,1483.89,1045,40,1477.98,0.36,1478.34,1046,40,1477.98,0.36,1478.34
240,4/27/2024,Lelle Ladányi 1051,Péter Ladányi 1052,5,Dániel Létay 1047,Gáspár Létay 1048,3,4.00,T1,1051,40,1481.15,5.55,1486.70,1052,40,1481.15,5.55,1486.70,1047,40,1490.73,-5.55,1485.18,1048,40,1490.73,-5.55,1485.18
241,4/27/2024,Attila Berzlánovich 1035,Krisztián Berzlánovich 1036,4,Tamás Zámbó 1037,Kristóf Zámbó 1038,4,4.00,TIE,1035,40,1525.01,0.75,1525.76,1036,40,1525.01,0.75,1525.76,1037,40,1538.10,-0.75,1537.35,1038,40,1538.10,-0.75,1537.35
242,4/27/2024,Zsolt Rimár 1055,Attila Gelics 1056,4,Ádám Huszárik 1039,Mihály Huszárik 1040,4,4.00,TIE,1055,40,1522.65,-1.16,1521.49,1056,40,1522.65,-1.16,1521.49,1039,40,1502.49,1.16,1503.65,1040,40,1502.49,1.16,1503.65
243,4/27/2024,Zoltán István Osvai 1053,Attila Retkes 1054,2,Nikolett Huszárik 1041,Árpád Lonsták 1042,6,4.00,T2,1053,40,1483.89,-7.52,1476.37,1054,40,1483.89,-7.52,1476.37,1041,40,1527.23,7.52,1534.75,1042,40,1527.23,7.52,1534.75
244,4/27/2024,Lelle Ladányi 1051,Péter Ladányi 1052,6,Zsolt Bodnár 1043,Attila Molnár 1044,2,4.00,T1,1051,40,1486.70,9.48,1496.18,1052,40,1486.70,9.48,1496.18,1043,40,1477.65,-9.48,1468.17,1044,40,1477.65,-9.48,1468.17
245,4/27/2024,Szilvia Rataj 1049,Álmos Ákos Illyés-Rataj 1050,2,György Bozóki 1045,Tamara Bozóki 1046,6,4.00,T2,1049,40,1472.76,-9.68,1463.08,1050,40,1472.76,-9.68,1463.08,1045,40,1478.34,9.68,1488.02,1046,40,1478.34,9.68,1488.02
246,4/27/2024,Zsolt Rimár 1055,Attila Gelics 1056,0,Attila Berzlánovich 1035,Krisztián Berzlánovich 1036,8,4.00,T2,1055,40,1521.49,-19.75,1501.74,1056,40,1521.49,-19.75,1501.74,1035,40,1525.76,19.75,1545.51,1036,40,1525.76,19.75,1545.51
247,4/27/2024,Zoltán István Osvai 1053,Attila Retkes 1054,0,Tamás Zámbó 1037,Kristóf Zámbó 1038,8,4.00,T2,1053,40,1476.37,-16.53,1459.84,1054,40,1476.37,-16.53,1459.84,1037,40,1537.35,16.53,1553.88,1038,40,1537.35,16.53,1553.88
248,4/27/2024,Lelle Ladányi 1051,Péter Ladányi 1052,6,Ádám Huszárik 1039,Mihály Huszárik 1040,2,4.00,T1,1051,40,1496.18,10.43,1506.61,1052,40,1496.18,10.43,1506.61,1039,40,1503.65,-10.43,1493.22,1040,40,1503.65,-10.43,1493.22
249,4/27/2024,Szilvia Rataj 1049,Álmos Ákos Illyés-Rataj 1050,0,Nikolett Huszárik 1041,Árpád Lonsták 1042,8,4.00,T2,1049,40,1463.08,-15.93,1447.15,1050,40,1463.08,-15.93,1447.15,1041,40,1534.75,15.93,1550.68,1042,40,1534.75,15.93,1550.68
250,4/27/2024,Dániel Létay 1047,Gáspár Létay 1048,4,Zsolt Bodnár 1043,Attila Molnár 1044,4,4.00,TIE,1047,40,1485.18,-0.98,1484.20,1048,40,1485.18,-0.98,1484.20,1043,40,1468.17,0.98,1469.15,1044,40,1468.17,0.98,1469.15
251,4/27/2024,Zoltán István Osvai 1053,Attila Retkes 1054,0,Zsolt Rimár 1055,Attila Gelics 1056,8,4.00,T2,1053,40,1459.84,-17.60,1442.24,1054,40,1459.84,-17.60,1442.24,1055,40,1501.74,17.60,1519.34,1056,40,1501.74,17.60,1519.34
252,4/27/2024,Lelle Ladányi 1051,Péter Ladányi 1052,4,Attila Berzlánovich 1035,Krisztián Berzlánovich 1036,4,4.00,TIE,1051,40,1506.61,2.23,1508.84,1052,40,1506.61,2.23,1508.84,1035,40,1545.51,-2.23,1543.28,1036,40,1545.51,-2.23,1543.28
253,4/27/2024,Szilvia Rataj 1049,Álmos Ákos Illyés-Rataj 1050,2,Tamás Zámbó 1037,Kristóf Zámbó 1038,6,4.00,T2,1049,40,1447.15,-4.04,1443.11,1050,40,1447.15,-4.04,1443.11,1037,40,1553.88,4.04,1557.92,1038,40,1553.88,4.04,1557.92
254,4/27/2024,Dániel Létay 1047,Gáspár Létay 1048,1,Ádám Huszárik 1039,Mihály Huszárik 1040,7,4.00,T2,1047,40,1484.20,-14.48,1469.72,1048,40,1484.20,-14.48,1469.72,1039,40,1493.22,14.48,1507.70,1040,40,1493.22,14.48,1507.70
255,4/27/2024,György Bozóki 1045,Tamara Bozóki 1046,2,Nikolett Huszárik 1041,Árpád Lonsták 1042,6,4.00,T2,1045,40,1488.02,-6.43,1481.59,1046,40,1488.02,-6.43,1481.59,1041,40,1550.68,6.43,1557.11,1042,40,1550.68,6.43,1557.11
256,4/27/2024,Lelle Ladányi 1051,Péter Ladányi 1052,4,Zoltán István Osvai 1053,Attila Retkes 1054,4,4.00,TIE,1051,40,1508.84,-3.79,1505.05,1052,40,1508.84,-3.79,1505.05,1053,40,1442.24,3.79,1446.03,1054,40,1442.24,3.79,1446.03
257,4/27/2024,Szilvia Rataj 1049,Álmos Ákos Illyés-Rataj 1050,0,Zsolt Rimár 1055,Attila Gelics 1056,8,4.00,T2,1049,40,1443.11,-15.68,1427.43,1050,40,1443.11,-15.68,1427.43,1055,40,1519.34,15.68,1535.02,1056,40,1519.34,15.68,1535.02
258,4/27/2024,Dániel Létay 1047,Gáspár Létay 1048,2,Attila Berzlánovich 1035,Krisztián Berzlánovich 1036,6,4.00,T2,1047,40,1469.72,-5.83,1463.89,1048,40,1469.72,-5.83,1463.89,1035,40,1543.28,5.83,1549.11,1036,40,1543.28,5.83,1549.11
259,4/27/2024,György Bozóki 1045,Tamara Bozóki 1046,2,Tamás Zámbó 1037,Kristóf Zámbó 1038,6,4.00,T2,1045,40,1481.59,-5.68,1475.91,1046,40,1481.59,-5.68,1475.91,1037,40,1557.92,5.68,1563.60,1038,40,1557.92,5.68,1563.60
260,4/27/2024,Zsolt Bodnár 1043,Attila Molnár 1044,2,Ádám Huszárik 1039,Mihály Huszárik 1040,4,3.00,T2,1043,40,1469.15,-3.34,1465.81,1044,40,1469.15,-3.34,1465.81,1039,40,1507.70,3.34,1511.04,1040,40,1507.70,3.34,1511.04
261,4/27/2024,Szilvia Rataj 1049,Álmos Ákos Illyés-Rataj 1050,1,Lelle Ladányi 1051,Péter Ladányi 1052,7,4.00,T2,1049,40,1427.43,-10.60,1416.83,1050,40,1427.43,-10.60,1416.83,1051,40,1505.05,10.60,1515.65,1052,40,1505.05,10.60,1515.65
262,4/27/2024,Dániel Létay 1047,Gáspár Létay 1048,8,Zoltán István Osvai 1053,Attila Retkes 1054,0,4.00,T1,1047,40,1463.89,18.97,1482.86,1048,40,1463.89,18.97,1482.86,1053,40,1446.03,-18.97,1427.06,1054,40,1446.03,-18.97,1427.06
263,4/27/2024,György Bozóki 1045,Tamara Bozóki 1046,4,Zsolt Rimár 1055,Attila Gelics 1056,4,4.00,TIE,1045,40,1475.91,3.37,1479.28,1046,40,1475.91,3.37,1479.28,1055,40,1535.02,-3.37,1531.65,1056,40,1535.02,-3.37,1531.65
264,4/27/2024,Zsolt Bodnár 1043,Attila Molnár 1044,4,Attila Berzlánovich 1035,Krisztián Berzlánovich 1036,4,4.00,TIE,1043,40,1465.81,4.71,1470.52,1044,40,1465.81,4.71,1470.52,1035,40,1549.11,-4.71,1544.40,1036,40,1549.11,-4.71,1544.40
265,4/27/2024,Nikolett Huszárik 1041,Árpád Lonsták 1042,8,Tamás Zámbó 1037,Kristóf Zámbó 1038,0,4.00,T1,1041,40,1557.11,20.37,1577.48,1042,40,1557.11,20.37,1577.48,1037,40,1563.60,-20.37,1543.23,1038,40,1563.60,-20.37,1543.23
266,4/27/2024,Dániel Létay 1047,Gáspár Létay 1048,6,Szilvia Rataj 1049,Álmos Ákos Illyés-Rataj 1050,2,4.00,T1,1047,40,1482.86,6.24,1489.10,1048,40,1482.86,6.24,1489.10,1049,40,1416.83,-6.24,1410.59,1050,40,1416.83,-6.24,1410.59
267,4/27/2024,György Bozóki 1045,Tamara Bozóki 1046,2,Lelle Ladányi 1051,Péter Ladányi 1052,6,4.00,T2,1045,40,1479.28,-7.91,1471.37,1046,40,1479.28,-7.91,1471.37,1051,40,1515.65,7.91,1523.56,1052,40,1515.65,7.91,1523.56
268,4/27/2024,Zsolt Bodnár 1043,Attila Molnár 1044,7,Zoltán István Osvai 1053,Attila Retkes 1054,1,4.00,T1,1043,40,1470.52,12.51,1483.03,1044,40,1470.52,12.51,1483.03,1053,40,1427.06,-12.51,1414.55,1054,40,1427.06,-12.51,1414.55
269,4/27/2024,Nikolett Huszárik 1041,Árpád Lonsták 1042,4,Zsolt Rimár 1055,Attila Gelics 1056,4,4.00,TIE,1041,40,1577.48,-2.62,1574.86,1042,40,1577.48,-2.62,1574.86,1055,40,1531.65,2.62,1534.27,1056,40,1531.65,2.62,1534.27
270,4/27/2024,Ádám Huszárik 1039,Mihály Huszárik 1040,4,Attila Berzlánovich 1035,Krisztián Berzlánovich 1036,4,4.00,TIE,1039,40,1511.04,1.91,1512.95,1040,40,1511.04,1.91,1512.95,1035,40,1544.40,-1.91,1542.49,1036,40,1544.40,-1.91,1542.49
271,4/27/2024,György Bozóki 1045,Tamara Bozóki 1046,2,Dániel Létay 1047,Gáspár Létay 1048,6,4.00,T2,1045,40,1471.37,-8.98,1462.39,1046,40,1471.37,-8.98,1462.39,1047,40,1489.10,8.98,1498.08,1048,40,1489.10,8.98,1498.08
272,4/27/2024,Zsolt Bodnár 1043,Attila Molnár 1044,6,Szilvia Rataj 1049,Álmos Ákos Illyés-Rataj 1050,2,4.00,T1,1043,40,1483.03,5.89,1488.92,1044,40,1483.03,5.89,1488.92,1049,40,1410.59,-5.89,1404.70,1050,40,1410.59,-5.89,1404.70
273,4/27/2024,Nikolett Huszárik 1041,Árpád Lonsták 1042,5,Lelle Ladányi 1051,Péter Ladányi 1052,3,4.00,T1,1041,40,1574.86,2.07,1576.93,1042,40,1574.86,2.07,1576.93,1051,40,1523.56,-2.07,1521.49,1052,40,1523.56,-2.07,1521.49
274,4/27/2024,Ádám Huszárik 1039,Mihály Huszárik 1040,6,Zoltán István Osvai 1053,Attila Retkes 1054,2,4.00,T1,1039,40,1512.95,4.48,1517.43,1040,40,1512.95,4.48,1517.43,1053,40,1414.55,-4.48,1410.07,1054,40,1414.55,-4.48,1410.07
275,4/27/2024,Tamás Zámbó 1037,Kristóf Zámbó 1038,4,Zsolt Rimár 1055,Attila Gelics 1056,4,4.00,TIE,1037,40,1543.23,-0.52,1542.71,1038,40,1543.23,-0.52,1542.71,1055,40,1534.27,0.52,1534.79,1056,40,1534.27,0.52,1534.79
276,4/27/2024,Attila Berzlánovich 1035,Krisztián Berzlánovich 1036,10,Tamás Zámbó 1037,Kristóf Zámbó 1038,6,8.00,T1,1035,40,1542.49,10.03,1552.52,1036,40,1542.49,10.03,1552.52,1037,40,1542.71,-10.03,1532.68,1038,40,1542.71,-10.03,1532.68
277,4/27/2024,Nikolett Huszárik 1041,Árpád Lonsták 1042,10,Zsolt Rimár 1055,Attila Gelics 1056,2,6.00,T1,1041,40,1576.93,16.38,1593.31,1042,40,1576.93,16.38,1593.31,1055,40,1534.79,-16.38,1518.41,1056,40,1534.79,-16.38,1518.41
278,4/27/2024,Nikolett Huszárik 1041,Árpád Lonsták 1042,3,Attila Berzlánovich 1035,Krisztián Berzlánovich 1036,11,7.00,T2,1041,40,1593.31,-24.09,1569.22,1042,40,1593.31,-24.09,1569.22,1035,40,1552.52,24.09,1576.61,1036,40,1552.52,24.09,1576.61
279,4/27/2024,Tamás Zámbó 1037,Kristóf Zámbó 1038,9,Zsolt Rimár 1055,Attila Gelics 1056,5,7.00,T1,1037,40,1532.68,8.56,1541.24,1038,40,1532.68,8.56,1541.24,1055,40,1518.41,-8.56,1509.85,1056,40,1518.41,-8.56,1509.85
280,5/19/2024,Sherri Marquardt 1015,Joe Seifert 1003,3,Preston Leeke 1002,Deanne Gray 1010,5,4.00,T2,1015,40,1468.25,-3.57,1464.68,1003,40,1500.00,-3.57,1496.43,1002,40,1531.60,3.57,1535.17,1010,40,1486.28,3.57,1489.85
281,5/19/2024,Sherri Marquardt 1015,Deanne Gray 1010,0,Joe Seifert 1003,Preston Leeke 1002,8,4.00,T2,1015,40,1464.68,-17.79,1446.89,1010,40,1489.85,-17.79,1472.06,1003,40,1496.43,17.79,1514.22,1002,40,1535.17,17.79,1552.96
282,5/19/2024,Sherri Marquardt 1015,Michael Hewitt 1058,0,Joe Seifert 1003,Richard Willsea 1004,8,4.00,T2,1015,40,1446.89,-17.59,1429.30,1058,40,1500.00,-17.59,1482.41,1003,40,1514.22,17.59,1531.81,1004,40,1516.78,17.59,1534.37
283,5/19/2024,Sherri Marquardt 1015,Karen Suter 1007,2,Sheryl Prestero 1016,Russell Daniels 1014,6,4.00,T2,1015,40,1429.30,-7.43,1421.87,1007,40,1468.19,-7.43,1460.76,1016,40,1519.54,7.43,1526.97,1014,40,1467.89,7.43,1475.32
284,5/19/2024,Sherri Marquardt 1015,Russell Daniels 1014,0,Chris Prestero 1006,Karen Suter 1007,8,4.00,T2,1015,40,1421.87,-16.78,1405.09,1014,40,1475.32,-16.78,1458.54,1006,40,1549.31,16.78,1566.09,1007,40,1460.76,16.78,1477.54
285,5/19/2024,Sherri Marquardt 1015,Sheryl Prestero 1016,2,Russell Daniels 1014,Preston Leeke 1002,6,4.00,T2,1015,40,1405.09,-7.72,1397.37,1016,40,1526.97,-7.72,1519.25,1014,40,1458.54,7.72,1466.26,1002,40,1552.96,7.72,1560.68
286,5/19/2024,Ben Harding 1001,John Gray 1009,4,Chris Prestero 1006,Sheryl Prestero 1016,4,4.00,TIE,1001,40,1589.17,-0.15,1589.02,1009,40,1501.49,-0.15,1501.34,1006,40,1566.09,0.15,1566.24,1016,40,1519.25,0.15,1519.40
287,5/19/2024,Ben Harding 1001,Nick Garcia 1017,8,John Gray 1009,Will Baldwin 1057,0,4.00,T1,1001,40,1589.02,16.34,1605.36,1017,40,1540.97,16.34,1557.31,1009,40,1501.34,-16.34,1485.00,1057,40,1500.00,-16.34,1483.66
288,5/19/2024,Ben Harding 1001,Deanne Gray 1010,8,Preston Leeke 1002,Jonathon Leeke 1059,0,4.00,T1,1001,40,1605.36,19.52,1624.88,1010,40,1472.06,19.52,1491.58,1002,40,1560.68,-19.52,1541.16,1059,40,1500.00,-19.52,1480.48
289,5/19/2024,Ben Harding 1001,Richard Willsea 1004,6,Nick Garcia 1017,Chris Prestero 1006,2,4.00,T1,1001,40,1624.88,8.97,1633.85,1004,40,1534.37,8.97,1543.34,1017,40,1557.31,-8.97,1548.34,1006,40,1566.24,-8.97,1557.27
290,5/19/2024,Ben Harding 1001,Will Baldwin 1057,2,Joe Seifert 1003,Stephanie Willsea 1005,6,4.00,T2,1001,40,1633.85,-13.51,1620.34,1057,40,1483.66,-13.51,1470.15,1003,40,1531.81,13.51,1545.32,1005,40,1462.34,13.51,1475.85
291,5/19/2024,Ben Harding 1001,Stephanie Willsea 1005,4,Richard Willsea 1004,Karen Suter 1007,4,4.00,TIE,1001,40,1620.34,-2.16,1618.18,1005,40,1475.85,-2.16,1473.69,1004,40,1543.34,2.16,1545.50,1007,40,1477.54,2.16,1479.70
292,5/19/2024,Nick Garcia 1017,Russell Daniels 1014,6,Will Baldwin 1057,Michael Hewitt 1058,2,4.00,T1,1017,40,1548.34,8.22,1556.56,1014,40,1466.26,8.22,1474.48,1057,40,1470.15,-8.22,1461.93,1058,40,1482.41,-8.22,1474.19
293,5/19/2024,Nick Garcia 1017,Will Baldwin 1057,0,Russell Daniels 1014,Karen Suter 1007,8,4.00,T2,1017,40,1556.56,-21.85,1534.71,1057,40,1461.93,-21.85,1440.08,1014,40,1474.48,21.85,1496.33,1007,40,1479.70,21.85,1501.55
294,5/19/2024,Nick Garcia 1017,Deanne Gray 1010,4,Richard Willsea 1004,John Gray 1009,4,4.00,TIE,1017,40,1534.71,0.12,1534.83,1010,40,1491.58,0.12,1491.70,1004,40,1545.50,-0.12,1545.38,1009,40,1485.00,-0.12,1484.88
295,5/19/2024,Nick Garcia 1017,Michael Hewitt 1058,2,Chris Prestero 1006,Jonathon Leeke 1059,6,4.00,T2,1017,40,1534.83,-9.17,1525.66,1058,40,1474.19,-9.17,1465.02,1006,40,1557.27,9.17,1566.44,1059,40,1480.48,9.17,1489.65
296,5/19/2024,John Gray 1009,Sheryl Prestero 1016,4,Chris Prestero 1006,Stephanie Willsea 1005,4,4.00,TIE,1009,40,1484.88,1.03,1485.91,1016,40,1519.40,1.03,1520.43,1006,40,1566.44,-1.03,1565.41,1005,40,1473.69,-1.03,1472.66
297,5/19/2024,John Gray 1009,Stephanie Willsea 1005,0,Joe Seifert 1003,Will Baldwin 1057,8,4.00,T2,1009,40,1485.91,-19.23,1466.68,1005,40,1472.66,-19.23,1453.43,1003,40,1545.32,19.23,1564.55,1057,40,1440.08,19.23,1459.31
298,5/19/2024,John Gray 1009,Richard Willsea 1004,4,Nick Garcia 1017,Deanne Gray 1010,4,4.00,TIE,1009,40,1466.68,0.15,1466.83,1004,40,1545.38,0.15,1545.53,1017,40,1525.66,-0.15,1525.51,1010,40,1491.70,-0.15,1491.55
299,5/19/2024,John Gray 1009,Joe Seifert 1003,8,Deanne Gray 1010,Will Baldwin 1057,0,4.00,T1,1009,40,1466.83,17.69,1484.52,1003,40,1564.55,17.69,1582.24,1010,40,1491.55,-17.69,1473.86,1057,40,1459.31,-17.69,1441.62
300,5/19/2024,Richard Willsea 1004,Jonathon Leeke 1059,7,Stephanie Willsea 1005,Karen Suter 1007,1,4.00,T1,1004,40,1545.53,12.70,1558.23,1059,40,1489.65,12.70,1502.35,1005,40,1453.43,-12.70,1440.73,1007,40,1501.55,-12.70,1488.85
301,5/19/2024,Richard Willsea 1004,Stephanie Willsea 1005,4,Jonathon Leeke 1059,Karen Suter 1007,4,4.00,TIE,1004,40,1558.23,-0.22,1558.01,1005,40,1440.73,-0.22,1440.51,1059,40,1502.35,0.22,1502.57,1007,40,1488.85,0.22,1489.07
302,5/19/2024,Chris Prestero 1006,Russell Daniels 1014,4,Sheryl Prestero 1016,Michael Hewitt 1058,4,4.00,TIE,1006,40,1565.41,-2.19,1563.22,1014,40,1496.33,-2.19,1494.14,1016,40,1520.43,2.19,1522.62,1058,40,1465.02,2.19,1467.21
303,5/19/2024,Deanne Gray 1010,Jonathon Leeke 1059,8,Preston Leeke 1002,Michael Hewitt 1058,0,4.00,T1,1010,40,1473.86,20.92,1494.78,1059,40,1502.57,20.92,1523.49,1002,40,1541.16,-20.92,1520.24,1058,40,1467.21,-20.92,1446.29
304,5/19/2024,Preston Leeke 1002,Sheryl Prestero 1016,6,Jonathon Leeke 1059,Michael Hewitt 1058,2,4.00,T1,1002,40,1520.24,7.90,1528.14,1016,40,1522.62,7.90,1530.52,1059,40,1523.49,-7.90,1515.59,1058,40,1446.29,-7.90,1438.39
305,5/19/2024,Ben Harding 1001,Karen Suter 1007,2,Richard Willsea 1004,Jonathon Leeke 1059,8,5.00,T2,1001,40,1618.18,-16.21,1601.97,1007,40,1489.07,-16.21,1472.86,1004,40,1558.01,16.21,1574.22,1059,40,1515.59,16.21,1531.80
306,5/19/2024,Joe Seifert 1003,Sheryl Prestero 1016,8,Chris Prestero 1006,Russell Daniels 1014,4,6.00,T1,1003,40,1582.24,7.61,1589.85,1016,40,1530.52,7.61,1538.13,1006,40,1563.22,-7.61,1555.61,1014,40,1494.14,-7.61,1486.53
307,5/19/2024,Richard Willsea 1004,Jonathon Leeke 1059,2,Joe Seifert 1003,Sheryl Prestero 1016,8,5.00,T2,1004,40,1574.22,-14.21,1560.01,1059,40,1531.80,-14.21,1517.59,1003,40,1589.85,14.21,1604.06,1016,40,1538.13,14.21,1552.34
308,5/19/2024,Nick Garcia 1017,Sherri Marquardt 1015,8,Preston Leeke 1002,Stephanie Willsea 1005,4,6.00,T1,1017,40,1525.51,11.97,1537.48,1015,40,1397.37,11.97,1409.34,1002,40,1528.14,-11.97,1516.17,1005,40,1440.51,-11.97,1428.54
309,5/19/2024,Deanne Gray 1010,Will Baldwin 1057,4,John Gray 1009,Michael Hewitt 1058,8,6.00,T2,1010,40,1494.78,-10.58,1484.20,1057,40,1441.62,-10.58,1431.04,1009,40,1484.52,10.58,1495.10,1058,40,1438.39,10.58,1448.97
310,5/19/2024,Nick Garcia 1017,Sherri Marquardt 1015,8,John Gray 1009,Michael Hewitt 1058,2,5.00,T1,1017,40,1537.48,14.90,1552.38,1015,40,1409.34,14.90,1424.24,1009,40,1495.10,-14.90,1480.20,1058,40,1448.97,-14.90,1434.07
311,5/26/2024,Chelsea Sheldon 1028,Glen Parks 1029,4,Steven Brown 1000,Matt Antonich 1026,4,4.00,TIE,1028,40,1500.00,0.00,1500.00,1029,40,1500.00,0.00,1500.00,1000,40,1500.00,0.00,1500.00,1026,40,1500.00,0.00,1500.00
312,5/26/2024,Duane Stewart III 1032,Hadley Stewart  1328,6,Zamar Ushery 1326,Duane Stewart IV 1327,2,4.00,T1,1032,40,1500.00,10.00,1510.00,1328,40,1500.00,10.00,1510.00,1326,40,1500.00,-10.00,1490.00,1327,40,1500.00,-10.00,1490.00
313,5/26/2024,Glen Parks 1029,Matt Antonich 1026,8,Duane Stewart IV 1327,Hadley Stewart  1328,0,4.00,T1,1029,40,1500.00,20.00,1520.00,1026,40,1500.00,20.00,1520.00,1327,40,1490.00,-20.00,1470.00,1328,40,1510.00,-20.00,1490.00
314,5/26/2024,Chelsea Sheldon 1028,Steven Brown 1000,2,Duane Stewart III 1032,Zamar Ushery 1326,6,4.00,T2,1028,40,1500.00,-10.00,1490.00,1000,40,1500.00,-10.00,1490.00,1032,40,1510.00,10.00,1520.00,1326,40,1490.00,10.00,1500.00
315,5/26/2024,Hadley Stewart  1328,Zamar Ushery 1326,0,Steven Brown 1000,Glen Parks 1029,8,4.00,T2,1328,40,1490.00,-19.42,1470.58,1326,40,1500.00,-19.42,1480.58,1000,40,1490.00,19.42,1509.42,1029,40,1520.00,19.42,1539.42
316,5/26/2024,Duane Stewart III 1032,Duane Stewart IV 1327,4,Matt Antonich 1026,Chelsea Sheldon 1028,4,4.00,TIE,1032,40,1520.00,0.58,1520.58,1327,40,1470.00,0.58,1470.58,1026,40,1520.00,-0.58,1519.42,1028,40,1490.00,-0.58,1489.42
317,5/26/2024,Duane Stewart III 1032,Chelsea Sheldon 1028,4,Glen Parks 1029,Hadley Stewart  1328,4,4.00,TIE,1032,40,1520.58,0.00,1520.58,1028,40,1489.42,0.00,1489.42,1029,40,1539.42,0.00,1539.42,1328,40,1470.58,0.00,1470.58
318,5/26/2024,Steven Brown 1000,Zamar Ushery 1326,2,Matt Antonich 1026,Duane Stewart IV 1327,6,4.00,T2,1000,40,1509.42,-10.00,1499.42,1326,40,1480.58,-10.00,1470.58,1026,40,1519.42,10.00,1529.42,1327,40,1470.58,10.00,1480.58
319,5/26/2024,Chelsea Sheldon 1028,Hadley Stewart  1328,0,Steven Brown 1000,Duane Stewart IV 1327,8,4.00,T2,1028,40,1489.42,-19.42,1470.00,1328,40,1470.58,-19.42,1451.16,1000,40,1499.42,19.42,1518.84,1327,40,1480.58,19.42,1500.00
320,5/26/2024,Matt Antonich 1026,Zamar Ushery 1326,1,Glen Parks 1029,Duane Stewart III 1032,7,4.00,T2,1026,40,1529.42,-13.28,1516.14,1326,40,1470.58,-13.28,1457.30,1029,40,1539.42,13.28,1552.70,1032,40,1520.58,13.28,1533.86
321,5/26/2024,Glen Parks 1029,Duane Stewart IV 1327,2,Steven Brown 1000,Duane Stewart III 1032,6,4.00,T2,1029,40,1552.70,-10.00,1542.70,1327,40,1500.00,-10.00,1490.00,1000,40,1518.84,10.00,1528.84,1032,40,1533.86,10.00,1543.86
322,5/26/2024,Hadley Stewart  1328,Matt Antonich 1026,8,Zamar Ushery 1326,Chelsea Sheldon 1028,0,4.00,T1,1328,40,1451.16,18.85,1470.01,1026,40,1516.14,18.85,1534.99,1326,40,1457.30,-18.85,1438.45,1028,40,1470.00,-18.85,1451.15
323,5/27/2024,Steven Brown 1000,Derrick Brown 1332,10,Mike Hockenberry 1331,Dale Brown 1330,4,7.00,T1,1000,40,1528.84,13.55,1542.39,1332,40,1500.00,13.55,1513.55,1331,40,1500.00,-13.55,1486.45,1330,40,1500.00,-13.55,1486.45
324,6/16/2024,Ben Harding 1001,Dustin Hesse 1335,8,Andy Fiehler 1336,John Gray 1009,1,4.50,T1,1001,40,1601.97,13.60,1615.57,1335,40,1500.00,13.60,1513.60,1336,40,1500.00,-13.60,1486.40,1009,40,1480.20,-13.60,1466.60
325,6/16/2024,Ben Harding 1001,Cori Harding 1018,2,Dustin Hesse 1335,Richard Willsea 1004,6,4.00,T2,1001,40,1615.57,-9.91,1605.66,1018,40,1454.83,-9.91,1444.92,1335,40,1513.60,9.91,1523.51,1004,40,1560.01,9.91,1569.92
326,6/16/2024,Ben Harding 1001,Emily Aubin 1334,7,John Gray 1009,Richard Willsea 1004,1,4.00,T1,1001,40,1605.66,13.02,1618.68,1334,40,1500.00,13.02,1513.02,1009,40,1466.60,-13.02,1453.58,1004,40,1569.92,-13.02,1556.90
327,6/16/2024,Ben Harding 1001,Preston Leeke 1002,6,Emily Aubin 1334,Dustin Hesse 1335,2,4.00,T1,1001,40,1618.68,7.19,1625.87,1002,40,1516.17,7.19,1523.36,1334,40,1513.02,-7.19,1505.83,1335,40,1523.51,-7.19,1516.32
328,6/16/2024,Preston Leeke 1002,Stacey Ancona 1333,4,Cori Harding 1018,Emily Aubin 1334,4,4.00,TIE,1002,40,1523.36,-2.08,1521.28,1333,40,1500.00,-2.08,1497.92,1018,40,1444.92,2.08,1447.00,1334,40,1505.83,2.08,1507.91
329,6/16/2024,Preston Leeke 1002,Emily Aubin 1334,4,Richard Willsea 1004,Stacey Ancona 1333,4,4.00,TIE,1002,40,1521.28,0.74,1522.02,1334,40,1507.91,0.74,1508.65,1004,40,1556.90,-0.74,1556.16,1333,40,1497.92,-0.74,1497.18
330,6/16/2024,Preston Leeke 1002,Chris Prestero 1006,8,Stacey Ancona 1333,Andy Fiehler 1336,0,4.00,T1,1002,40,1522.02,17.31,1539.33,1006,40,1555.61,17.31,1572.92,1333,40,1497.18,-17.31,1479.87,1336,40,1486.40,-17.31,1469.09
331,6/16/2024,Dustin Hesse 1335,John Gray 1009,4,Chris Prestero 1006,Andy Fiehler 1336,4,4.00,TIE,1335,40,1516.32,2.07,1518.39,1009,40,1453.58,2.07,1455.65,1006,40,1572.92,-2.07,1570.85,1336,40,1469.09,-2.07,1467.02
332,6/16/2024,Chris Prestero 1006,Stacey Ancona 1333,4,Andy Fiehler 1336,Cori Harding 1018,4,4.00,TIE,1006,40,1570.85,-3.88,1566.97,1333,40,1479.87,-3.88,1475.99,1336,40,1467.02,3.88,1470.90,1018,40,1447.00,3.88,1450.88
333,6/16/2024,Chris Prestero 1006,John Gray 1009,2,Cori Harding 1018,Richard Willsea 1004,6,4.00,T2,1006,40,1566.97,-10.45,1556.52,1009,40,1455.65,-10.45,1445.20,1018,40,1450.88,10.45,1461.33,1004,40,1556.16,10.45,1566.61
334,6/16/2024,Andy Fiehler 1336,Emily Aubin 1334,8,Cori Harding 1018,Stacey Ancona 1333,6,7.00,T1,1336,40,1470.90,2.88,1473.78,1334,40,1508.65,2.88,1511.53,1018,40,1461.33,-2.88,1458.45,1333,40,1475.99,-2.88,1473.11
335,6/16/2024,John Gray 1009,Richard Willsea 1004,8,Andy Fiehler 1336,Emily Aubin 1334,4,6.00,T1,1009,40,1445.20,8.86,1454.06,1004,40,1566.61,8.86,1575.47,1336,40,1473.78,-8.86,1464.92,1334,40,1511.53,-8.86,1502.67
336,6/16/2024,Ben Harding 1001,Chris Prestero 1006,10,Preston Leeke 1002,Dustin Hesse 1335,2,6.00,T1,1001,40,1625.87,14.67,1640.54,1006,40,1556.52,14.67,1571.19,1002,40,1539.33,-14.67,1524.66,1335,40,1518.39,-14.67,1503.72
337,6/16/2024,Derrick Brown 1332,Steven Brown 1000,10,Dale Brown 1330,Doug Brown 1019,6,8.00,T1,1332,40,1513.55,6.01,1519.56,1000,40,1542.39,6.01,1548.40,1330,40,1486.45,-6.01,1480.44,1019,40,1500.00,-6.01,1493.99
338,6/19/2024,David Jay 1345,David Louie 1388,8,Timothy Chasteen 1460,Jackie Chasteen 1462,0,4.00,T1,1345,40,1500.00,20.00,1520.00,1388,40,1500.00,20.00,1520.00,1460,40,1500.00,-20.00,1480.00,1462,40,1500.00,-20.00,1480.00
339,6/19/2024,Ryan Buhr 1346,Emma Buhr 1351,8,Dylan Wright 1492,Andrew duLuard 1493,0,4.00,T1,1346,40,1500.00,20.00,1520.00,1351,40,1500.00,20.00,1520.00,1492,40,1500.00,-20.00,1480.00,1493,40,1500.00,-20.00,1480.00
340,6/19/2024,Amy Zumhagen 1421,Lexi Zumhagen 1418,6,Melanie Grimm 1522,Katelynn Buddy 1523,4,5.00,T1,1421,40,1500.00,5.00,1505.00,1418,40,1500.00,5.00,1505.00,1522,40,1500.00,-5.00,1495.00,1523,40,1500.00,-5.00,1495.00
341,6/19/2024,Taylor Myers 1446,Joshua Scott 1447,7,Kelson Grimm 1515,Lindsey Kacey 1516,1,4.00,T1,1446,40,1500.00,15.00,1515.00,1447,40,1500.00,15.00,1515.00,1515,40,1500.00,-15.00,1485.00,1516,40,1500.00,-15.00,1485.00
342,6/19/2024,Evie Ellis 1509,Kacey Schweinfest 1510,8,Sandra Stanley 1504,Nelson Stanley 1505,0,4.00,T1,1509,40,1500.00,20.00,1520.00,1510,40,1500.00,20.00,1520.00,1504,40,1500.00,-20.00,1480.00,1505,40,1500.00,-20.00,1480.00
343,6/19/2024,Benjamin Koester 1467,Jessica Koester 1468,5,Adah Swenson 1479,Ben Swenson 1480,3,4.00,T1,1467,40,1500.00,5.00,1505.00,1468,40,1500.00,5.00,1505.00,1479,40,1500.00,-5.00,1495.00,1480,40,1500.00,-5.00,1495.00
344,6/19/2024,Kevin Emmons 1499,Shannon Emmons 1500,8,Michael Hutton 1526,Zach Mckinney 1527,0,4.00,T1,1499,40,1500.00,20.00,1520.00,1500,40,1500.00,20.00,1520.00,1526,40,1500.00,-20.00,1480.00,1527,40,1500.00,-20.00,1480.00
345,6/19/2024,Caleb Buhr 1339,Jennifer Buhr 1343,6,Jim Kennedy 1363,Zach Niehaus 1426,2,4.00,T1,1339,40,1500.00,10.00,1510.00,1343,40,1500.00,10.00,1510.00,1363,40,1500.00,-10.00,1490.00,1426,40,1500.00,-10.00,1490.00
346,6/19/2024,Steven Brown 1000,Brandyn Osborne 1341,8,Joe Bezila 1453,Marlene Bezila 1454,0,4.00,T1,1000,40,1548.40,18.61,1567.01,1341,40,1500.00,18.61,1518.61,1453,40,1500.00,-18.61,1481.39,1454,40,1500.00,-18.61,1481.39
347,6/19/2024,Jazzmon McKinney 1503,Steve Meringolo 1366,8,Matt Huddy 1487,Rick Hanes 1465,0,4.00,T1,1503,40,1500.00,20.00,1520.00,1366,40,1500.00,20.00,1520.00,1487,40,1500.00,-20.00,1480.00,1465,40,1500.00,-20.00,1480.00
348,6/19/2024,Amy Zumhagen 1421,Lexi Zumhagen 1418,2,Benjamin Koester 1467,Jessica Koester 1468,6,4.00,T2,1421,40,1505.00,-10.00,1495.00,1418,40,1505.00,-10.00,1495.00,1467,40,1505.00,10.00,1515.00,1468,40,1505.00,10.00,1515.00
349,6/19/2024,David Jay 1345,David Louie 1388,8,Kevin Emmons 1499,Shannon Emmons 1500,0,4.00,T1,1345,40,1520.00,20.00,1540.00,1388,40,1520.00,20.00,1540.00,1499,40,1520.00,-20.00,1500.00,1500,40,1520.00,-20.00,1500.00
350,6/19/2024,Ryan Buhr 1346,Emma Buhr 1351,6,Caleb Buhr 1339,Jennifer Buhr 1343,2,4.00,T1,1346,40,1520.00,9.42,1529.42,1351,40,1520.00,9.42,1529.42,1339,40,1510.00,-9.42,1500.58,1343,40,1510.00,-9.42,1500.58
351,6/19/2024,Taylor Myers 1446,Joshua Scott 1447,0,Steven Brown 1000,Brandyn Osborne 1341,8,4.00,T2,1446,40,1515.00,-18.40,1496.60,1447,40,1515.00,-18.40,1496.60,1000,40,1567.01,18.40,1585.41,1341,40,1518.61,18.40,1537.01
352,6/19/2024,Evie Ellis 1509,Kacey Schweinfest 1510,2,Jazzmon McKinney 1503,Steve Meringolo 1366,6,4.00,T2,1509,40,1520.00,-10.00,1510.00,1510,40,1520.00,-10.00,1510.00,1503,40,1520.00,10.00,1530.00,1366,40,1520.00,10.00,1530.00
353,6/19/2024,Melanie Grimm 1522,Katelynn Buddy 1523,0,Adah Swenson 1479,Ben Swenson 1480,8,4.00,T2,1522,40,1495.00,-20.00,1475.00,1523,40,1495.00,-20.00,1475.00,1479,40,1495.00,20.00,1515.00,1480,40,1495.00,20.00,1515.00
354,6/19/2024,Timothy Chasteen 1460,Jackie Chasteen 1462,5,Michael Hutton 1526,Zach Mckinney 1527,3,4.00,T1,1460,40,1480.00,5.00,1485.00,1462,40,1480.00,5.00,1485.00,1526,40,1480.00,-5.00,1475.00,1527,40,1480.00,-5.00,1475.00
355,6/19/2024,Dylan Wright 1492,Andrew duLuard 1493,2,Jim Kennedy 1363,Zach Niehaus 1426,6,4.00,T2,1492,40,1480.00,-9.42,1470.58,1493,40,1480.00,-9.42,1470.58,1363,40,1490.00,9.42,1499.42,1426,40,1490.00,9.42,1499.42
356,6/19/2024,Kelson Grimm 1515,Lindsey Kacey 1516,2,Joe Bezila 1453,Marlene Bezila 1454,6,4.00,T2,1515,40,1485.00,-10.21,1474.79,1516,40,1485.00,-10.21,1474.79,1453,40,1481.39,10.21,1491.60,1454,40,1481.39,10.21,1491.60
357,6/19/2024,Sandra Stanley 1504,Nelson Stanley 1505,6,Matt Huddy 1487,Rick Hanes 1465,2,4.00,T1,1504,40,1480.00,10.00,1490.00,1505,40,1480.00,10.00,1490.00,1487,40,1480.00,-10.00,1470.00,1465,40,1480.00,-10.00,1470.00
358,6/19/2024,David Jay 1345,David Louie 1388,8,Benjamin Koester 1467,Jessica Koester 1468,0,4.00,T1,1345,40,1540.00,18.56,1558.56,1388,40,1540.00,18.56,1558.56,1467,40,1515.00,-18.56,1496.44,1468,40,1515.00,-18.56,1496.44
359,6/19/2024,Ryan Buhr 1346,Emma Buhr 1351,5,Steven Brown 1000,Brandyn Osborne 1341,3,4.00,T1,1346,40,1529.42,6.82,1536.24,1351,40,1529.42,6.82,1536.24,1000,40,1585.41,-6.82,1578.59,1341,40,1537.01,-6.82,1530.19
360,6/19/2024,Matt Huddy 1487,Rick Hanes 1465,8,Kelson Grimm 1515,Lindsey Kacey 1516,0,4.00,T1,1487,40,1470.00,20.28,1490.28,1465,40,1470.00,20.28,1490.28,1515,40,1474.79,-20.28,1454.51,1516,40,1474.79,-20.28,1454.51
361,6/19/2024,Michael Hutton 1526,Zach Mckinney 1527,0,Dylan Wright 1492,Andrew duLuard 1493,8,4.00,T2,1526,40,1475.00,-20.25,1454.75,1527,40,1475.00,-20.25,1454.75,1492,40,1470.58,20.25,1490.83,1493,40,1470.58,20.25,1490.83
362,6/19/2024,Jazzmon McKinney 1503,Steve Meringolo 1366,2,Caleb Buhr 1339,Jennifer Buhr 1343,6,4.00,T2,1503,40,1530.00,-11.69,1518.31,1366,40,1530.00,-11.69,1518.31,1339,40,1500.58,11.69,1512.27,1343,40,1500.58,11.69,1512.27
363,6/19/2024,Melanie Grimm 1522,Katelynn Buddy 1523,2,Joe Bezila 1453,Marlene Bezila 1454,6,4.00,T2,1522,40,1475.00,-9.05,1465.95,1523,40,1475.00,-9.05,1465.95,1453,40,1491.60,9.05,1500.65,1454,40,1491.60,9.05,1500.65
364,6/19/2024,Evie Ellis 1509,Kacey Schweinfest 1510,0,Adah Swenson 1479,Ben Swenson 1480,8,4.00,T2,1509,40,1510.00,-19.71,1490.29,1510,40,1510.00,-19.71,1490.29,1479,40,1515.00,19.71,1534.71,1480,40,1515.00,19.71,1534.71
365,6/19/2024,Amy Zumhagen 1421,Lexi Zumhagen 1418,0,Jim Kennedy 1363,Zach Niehaus 1426,5,2.50,T2,1421,40,1495.00,-12.34,1482.66,1418,40,1495.00,-12.34,1482.66,1363,40,1499.42,12.34,1511.76,1426,40,1499.42,12.34,1511.76
366,6/19/2024,Taylor Myers 1446,Joshua Scott 1447,6,Sandra Stanley 1504,Nelson Stanley 1505,2,4.00,T1,1446,40,1496.60,9.62,1506.22,1447,40,1496.60,9.62,1506.22,1504,40,1490.00,-9.62,1480.38,1505,40,1490.00,-9.62,1480.38
367,6/19/2024,Kevin Emmons 1499,Shannon Emmons 1500,4,Timothy Chasteen 1460,Jackie Chasteen 1462,4,4.00,TIE,1499,40,1500.00,-0.86,1499.14,1500,40,1500.00,-0.86,1499.14,1460,40,1485.00,0.86,1485.86,1462,40,1485.00,0.86,1485.86
368,6/19/2024,Ryan Buhr 1346,Emma Buhr 1351,6,David Jay 1345,David Louie 1388,2,4.00,T1,1346,40,1536.24,11.28,1547.52,1351,40,1536.24,11.28,1547.52,1345,40,1558.56,-11.28,1547.28,1388,40,1558.56,-11.28,1547.28
369,6/19/2024,Benjamin Koester 1467,Jessica Koester 1468,5,Jazzmon McKinney 1503,Steve Meringolo 1366,0,2.50,T1,1467,40,1496.44,13.29,1509.73,1468,40,1496.44,13.29,1509.73,1503,40,1518.31,-13.29,1505.02,1366,40,1518.31,-13.29,1505.02
370,6/19/2024,Caleb Buhr 1339,Jennifer Buhr 1343,6,Adah Swenson 1479,Ben Swenson 1480,2,4.00,T1,1339,40,1512.27,11.29,1523.56,1343,40,1512.27,11.29,1523.56,1479,40,1534.71,-11.29,1523.42,1480,40,1534.71,-11.29,1523.42
371,6/19/2024,Steven Brown 1000,Brandyn Osborne 1341,4,Jim Kennedy 1363,Zach Niehaus 1426,4,4.00,TIE,1000,40,1578.59,-2.44,1576.15,1341,40,1530.19,-2.44,1527.75,1363,40,1511.76,2.44,1514.20,1426,40,1511.76,2.44,1514.20
372,6/19/2024,Taylor Myers 1446,Joshua Scott 1447,4,Joe Bezila 1453,Marlene Bezila 1454,4,4.00,TIE,1446,40,1506.22,-0.32,1505.90,1447,40,1506.22,-0.32,1505.90,1453,40,1500.65,0.32,1500.97,1454,40,1500.65,0.32,1500.97
373,6/19/2024,Kevin Emmons 1499,Shannon Emmons 1500,5,Amy Zumhagen 1421,Lexi Zumhagen 1418,0,2.50,T1,1499,40,1499.14,11.91,1511.05,1500,40,1499.14,11.91,1511.05,1421,40,1482.66,-11.91,1470.75,1418,40,1482.66,-11.91,1470.75
374,6/19/2024,Timothy Chasteen 1460,Jackie Chasteen 1462,4,Evie Ellis 1509,Kacey Schweinfest 1510,4,4.00,TIE,1460,40,1485.86,0.25,1486.11,1462,40,1485.86,0.25,1486.11,1509,40,1490.29,-0.25,1490.04,1510,40,1490.29,-0.25,1490.04
375,6/19/2024,Dylan Wright 1492,Andrew duLuard 1493,4,Kelson Grimm 1515,Lindsey Kacey 1516,4,4.00,TIE,1492,40,1490.83,-2.08,1488.75,1493,40,1490.83,-2.08,1488.75,1515,40,1454.51,2.08,1456.59,1516,40,1454.51,2.08,1456.59
376,6/19/2024,Sandra Stanley 1504,Nelson Stanley 1505,6,Melanie Grimm 1522,Katelynn Buddy 1523,2,4.00,T1,1504,40,1480.38,9.17,1489.55,1505,40,1480.38,9.17,1489.55,1522,40,1465.95,-9.17,1456.78,1523,40,1465.95,-9.17,1456.78
377,6/19/2024,Matt Huddy 1487,Rick Hanes 1465,5,Michael Hutton 1526,Zach Mckinney 1527,0,2.50,T1,1487,40,1490.28,11.23,1501.51,1465,40,1490.28,11.23,1501.51,1526,40,1454.75,-11.23,1443.52,1527,40,1454.75,-11.23,1443.52
378,6/19/2024,Ryan Buhr 1346,Emma Buhr 1351,8,Benjamin Koester 1467,Jessica Koester 1468,0,4.00,T1,1346,40,1547.52,17.83,1565.35,1351,40,1547.52,17.83,1565.35,1467,40,1509.73,-17.83,1491.90,1468,40,1509.73,-17.83,1491.90
379,6/19/2024,David Jay 1345,David Louie 1388,4,Caleb Buhr 1339,Jennifer Buhr 1343,4,4.00,TIE,1345,40,1547.28,-1.36,1545.92,1388,40,1547.28,-1.36,1545.92,1339,40,1523.56,1.36,1524.92,1343,40,1523.56,1.36,1524.92
380,6/19/2024,Steven Brown 1000,Brandyn Osborne 1341,7,Kevin Emmons 1499,Shannon Emmons 1500,1,4.00,T1,1000,40,1576.15,12.66,1588.81,1341,40,1527.75,12.66,1540.41,1499,40,1511.05,-12.66,1498.39,1500,40,1511.05,-12.66,1498.39
381,6/19/2024,Taylor Myers 1446,Joshua Scott 1447,7,Jim Kennedy 1363,Zach Niehaus 1426,1,4.00,T1,1446,40,1505.90,15.48,1521.38,1447,40,1505.90,15.48,1521.38,1363,40,1514.20,-15.48,1498.72,1426,40,1514.20,-15.48,1498.72
382,6/19/2024,Michael Hutton 1526,Zach Mckinney 1527,0,Melanie Grimm 1522,Katelynn Buddy 1523,5,2.50,T2,1526,40,1443.52,-12.02,1431.50,1527,40,1443.52,-12.02,1431.50,1522,40,1456.78,12.02,1468.80,1523,40,1456.78,12.02,1468.80
383,6/19/2024,Kelson Grimm 1515,Lindsey Kacey 1516,5,Amy Zumhagen 1421,Lexi Zumhagen 1418,0,2.50,T1,1515,40,1456.59,13.01,1469.60,1516,40,1456.59,13.01,1469.60,1421,40,1470.75,-13.01,1457.74,1418,40,1470.75,-13.01,1457.74
384,6/19/2024,Dylan Wright 1492,Andrew duLuard 1493,5,Evie Ellis 1509,Kacey Schweinfest 1510,3,4.00,T1,1492,40,1488.75,5.07,1493.82,1493,40,1488.75,5.07,1493.82,1509,40,1490.04,-5.07,1484.97,1510,40,1490.04,-5.07,1484.97
385,6/19/2024,Joe Bezila 1453,Marlene Bezila 1454,5,Jazzmon McKinney 1503,Steve Meringolo 1366,0,2.50,T1,1453,40,1500.97,12.65,1513.62,1454,40,1500.97,12.65,1513.62,1503,40,1505.02,-12.65,1492.37,1366,40,1505.02,-12.65,1492.37
386,6/19/2024,Adah Swenson 1479,Ben Swenson 1480,4,Matt Huddy 1487,Rick Hanes 1465,4,4.00,TIE,1479,40,1523.42,-1.26,1522.16,1480,40,1523.42,-1.26,1522.16,1487,40,1501.51,1.26,1502.77,1465,40,1501.51,1.26,1502.77
387,6/19/2024,Timothy Chasteen 1460,Jackie Chasteen 1462,8,Sandra Stanley 1504,Nelson Stanley 1505,0,4.00,T1,1460,40,1486.11,20.20,1506.31,1462,40,1486.11,20.20,1506.31,1504,40,1489.55,-20.20,1469.35,1505,40,1489.55,-20.20,1469.35
388,6/20/2024,Roy Baron 1354,Sarah Seto 1435,6,Lauren Herrmann 1502,Daniel Vieu 1364,2,4.00,T1,1354,40,1500.00,10.00,1510.00,1435,40,1500.00,10.00,1510.00,1502,40,1500.00,-10.00,1490.00,1364,40,1500.00,-10.00,1490.00
389,6/20/2024,Justin Parnell 1469,Meredith Morgan 1470,6,Evan Williams 1481,Charlotte Melby 1482,2,4.00,T1,1469,40,1500.00,10.00,1510.00,1470,40,1500.00,10.00,1510.00,1481,40,1500.00,-10.00,1490.00,1482,40,1500.00,-10.00,1490.00
390,6/20/2024,Darin Van Gammeren 1338,Katie Van Gammeren 1438,3,Ryan Wolfe 1457,Andrew Garth 1458,5,4.00,T2,1338,40,1500.00,-5.00,1495.00,1438,40,1500.00,-5.00,1495.00,1457,40,1500.00,5.00,1505.00,1458,40,1500.00,5.00,1505.00
391,6/20/2024,Ryan Scott 1474,Aaron Crow 1475,4,Markus Borsch 1461,Joseph Muhle 1463,4,4.00,TIE,1474,40,1500.00,0.00,1500.00,1475,40,1500.00,0.00,1500.00,1461,40,1500.00,0.00,1500.00,1463,40,1500.00,0.00,1500.00
392,6/20/2024,Joshua Gregory 1506,Robert Mutter 1508,7,Alexis Mack 1384,Luke Melton 1519,1,4.00,T1,1506,40,1500.00,15.00,1515.00,1508,40,1500.00,15.00,1515.00,1384,40,1500.00,-15.00,1485.00,1519,40,1500.00,-15.00,1485.00
393,6/20/2024,Ben Voorhorst 1448,Bradley Broyles 1383,8,Drew Bachmann 1520,Barrett Bachmann 1521,0,4.00,T1,1448,40,1500.00,20.00,1520.00,1383,40,1500.00,20.00,1520.00,1520,40,1500.00,-20.00,1480.00,1521,40,1500.00,-20.00,1480.00
394,6/20/2024,Rachel Gregory 1513,Kaitlyn Roberts 1514,0,Zack Hjorth 1440,Ethan Klobucar 1441,8,4.00,T2,1513,40,1500.00,-20.00,1480.00,1514,40,1500.00,-20.00,1480.00,1440,40,1500.00,20.00,1520.00,1441,40,1500.00,20.00,1520.00
395,6/20/2024,James Macgregor 1483,Ariel Everitt 1484,0,Ben Harding 1001,Preston Leeke 1002,8,4.00,T2,1483,40,1500.00,-15.33,1484.67,1484,40,1500.00,-15.33,1484.67,1001,40,1640.54,15.33,1655.87,1002,40,1524.66,15.33,1539.99
396,6/20/2024,Chris Broyles 1488,Kim Broyles 1489,5,Ethan Tobin 1392,Joel Harsh 1497,3,4.00,T1,1488,40,1500.00,5.00,1505.00,1489,40,1500.00,5.00,1505.00,1392,40,1500.00,-5.00,1495.00,1497,40,1500.00,-5.00,1495.00
397,6/20/2024,Roy Baron 1354,Sarah Seto 1435,8,Chris Broyles 1488,Kim Broyles 1489,0,4.00,T1,1354,40,1510.00,19.71,1529.71,1435,40,1510.00,19.71,1529.71,1488,40,1505.00,-19.71,1485.29,1489,40,1505.00,-19.71,1485.29
398,6/20/2024,Justin Parnell 1469,Meredith Morgan 1470,4,Ryan Wolfe 1457,Andrew Garth 1458,4,4.00,TIE,1469,40,1510.00,-0.29,1509.71,1470,40,1510.00,-0.29,1509.71,1457,40,1505.00,0.29,1505.29,1458,40,1505.00,0.29,1505.29
399,6/20/2024,Joshua Gregory 1506,Robert Mutter 1508,2,Zack Hjorth 1440,Ethan Klobucar 1441,6,4.00,T2,1506,40,1515.00,-9.71,1505.29,1508,40,1515.00,-9.71,1505.29,1440,40,1520.00,9.71,1529.71,1441,40,1520.00,9.71,1529.71
400,6/20/2024,Ben Voorhorst 1448,Bradley Broyles 1383,0,Ben Harding 1001,Preston Leeke 1002,8,4.00,T2,1448,40,1520.00,-15.59,1504.41,1383,40,1520.00,-15.59,1504.41,1001,40,1655.87,15.59,1671.46,1002,40,1539.99,15.59,1555.58
401,6/20/2024,Ryan Scott 1474,Aaron Crow 1475,2,Darin Van Gammeren 1338,Katie Van Gammeren 1438,6,4.00,T2,1474,40,1500.00,-10.29,1489.71,1475,40,1500.00,-10.29,1489.71,1338,40,1495.00,10.29,1505.29,1438,40,1495.00,10.29,1505.29
402,6/20/2024,Rachel Gregory 1513,Kaitlyn Roberts 1514,1,Markus Borsch 1461,Joseph Muhle 1463,7,4.00,T2,1513,40,1480.00,-13.85,1466.15,1514,40,1480.00,-13.85,1466.15,1461,40,1500.00,13.85,1513.85,1463,40,1500.00,13.85,1513.85
403,6/20/2024,James Macgregor 1483,Ariel Everitt 1484,4,Ethan Tobin 1392,Joel Harsh 1497,4,4.00,TIE,1483,40,1484.67,0.59,1485.26,1484,40,1484.67,0.59,1485.26,1392,40,1495.00,-0.59,1494.41,1497,40,1495.00,-0.59,1494.41
404,6/20/2024,Evan Williams 1481,Charlotte Melby 1482,0,Lauren Herrmann 1502,Daniel Vieu 1364,8,4.00,T2,1481,40,1490.00,-20.00,1470.00,1482,40,1490.00,-20.00,1470.00,1502,40,1490.00,20.00,1510.00,1364,40,1490.00,20.00,1510.00
405,6/20/2024,Alexis Mack 1384,Luke Melton 1519,4,Drew Bachmann 1520,Barrett Bachmann 1521,4,4.00,TIE,1384,40,1485.00,-0.29,1484.71,1519,40,1485.00,-0.29,1484.71,1520,40,1480.00,0.29,1480.29,1521,40,1480.00,0.29,1480.29
406,6/20/2024,Roy Baron 1354,Sarah Seto 1435,5,Zack Hjorth 1440,Ethan Klobucar 1441,3,4.00,T1,1354,40,1529.71,5.00,1534.71,1435,40,1529.71,5.00,1534.71,1440,40,1529.71,-5.00,1524.71,1441,40,1529.71,-5.00,1524.71
407,6/20/2024,Justin Parnell 1469,Meredith Morgan 1470,0,Ben Harding 1001,Preston Leeke 1002,8,4.00,T2,1469,40,1509.71,-14.20,1495.51,1470,40,1509.71,-14.20,1495.51,1001,40,1671.46,14.20,1685.66,1002,40,1555.58,14.20,1569.78
408,6/20/2024,Markus Borsch 1461,Joseph Muhle 1463,2,Ryan Wolfe 1457,Andrew Garth 1458,6,4.00,T2,1461,40,1513.85,-10.49,1503.36,1463,40,1513.85,-10.49,1503.36,1457,40,1505.29,10.49,1515.78,1458,40,1505.29,10.49,1515.78
409,6/20/2024,Rachel Gregory 1513,Kaitlyn Roberts 1514,0,Evan Williams 1481,Charlotte Melby 1482,8,4.00,T2,1513,40,1466.15,-19.78,1446.37,1514,40,1466.15,-19.78,1446.37,1481,40,1470.00,19.78,1489.78,1482,40,1470.00,19.78,1489.78
410,6/20/2024,Ryan Scott 1474,Aaron Crow 1475,6,Drew Bachmann 1520,Barrett Bachmann 1521,2,4.00,T1,1474,40,1489.71,9.46,1499.17,1475,40,1489.71,9.46,1499.17,1520,40,1480.29,-9.46,1470.83,1521,40,1480.29,-9.46,1470.83
411,6/20/2024,Alexis Mack 1384,Luke Melton 1519,3,Ethan Tobin 1392,Joel Harsh 1497,5,4.00,T2,1384,40,1484.71,-4.44,1480.27,1519,40,1484.71,-4.44,1480.27,1392,40,1494.41,4.44,1498.85,1497,40,1494.41,4.44,1498.85
412,6/20/2024,James Macgregor 1483,Ariel Everitt 1484,5,Lauren Herrmann 1502,Daniel Vieu 1364,3,4.00,T1,1483,40,1485.26,6.42,1491.68,1484,40,1485.26,6.42,1491.68,1502,40,1510.00,-6.42,1503.58,1364,40,1510.00,-6.42,1503.58
413,6/20/2024,Chris Broyles 1488,Kim Broyles 1489,0,Darin Van Gammeren 1338,Katie Van Gammeren 1438,8,4.00,T2,1488,40,1485.29,-18.85,1466.44,1489,40,1485.29,-18.85,1466.44,1338,40,1505.29,18.85,1524.14,1438,40,1505.29,18.85,1524.14
414,6/20/2024,Ben Voorhorst 1448,Bradley Broyles 1383,6,Joshua Gregory 1506,Robert Mutter 1508,2,4.00,T1,1448,40,1504.41,10.05,1514.46,1383,40,1504.41,10.05,1514.46,1506,40,1505.29,-10.05,1495.24,1508,40,1505.29,-10.05,1495.24
415,6/20/2024,Ben Harding 1001,Preston Leeke 1002,6,Roy Baron 1354,Sarah Seto 1435,2,4.00,T1,1001,40,1685.66,4.77,1690.43,1002,40,1569.78,4.77,1574.55,1354,40,1534.71,-4.77,1529.94,1435,40,1534.71,-4.77,1529.94
416,6/20/2024,Ben Voorhorst 1448,Bradley Broyles 1383,7,Ryan Wolfe 1457,Andrew Garth 1458,1,4.00,T1,1448,40,1514.46,15.08,1529.54,1383,40,1514.46,15.08,1529.54,1457,40,1515.78,-15.08,1500.70,1458,40,1515.78,-15.08,1500.70
417,6/20/2024,Alexis Mack 1384,Luke Melton 1519,3,Rachel Gregory 1513,Kaitlyn Roberts 1514,5,4.00,T2,1384,40,1480.27,-6.95,1473.32,1519,40,1480.27,-6.95,1473.32,1513,40,1446.37,6.95,1453.32,1514,40,1446.37,6.95,1453.32
418,6/20/2024,Joshua Gregory 1506,Robert Mutter 1508,2,Darin Van Gammeren 1338,Katie Van Gammeren 1438,6,4.00,T2,1506,40,1495.24,-8.34,1486.90,1508,40,1495.24,-8.34,1486.90,1338,40,1524.14,8.34,1532.48,1438,40,1524.14,8.34,1532.48
419,6/20/2024,Zack Hjorth 1440,Ethan Klobucar 1441,6,Lauren Herrmann 1502,Daniel Vieu 1364,2,4.00,T1,1440,40,1524.71,8.79,1533.50,1441,40,1524.71,8.79,1533.50,1502,40,1503.58,-8.79,1494.79,1364,40,1503.58,-8.79,1494.79
420,6/20/2024,Justin Parnell 1469,Meredith Morgan 1470,6,Drew Bachmann 1520,Barrett Bachmann 1521,2,4.00,T1,1469,40,1495.51,8.58,1504.09,1470,40,1495.51,8.58,1504.09,1520,40,1470.83,-8.58,1462.25,1521,40,1470.83,-8.58,1462.25
421,6/20/2024,Ryan Scott 1474,Aaron Crow 1475,4,James Macgregor 1483,Ariel Everitt 1484,4,4.00,TIE,1474,40,1499.17,-0.43,1498.74,1475,40,1499.17,-0.43,1498.74,1483,40,1491.68,0.43,1492.11,1484,40,1491.68,0.43,1492.11
422,6/20/2024,Markus Borsch 1461,Joseph Muhle 1463,8,Ethan Tobin 1392,Joel Harsh 1497,0,4.00,T1,1461,40,1503.36,19.74,1523.10,1463,40,1503.36,19.74,1523.10,1392,40,1498.85,-19.74,1479.11,1497,40,1498.85,-19.74,1479.11
423,6/20/2024,Chris Broyles 1488,Kim Broyles 1489,6,Evan Williams 1481,Charlotte Melby 1482,2,4.00,T1,1488,40,1466.44,11.34,1477.78,1489,40,1466.44,11.34,1477.78,1481,40,1489.78,-11.34,1478.44,1482,40,1489.78,-11.34,1478.44
424,6/21/2024,Luke Hanes 1501,Rick Hanes 1465,6,Lindsay Dassault 1524,Abigail Boles 1525,2,4.00,T1,1501,40,1500.00,9.92,1509.92,1465,40,1502.77,9.92,1512.69,1524,40,1500.00,-9.92,1490.08,1525,40,1500.00,-9.92,1490.08
425,6/21/2024,Wes Schmidt 1442,Oliver Schmidt 1443,6,Matthew Mullan 1455,Michael Houze 1456,2,4.00,T1,1442,40,1500.00,10.00,1510.00,1443,40,1500.00,10.00,1510.00,1455,40,1500.00,-10.00,1490.00,1456,40,1500.00,-10.00,1490.00
426,6/21/2024,Miles Fountain 1476,Hazel Fountain 1477,2,Robert Cramer 1340,Roy Thompson 1371,6,4.00,T2,1476,40,1500.00,-10.00,1490.00,1477,40,1500.00,-10.00,1490.00,1340,40,1500.00,10.00,1510.00,1371,40,1500.00,10.00,1510.00
427,6/21/2024,Tracey Bennett 1471,Brian Bennett 1352,2,Braden Alan 1433,Taylor Hoener 1365,6,4.00,T2,1471,40,1500.00,-10.00,1490.00,1352,40,1500.00,-10.00,1490.00,1433,40,1500.00,10.00,1510.00,1365,40,1500.00,10.00,1510.00
428,6/21/2024,Cody Gates 1356,Robert Gabbert 1464,8,Cash Campbell 1528,Amy Zumhagen 1421,0,4.00,T1,1356,40,1500.00,18.79,1518.79,1464,40,1500.00,18.79,1518.79,1528,40,1500.00,-18.79,1481.21,1421,40,1457.74,-18.79,1438.95
429,6/21/2024,Benjamin Chen 1494,Diana Chen 1495,6,Marc Zumhagen 1412,Alexa Zumhagen 1507,2,4.00,T1,1494,40,1500.00,10.00,1510.00,1495,40,1500.00,10.00,1510.00,1412,40,1500.00,-10.00,1490.00,1507,40,1500.00,-10.00,1490.00
430,6/21/2024,Peter Nein 1511,Laura Nein 1512,4,Kacee Larry 1517,Christopher Larry 1518,4,4.00,TIE,1511,40,1500.00,0.00,1500.00,1512,40,1500.00,0.00,1500.00,1517,40,1500.00,0.00,1500.00,1518,40,1500.00,0.00,1500.00
431,6/21/2024,Brad Boothe 1359,Candice Boothe 1413,2,Derek Hadley 1410,Lauren Hiller 1395,6,4.00,T2,1359,40,1500.00,-10.00,1490.00,1413,40,1500.00,-10.00,1490.00,1410,40,1500.00,10.00,1510.00,1395,40,1500.00,10.00,1510.00
432,6/21/2024,Caren Losiewicz 1449,Martin Losiewicz 1450,2,Steve Meringolo 1366,Jazzmon McKinney 1503,6,4.00,T2,1449,40,1500.00,-10.44,1489.56,1450,40,1500.00,-10.44,1489.56,1366,40,1492.37,10.44,1502.81,1503,40,1492.37,10.44,1502.81
433,6/21/2024,Evan Williams 1481,Charlotte Melby 1482,2,Daniel Sherman 1436,Ben Sherman 1437,6,4.00,T2,1481,40,1478.44,-8.76,1469.68,1482,40,1478.44,-8.76,1469.68,1436,40,1500.00,8.76,1508.76,1437,40,1500.00,8.76,1508.76
434,6/21/2024,Luke Hanes 1501,Rick Hanes 1465,0,Robert Cramer 1340,Roy Thompson 1371,8,4.00,T2,1501,40,1509.92,-20.08,1489.84,1465,40,1512.69,-20.08,1492.61,1340,40,1510.00,20.08,1530.08,1371,40,1510.00,20.08,1530.08
435,6/21/2024,Wes Schmidt 1442,Oliver Schmidt 1443,4,Braden Alan 1433,Taylor Hoener 1365,4,4.00,TIE,1442,40,1510.00,0.00,1510.00,1443,40,1510.00,0.00,1510.00,1433,40,1510.00,0.00,1510.00,1365,40,1510.00,0.00,1510.00
436,6/21/2024,Cody Gates 1356,Robert Gabbert 1464,6,Derek Hadley 1410,Lauren Hiller 1395,2,4.00,T1,1356,40,1518.79,9.49,1528.28,1464,40,1518.79,9.49,1528.28,1410,40,1510.00,-9.49,1500.51,1395,40,1510.00,-9.49,1500.51
437,6/21/2024,Benjamin Chen 1494,Diana Chen 1495,4,Steve Meringolo 1366,Jazzmon McKinney 1503,4,4.00,TIE,1494,40,1510.00,-0.41,1509.59,1495,40,1510.00,-0.41,1509.59,1366,40,1502.81,0.41,1503.22,1503,40,1502.81,0.41,1503.22
438,6/21/2024,Evan Williams 1481,Charlotte Melby 1482,6,Marc Zumhagen 1412,Alexa Zumhagen 1507,2,4.00,T1,1481,40,1469.68,11.17,1480.85,1482,40,1469.68,11.17,1480.85,1412,40,1490.00,-11.17,1478.83,1507,40,1490.00,-11.17,1478.83
439,6/21/2024,Caren Losiewicz 1449,Martin Losiewicz 1450,8,Cash Campbell 1528,Amy Zumhagen 1421,0,4.00,T1,1449,40,1489.56,18.31,1507.87,1450,40,1489.56,18.31,1507.87,1528,40,1481.21,-18.31,1462.90,1421,40,1438.95,-18.31,1420.64
440,6/21/2024,Brad Boothe 1359,Candice Boothe 1413,2,Matthew Mullan 1455,Michael Houze 1456,6,4.00,T2,1359,40,1490.00,-10.00,1480.00,1413,40,1490.00,-10.00,1480.00,1455,40,1490.00,10.00,1500.00,1456,40,1490.00,10.00,1500.00
441,6/21/2024,Tracey Bennett 1471,Brian Bennett 1352,4,Lindsay Dassault 1524,Abigail Boles 1525,4,4.00,TIE,1471,40,1490.00,0.00,1490.00,1352,40,1490.00,0.00,1490.00,1524,40,1490.08,0.00,1490.08,1525,40,1490.08,0.00,1490.08
442,6/21/2024,Peter Nein 1511,Laura Nein 1512,0,Daniel Sherman 1436,Ben Sherman 1437,8,4.00,T2,1511,40,1500.00,-19.50,1480.50,1512,40,1500.00,-19.50,1480.50,1436,40,1508.76,19.50,1528.26,1437,40,1508.76,19.50,1528.26
443,6/21/2024,Miles Fountain 1476,Hazel Fountain 1477,6,Kacee Larry 1517,Christopher Larry 1518,2,4.00,T1,1476,40,1490.00,10.58,1500.58,1477,40,1490.00,10.58,1500.58,1517,40,1500.00,-10.58,1489.42,1518,40,1500.00,-10.58,1489.42
444,6/21/2024,Cody Gates 1356,Robert Gabbert 1464,1,Robert Cramer 1340,Roy Thompson 1371,7,4.00,T2,1356,40,1528.28,-14.90,1513.38,1464,40,1528.28,-14.90,1513.38,1340,40,1530.08,14.90,1544.98,1371,40,1530.08,14.90,1544.98
445,6/21/2024,Wes Schmidt 1442,Oliver Schmidt 1443,2,Daniel Sherman 1436,Ben Sherman 1437,6,4.00,T2,1442,40,1510.00,-8.95,1501.05,1443,40,1510.00,-8.95,1501.05,1436,40,1528.26,8.95,1537.21,1437,40,1528.26,8.95,1537.21
446,6/21/2024,Benjamin Chen 1494,Diana Chen 1495,0,Braden Alan 1433,Taylor Hoener 1365,8,4.00,T2,1494,40,1509.59,-19.98,1489.61,1495,40,1509.59,-19.98,1489.61,1433,40,1510.00,19.98,1529.98,1365,40,1510.00,19.98,1529.98
447,6/21/2024,Cash Campbell 1528,Amy Zumhagen 1421,2,Marc Zumhagen 1412,Alexa Zumhagen 1507,6,4.00,T2,1528,40,1462.90,-7.87,1455.03,1421,40,1420.64,-7.87,1412.77,1412,40,1478.83,7.87,1486.70,1507,40,1478.83,7.87,1486.70
448,6/21/2024,Brad Boothe 1359,Candice Boothe 1413,2,Kacee Larry 1517,Christopher Larry 1518,6,4.00,T2,1359,40,1480.00,-9.46,1470.54,1413,40,1480.00,-9.46,1470.54,1517,40,1489.42,9.46,1498.88,1518,40,1489.42,9.46,1498.88
449,6/21/2024,Peter Nein 1511,Laura Nein 1512,8,Lindsay Dassault 1524,Abigail Boles 1525,0,4.00,T1,1511,40,1480.50,20.55,1501.05,1512,40,1480.50,20.55,1501.05,1524,40,1490.08,-20.55,1469.53,1525,40,1490.08,-20.55,1469.53
450,6/21/2024,Luke Hanes 1501,Rick Hanes 1465,5,Steve Meringolo 1366,Jazzmon McKinney 1503,3,4.00,T1,1501,40,1489.84,5.69,1495.53,1465,40,1492.61,5.69,1498.30,1366,40,1503.22,-5.69,1497.53,1503,40,1503.22,-5.69,1497.53
451,6/21/2024,Tracey Bennett 1471,Brian Bennett 1352,4,Derek Hadley 1410,Lauren Hiller 1395,4,4.00,TIE,1471,40,1490.00,0.60,1490.60,1352,40,1490.00,0.60,1490.60,1410,40,1500.51,-0.60,1499.91,1395,40,1500.51,-0.60,1499.91
452,6/21/2024,Miles Fountain 1476,Hazel Fountain 1477,4,Matthew Mullan 1455,Michael Houze 1456,4,4.00,TIE,1476,40,1500.58,-0.03,1500.55,1477,40,1500.58,-0.03,1500.55,1455,40,1500.00,0.03,1500.03,1456,40,1500.00,0.03,1500.03
453,6/21/2024,Evan Williams 1481,Charlotte Melby 1482,4,Caren Losiewicz 1449,Martin Losiewicz 1450,4,4.00,TIE,1481,40,1480.85,1.55,1482.40,1482,40,1480.85,1.55,1482.40,1449,40,1507.87,-1.55,1506.32,1450,40,1507.87,-1.55,1506.32
454,6/21/2024,Robert Cramer 1340,Roy Thompson 1371,5,Daniel Sherman 1436,Ben Sherman 1437,3,4.00,T1,1340,40,1544.98,4.55,1549.53,1371,40,1544.98,4.55,1549.53,1436,40,1537.21,-4.55,1532.66,1437,40,1537.21,-4.55,1532.66
455,6/21/2024,Luke Hanes 1501,Rick Hanes 1465,0,Braden Alan 1433,Taylor Hoener 1365,8,4.00,T2,1501,40,1495.53,-18.10,1477.43,1465,40,1498.30,-18.10,1480.20,1433,40,1529.98,18.10,1548.08,1365,40,1529.98,18.10,1548.08
456,6/21/2024,Cash Campbell 1528,Amy Zumhagen 1421,0,Brad Boothe 1359,Candice Boothe 1413,8,4.00,T2,1528,40,1455.03,-17.90,1437.13,1421,40,1412.77,-17.90,1394.87,1359,40,1470.54,17.90,1488.44,1413,40,1470.54,17.90,1488.44
457,6/21/2024,Lindsay Dassault 1524,Abigail Boles 1525,4,Marc Zumhagen 1412,Alexa Zumhagen 1507,4,4.00,TIE,1524,40,1469.53,0.99,1470.52,1525,40,1469.53,0.99,1470.52,1412,40,1486.70,-0.99,1485.71,1507,40,1486.70,-0.99,1485.71
458,6/21/2024,Cody Gates 1356,Robert Gabbert 1464,1,Wes Schmidt 1442,Oliver Schmidt 1443,7,4.00,T2,1356,40,1513.38,-15.71,1497.67,1464,40,1513.38,-15.71,1497.67,1442,40,1501.05,15.71,1516.76,1443,40,1501.05,15.71,1516.76
459,6/21/2024,Tracey Bennett 1471,Brian Bennett 1352,8,Kacee Larry 1517,Christopher Larry 1518,0,4.00,T1,1471,40,1490.60,20.48,1511.08,1352,40,1490.60,20.48,1511.08,1517,40,1498.88,-20.48,1478.40,1518,40,1498.88,-20.48,1478.40
460,6/21/2024,Miles Fountain 1476,Hazel Fountain 1477,4,Derek Hadley 1410,Lauren Hiller 1395,4,4.00,TIE,1476,40,1500.55,-0.04,1500.51,1477,40,1500.55,-0.04,1500.51,1410,40,1499.91,0.04,1499.95,1395,40,1499.91,0.04,1499.95
461,6/21/2024,Steve Meringolo 1366,Jazzmon McKinney 1503,2,Matthew Mullan 1455,Michael Houze 1456,6,4.00,T2,1366,40,1497.53,-9.86,1487.67,1503,40,1497.53,-9.86,1487.67,1455,40,1500.03,9.86,1509.89,1456,40,1500.03,9.86,1509.89
462,6/21/2024,Benjamin Chen 1494,Diana Chen 1495,4,Evan Williams 1481,Charlotte Melby 1482,4,4.00,TIE,1494,40,1489.61,-0.41,1489.20,1495,40,1489.61,-0.41,1489.20,1481,40,1482.40,0.41,1482.81,1482,40,1482.40,0.41,1482.81
463,6/21/2024,Peter Nein 1511,Laura Nein 1512,0,Caren Losiewicz 1449,Martin Losiewicz 1450,8,4.00,T2,1511,40,1501.05,-19.70,1481.35,1512,40,1501.05,-19.70,1481.35,1449,40,1506.32,19.70,1526.02,1450,40,1506.32,19.70,1526.02
464,6/22/2024,Tristan Collins 1472,Anastasia Weiker 1473,2,Brad Barhorst 1362,Bryan Barhorst 1439,6,4.00,T2,1472,40,1500.00,-10.00,1490.00,1473,40,1500.00,-10.00,1490.00,1362,40,1500.00,10.00,1510.00,1439,40,1500.00,10.00,1510.00
465,6/22/2024,Tanner Crawford 1459,Jonathan Crawford 1349,2,Adam Ziobrowski 1347,Ian Shaw 1337,6,4.00,T2,1459,40,1500.00,-10.00,1490.00,1349,40,1500.00,-10.00,1490.00,1347,40,1500.00,10.00,1510.00,1337,40,1500.00,10.00,1510.00
466,6/22/2024,Rance Hickman 1444,Landon Moriconi 1445,6,Elizabeth Rodriguez 1496,Weston Rodriguez 1498,2,4.00,T1,1444,40,1500.00,10.00,1510.00,1445,40,1500.00,10.00,1510.00,1496,40,1500.00,-10.00,1490.00,1498,40,1500.00,-10.00,1490.00
467,6/22/2024,John Gapinski 1485,Liam Gapinski 1486,3,Lauren Herrmann 1502,Kasi Lumbatis 1382,5,4.00,T2,1485,40,1500.00,-5.15,1494.85,1486,40,1500.00,-5.15,1494.85,1502,40,1494.79,5.15,1499.94,1382,40,1500.00,5.15,1505.15
468,6/22/2024,John Keith 1451,Ryan Murphy 1452,0,Michael Barth 1342,Bailey Osborne 1350,8,4.00,T2,1451,40,1500.00,-20.00,1480.00,1452,40,1500.00,-20.00,1480.00,1342,40,1500.00,20.00,1520.00,1350,40,1500.00,20.00,1520.00
469,6/22/2024,Nat Bellami 1490,Brian Lewis 1491,4,Rick Hanes 1465,Beth Hanes 1466,4,4.00,TIE,1490,40,1500.00,-0.57,1499.43,1491,40,1500.00,-0.57,1499.43,1465,40,1480.20,0.57,1480.77,1466,40,1500.00,0.57,1500.57
470,6/22/2024,Rance Hickman 1444,Landon Moriconi 1445,1,Adam Ziobrowski 1347,Ian Shaw 1337,7,4.00,T2,1444,40,1510.00,-15.00,1495.00,1445,40,1510.00,-15.00,1495.00,1347,40,1510.00,15.00,1525.00,1337,40,1510.00,15.00,1525.00
471,6/22/2024,Brad Barhorst 1362,Bryan Barhorst 1439,8,Lauren Herrmann 1502,Kasi Lumbatis 1382,0,4.00,T1,1362,40,1510.00,19.57,1529.57,1439,40,1510.00,19.57,1529.57,1502,40,1499.94,-19.57,1480.37,1382,40,1505.15,-19.57,1485.58
472,6/22/2024,John Gapinski 1485,Liam Gapinski 1486,6,Elizabeth Rodriguez 1496,Weston Rodriguez 1498,2,4.00,T1,1485,40,1494.85,9.72,1504.57,1486,40,1494.85,9.72,1504.57,1496,40,1490.00,-9.72,1480.28,1498,40,1490.00,-9.72,1480.28
473,6/22/2024,John Keith 1451,Ryan Murphy 1452,6,Tanner Crawford 1459,Jonathan Crawford 1349,2,4.00,T1,1451,40,1480.00,10.58,1490.58,1452,40,1480.00,10.58,1490.58,1459,40,1490.00,-10.58,1479.42,1349,40,1490.00,-10.58,1479.42
474,6/22/2024,Nat Bellami 1490,Brian Lewis 1491,0,Michael Barth 1342,Bailey Osborne 1350,8,4.00,T2,1490,40,1499.43,-18.82,1480.61,1491,40,1499.43,-18.82,1480.61,1342,40,1520.00,18.82,1538.82,1350,40,1520.00,18.82,1538.82
475,6/22/2024,Tristan Collins 1472,Anastasia Weiker 1473,4,Rick Hanes 1465,Beth Hanes 1466,4,4.00,TIE,1472,40,1490.00,0.04,1490.04,1473,40,1490.00,0.04,1490.04,1465,40,1480.77,-0.04,1480.73,1466,40,1500.57,-0.04,1500.53
476,6/22/2024,Brad Barhorst 1362,Bryan Barhorst 1439,2,Adam Ziobrowski 1347,Ian Shaw 1337,6,4.00,T2,1362,40,1529.57,-10.26,1519.31,1439,40,1529.57,-10.26,1519.31,1347,40,1525.00,10.26,1535.26,1337,40,1525.00,10.26,1535.26
477,6/22/2024,Tanner Crawford 1459,Jonathan Crawford 1349,8,Elizabeth Rodriguez 1496,Weston Rodriguez 1498,0,4.00,T1,1459,40,1479.42,20.05,1499.47,1349,40,1479.42,20.05,1499.47,1496,40,1480.28,-20.05,1460.23,1498,40,1480.28,-20.05,1460.23
478,6/22/2024,Tristan Collins 1472,Anastasia Weiker 1473,2,Nat Bellami 1490,Brian Lewis 1491,6,4.00,T2,1472,40,1490.04,-10.54,1479.50,1473,40,1490.04,-10.54,1479.50,1490,40,1480.61,10.54,1491.15,1491,40,1480.61,10.54,1491.15
479,6/22/2024,Lauren Herrmann 1502,Kasi Lumbatis 1382,0,Michael Barth 1342,Bailey Osborne 1350,8,4.00,T2,1502,40,1480.37,-16.81,1463.56,1382,40,1485.58,-16.81,1468.77,1342,40,1538.82,16.81,1555.63,1350,40,1538.82,16.81,1555.63
480,6/22/2024,Rance Hickman 1444,Landon Moriconi 1445,4,Rick Hanes 1465,Beth Hanes 1466,4,4.00,TIE,1444,40,1495.00,-0.25,1494.75,1445,40,1495.00,-0.25,1494.75,1465,40,1480.73,0.25,1480.98,1466,40,1500.53,0.25,1500.78
481,6/22/2024,John Gapinski 1485,Liam Gapinski 1486,2,John Keith 1451,Ryan Murphy 1452,6,4.00,T2,1485,40,1504.57,-10.80,1493.77,1486,40,1504.57,-10.80,1493.77,1451,40,1490.58,10.80,1501.38,1452,40,1490.58,10.80,1501.38
482,6/22/2024,Michael Barth 1342,Bailey Osborne 1350,4,Adam Ziobrowski 1347,Ian Shaw 1337,4,4.00,TIE,1342,40,1555.63,-1.17,1554.46,1350,40,1555.63,-1.17,1554.46,1347,40,1535.26,1.17,1536.43,1337,40,1535.26,1.17,1536.43
483,6/22/2024,John Keith 1451,Ryan Murphy 1452,2,Brad Barhorst 1362,Bryan Barhorst 1439,6,4.00,T2,1451,40,1501.38,-8.97,1492.41,1452,40,1501.38,-8.97,1492.41,1362,40,1519.31,8.97,1528.28,1439,40,1519.31,8.97,1528.28
484,6/22/2024,Nat Bellami 1490,Brian Lewis 1491,4,Elizabeth Rodriguez 1496,Weston Rodriguez 1498,4,4.00,TIE,1490,40,1491.15,-1.78,1489.37,1491,40,1491.15,-1.78,1489.37,1496,40,1460.23,1.78,1462.01,1498,40,1460.23,1.78,1462.01
485,6/22/2024,Tanner Crawford 1459,Jonathan Crawford 1349,5,John Gapinski 1485,Liam Gapinski 1486,3,4.00,T1,1459,40,1499.47,4.67,1504.14,1349,40,1499.47,4.67,1504.14,1485,40,1493.77,-4.67,1489.10,1486,40,1493.77,-4.67,1489.10
486,6/22/2024,Lauren Herrmann 1502,Kasi Lumbatis 1382,4,Rick Hanes 1465,Beth Hanes 1466,4,4.00,TIE,1502,40,1463.56,1.42,1464.98,1382,40,1468.77,1.42,1470.19,1465,40,1480.98,-1.42,1479.56,1466,40,1500.78,-1.42,1499.36
487,6/22/2024,Rance Hickman 1444,Landon Moriconi 1445,6,Tristan Collins 1472,Anastasia Weiker 1473,2,4.00,T1,1444,40,1494.75,9.12,1503.87,1445,40,1494.75,9.12,1503.87,1472,40,1479.50,-9.12,1470.38,1473,40,1479.50,-9.12,1470.38
488,6/22/2024,Ryan Buhr 1346,Emma Buhr 1351,6,Justin Parnell 1469,Meredith Morgan 1470,0,3.00,T1,1346,40,1565.35,12.38,1577.73,1351,40,1565.35,12.38,1577.73,1469,40,1504.09,-12.38,1491.71,1470,40,1504.09,-12.38,1491.71
489,6/22/2024,Rick Hanes 1465,Beth Hanes 1466,0,Matthew Mullan 1455,Michael Houze 1456,6,3.00,T2,1465,40,1479.56,-14.12,1465.44,1466,40,1499.36,-14.12,1485.24,1455,40,1509.89,14.12,1524.01,1456,40,1509.89,14.12,1524.01
490,6/22/2024,Wes Schmidt 1442,Oliver Schmidt 1443,6,Lauren Herrmann 1502,Kasi Lumbatis 1382,0,3.00,T1,1442,40,1516.76,12.89,1529.65,1443,40,1516.76,12.89,1529.65,1502,40,1464.98,-12.89,1452.09,1382,40,1470.19,-12.89,1457.30
491,6/22/2024,Roy Baron 1354,Sarah Seto 1435,6,Nat Bellami 1490,Brian Lewis 1491,0,3.00,T1,1354,40,1529.94,13.26,1543.20,1435,40,1529.94,13.26,1543.20,1490,40,1489.37,-13.26,1476.11,1491,40,1489.37,-13.26,1476.11
492,6/22/2024,Martin Losiewicz 1450,Caren Losiewicz 1449,2,Ben Voorhorst 1448,Bradley Broyles 1383,6,4.00,T2,1450,40,1526.02,-9.80,1516.22,1449,40,1526.02,-9.80,1516.22,1448,40,1529.54,9.80,1539.34,1383,40,1529.54,9.80,1539.34
493,6/22/2024,Darin Van Gammeren 1338,Katie Van Gammeren 1438,3,Tracey Bennett 1471,Brian Bennett 1352,5,4.00,T2,1338,40,1532.48,-6.23,1526.25,1438,40,1532.48,-6.23,1526.25,1471,40,1511.08,6.23,1517.31,1352,40,1511.08,6.23,1517.31
494,6/22/2024,Steven Brown 1000,Brandyn Osborne 1341,6,John Gapinski 1485,Liam Gapinski 1486,0,3.00,T1,1000,40,1588.81,11.79,1600.60,1341,40,1540.41,11.79,1552.20,1485,40,1489.10,-11.79,1477.31,1486,40,1489.10,-11.79,1477.31
495,6/22/2024,Caleb Buhr 1339,Jennifer Buhr 1343,6,Tristan Collins 1472,Anastasia Weiker 1473,2,4.00,T1,1339,40,1524.92,6.89,1531.81,1343,40,1524.92,6.89,1531.81,1472,40,1470.38,-6.89,1463.49,1473,40,1470.38,-6.89,1463.49
496,6/22/2024,Tanner Crawford 1459,Jonathan Crawford 1349,2,Adah Swenson 1479,Ben Swenson 1480,6,4.00,T2,1459,40,1504.14,-8.96,1495.18,1349,40,1504.14,-8.96,1495.18,1479,40,1522.16,8.96,1531.12,1480,40,1522.16,8.96,1531.12
497,6/22/2024,Braden Alan 1433,Taylor Hoener 1365,6,Markus Borsch 1461,Joseph Muhle 1463,4,5.00,T1,1433,40,1548.08,3.21,1551.29,1365,40,1548.08,3.21,1551.29,1461,40,1523.10,-3.21,1519.89,1463,40,1523.10,-3.21,1519.89
498,6/22/2024,Zack Hjorth 1440,Ethan Klobucar 1441,6,Timothy Chasteen 1460,Jackie Chasteen 1462,4,5.00,T1,1440,40,1533.50,3.05,1536.55,1441,40,1533.50,3.05,1536.55,1460,40,1506.31,-3.05,1503.26,1462,40,1506.31,-3.05,1503.26
499,6/22/2024,David Jay 1345,David Louie 1388,6,Ryan Wolfe 1457,Andrew Garth 1458,0,3.00,T1,1345,40,1545.92,13.06,1558.98,1388,40,1545.92,13.06,1558.98,1457,40,1500.70,-13.06,1487.64,1458,40,1500.70,-13.06,1487.64
500,6/22/2024,Adam Ziobrowski 1347,Ian Shaw 1337,6,Evan Williams 1481,Charlotte Melby 1482,0,3.00,T1,1347,40,1536.43,12.70,1549.13,1337,40,1536.43,12.70,1549.13,1481,40,1482.81,-12.70,1470.11,1482,40,1482.81,-12.70,1470.11
501,6/22/2024,Ryan Buhr 1346,Emma Buhr 1351,6,Matthew Mullan 1455,Michael Houze 1456,0,3.00,T1,1346,40,1577.73,12.70,1590.43,1351,40,1577.73,12.70,1590.43,1455,40,1524.01,-12.70,1511.31,1456,40,1524.01,-12.70,1511.31
502,6/22/2024,Wes Schmidt 1442,Oliver Schmidt 1443,0,Roy Baron 1354,Sarah Seto 1435,6,3.00,T2,1442,40,1529.65,-14.42,1515.23,1443,40,1529.65,-14.42,1515.23,1354,40,1543.20,14.42,1557.62,1435,40,1543.20,14.42,1557.62
503,6/22/2024,Michael Barth 1342,Bailey Osborne 1350,5,Ben Voorhorst 1448,Bradley Broyles 1383,1,3.00,T1,1342,40,1554.46,9.35,1563.81,1350,40,1554.46,9.35,1563.81,1448,40,1539.34,-9.35,1529.99,1383,40,1539.34,-9.35,1529.99
504,6/22/2024,Tracey Bennett 1471,Brian Bennett 1352,0,Steven Brown 1000,Brandyn Osborne 1341,6,3.00,T2,1471,40,1517.31,-12.47,1504.84,1352,40,1517.31,-12.47,1504.84,1000,40,1600.60,12.47,1613.07,1341,40,1552.20,12.47,1564.67
505,6/22/2024,Ben Harding 1001,Preston Leeke 1002,6,Caleb Buhr 1339,Jennifer Buhr 1343,4,5.00,T1,1001,20,1690.43,-1.02,1689.41,1002,40,1574.55,-2.05,1572.50,1339,40,1531.81,2.05,1533.86,1343,40,1531.81,2.05,1533.86
506,6/22/2024,Adah Swenson 1479,Ben Swenson 1480,4,Braden Alan 1433,Taylor Hoener 1365,6,5.00,T2,1479,40,1531.12,-3.55,1527.57,1480,40,1531.12,-3.55,1527.57,1433,40,1551.29,3.55,1554.84,1365,40,1551.29,3.55,1554.84
507,6/22/2024,Robert Cramer 1340,Roy Thompson 1371,6,Zack Hjorth 1440,Ethan Klobucar 1441,0,3.00,T1,1340,40,1549.53,14.44,1563.97,1371,40,1549.53,14.44,1563.97,1440,40,1536.55,-14.44,1522.11,1441,40,1536.55,-14.44,1522.11
508,6/22/2024,David Jay 1345,David Louie 1388,2,Adam Ziobrowski 1347,Ian Shaw 1337,6,4.00,T2,1345,40,1558.98,-10.57,1548.41,1388,40,1558.98,-10.57,1548.41,1347,40,1549.13,10.57,1559.70,1337,40,1549.13,10.57,1559.70
509,6/22/2024,Ryan Buhr 1346,Emma Buhr 1351,8,Roy Baron 1354,Sarah Seto 1435,4,6.00,T1,1346,40,1590.43,7.18,1597.61,1351,40,1590.43,7.18,1597.61,1354,40,1557.62,-7.18,1550.44,1435,40,1557.62,-7.18,1550.44
510,6/22/2024,Michael Barth 1342,Bailey Osborne 1350,3,Steven Brown 1000,Brandyn Osborne 1341,7,5.00,T2,1342,40,1563.81,-8.20,1555.61,1350,40,1563.81,-8.20,1555.61,1000,40,1613.07,8.20,1621.27,1341,40,1564.67,8.20,1572.87
511,6/22/2024,Ben Harding 1001,Preston Leeke 1002,8,Braden Alan 1433,Taylor Hoener 1365,4,6.00,T1,1001,20,1689.41,1.77,1691.18,1002,40,1572.50,3.53,1576.03,1433,40,1554.84,-3.53,1551.31,1365,40,1554.84,-3.53,1551.31
512,6/22/2024,Robert Cramer 1340,Roy Thompson 1371,4,Adam Ziobrowski 1347,Ian Shaw 1337,8,6.00,T2,1340,40,1563.97,-10.37,1553.60,1371,40,1563.97,-10.37,1553.60,1347,40,1559.70,10.37,1570.07,1337,40,1559.70,10.37,1570.07
513,6/22/2024,Ryan Buhr 1346,Emma Buhr 1351,8,Steven Brown 1000,Brandyn Osborne 1341,0,4.00,T1,1346,40,1597.61,19.97,1617.58,1351,40,1597.61,19.97,1617.58,1000,40,1621.27,-19.97,1601.30,1341,40,1572.87,-19.97,1552.90
514,6/22/2024,Ben Harding 1001,Preston Leeke 1002,7,Ian Shaw 1337,Adam Ziobrowski 1347,5,6.00,T1,1001,20,1691.18,-0.21,1690.97,1002,40,1576.03,-0.43,1575.60,1337,40,1570.07,0.43,1570.50,1347,40,1570.07,0.43,1570.50
515,6/22/2024,Ben Harding 1001,Preston Leeke 1002,3,Ryan Buhr 1346,Emma Buhr 1351,7,5.00,T2,1001,20,1690.97,-5.56,1685.41,1002,40,1575.60,-11.13,1564.47,1346,40,1617.58,11.13,1628.71,1351,40,1617.58,11.13,1628.71
516,6/22/2024,Brandyn Osborne 1341,Steven Brown 1000,4,Adam Ziobrowski 1347,Ian Shaw 1337,8,6.00,T2,1341,40,1552.90,-10.57,1542.33,1000,40,1601.30,-10.57,1590.73,1347,40,1570.50,10.57,1581.07,1337,40,1570.50,10.57,1581.07
517,09/14/2024,Sammy Nour 1535,Ben Hackney-Williams 1540,0,Alan Wood 1530,Yoann Pidial 1534,8,4.00,T2,1535,40,1500.00,-20.00,1480.00,1540,40,1500.00,-20.00,1480.00,1530,40,1500.00,20.00,1520.00,1534,40,1500.00,20.00,1520.00
518,09/14/2024,Sammy Nour 1535,Ben Hackney-Williams 1540,4,Joert Edink 1172,Sander Brugman 1529,4,4.00,TIE,1535,40,1480.00,1.15,1481.15,1540,40,1480.00,1.15,1481.15,1172,40,1500.00,-1.15,1498.85,1529,40,1500.00,-1.15,1498.85
519,09/14/2024,Sammy Nour 1535,Ben Hackney-Williams 1540,4,István Szász-Köpeczy 1189,Zsombor Kisfaludi-Bak 1174,4,4.00,TIE,1535,40,1481.15,1.08,1482.23,1540,40,1481.15,1.08,1482.23,1189,40,1500.00,-1.08,1498.92,1174,40,1500.00,-1.08,1498.92
520,09/14/2024,Sammy Nour 1535,Ben Hackney-Williams 1540,2,Zsolt Szabó 1533,Sándor Vincze-Palkó 1537,6,4.00,T2,1535,40,1482.23,-8.98,1473.25,1540,40,1482.23,-8.98,1473.25,1533,40,1500.00,8.98,1508.98,1537,40,1500.00,8.98,1508.98
521,09/14/2024,Sammy Nour 1535,Ben Hackney-Williams 1540,4,Csaba Zongor 1170,Zalán Zakariás 1539,4,4.00,TIE,1535,40,1473.25,1.54,1474.79,1540,40,1473.25,1.54,1474.79,1170,40,1500.00,-1.54,1498.46,1539,40,1500.00,-1.54,1498.46
522,09/14/2024,Sammy Nour 1535,Ben Hackney-Williams 1540,8,Miklós Vincze Német 1536,Zsolt Teleky 1543,0,4.00,T1,1535,40,1474.79,21.45,1496.24,1540,40,1474.79,21.45,1496.24,1536,40,1500.00,-21.45,1478.55,1543,40,1500.00,-21.45,1478.55
523,09/14/2024,Sammy Nour 1535,Ben Hackney-Williams 1540,5,Álmos Ákos Illyés-Rataj 1050,Szilvia Rataj 1049,3,4.00,T1,1535,40,1496.24,-0.15,1496.09,1540,40,1496.24,-0.15,1496.09,1050,40,1404.70,0.15,1404.85,1049,40,1404.70,0.15,1404.85
524,09/14/2024,Sammy Nour 1535,Ben Hackney-Williams 1540,0,Ádám Huszárik 1039,Mihály Huszárik 1040,8,4.00,T2,1535,40,1496.09,-18.77,1477.32,1540,40,1496.09,-18.77,1477.32,1039,40,1517.43,18.77,1536.20,1040,40,1517.43,18.77,1536.20
525,09/14/2024,Sammy Nour 1535,Ben Hackney-Williams 1540,2,Nikolett Huszárik 1041,Árpád Lonsták 1042,6,4.00,T2,1535,40,1477.32,-4.83,1472.49,1540,40,1477.32,-4.83,1472.49,1041,40,1569.22,4.83,1574.05,1042,40,1569.22,4.83,1574.05
526,09/14/2024,Sammy Nour 1535,Ben Hackney-Williams 1540,0,Tamás Zámbó 1037,Kristóf Zámbó 1038,8,4.00,T2,1535,40,1472.49,-16.09,1456.40,1540,40,1472.49,-16.09,1456.40,1037,40,1541.24,16.09,1557.33,1038,40,1541.24,16.09,1557.33
527,09/14/2024,Sammy Nour 1535,Ben Hackney-Williams 1540,2,Lelle Ladányi 1051,Péter Ladányi 1052,6,4.00,T2,1535,40,1456.40,-6.30,1450.10,1540,40,1456.40,-6.30,1450.10,1051,40,1521.49,6.30,1527.79,1052,40,1521.49,6.30,1527.79
528,09/14/2024,Sammy Nour 1535,Ben Hackney-Williams 1540,2,Zsolt Bodnár 1043,Zsolt Rimár 1055,6,4.00,T2,1535,40,1450.10,-7.18,1442.92,1540,40,1450.10,-7.18,1442.92,1043,40,1488.92,7.18,1496.10,1055,40,1509.85,7.18,1517.03
529,09/14/2024,Sammy Nour 1535,Ben Hackney-Williams 1540,6,Philipp Hampl 1541,Anna Bubashvili 1544,2,4.00,T1,1535,40,1442.92,13.26,1456.18,1540,40,1442.92,13.26,1456.18,1541,40,1500.00,-13.26,1486.74,1544,40,1500.00,-13.26,1486.74
530,09/14/2024,Alan Wood 1530,Yoann Pidial 1534,4,Joert Edink 1172,Sander Brugman 1529,4,4.00,TIE,1530,40,1520.00,-1.22,1518.78,1534,40,1520.00,-1.22,1518.78,1172,40,1498.85,1.22,1500.07,1529,40,1498.85,1.22,1500.07
531,09/14/2024,Alan Wood 1530,Yoann Pidial 1534,6,István Szász-Köpeczy 1189,Zsombor Kisfaludi-Bak 1174,2,4.00,T1,1530,40,1518.78,8.86,1527.64,1534,40,1518.78,8.86,1527.64,1189,40,1498.92,-8.86,1490.06,1174,40,1498.92,-8.86,1490.06
532,09/14/2024,Alan Wood 1530,Yoann Pidial 1534,8,Zsolt Szabó 1533,Sándor Vincze-Palkó 1537,0,4.00,T1,1530,40,1527.64,18.93,1546.57,1534,40,1527.64,18.93,1546.57,1533,40,1508.98,-18.93,1490.05,1537,40,1508.98,-18.93,1490.05
533,09/14/2024,Alan Wood 1530,Yoann Pidial 1534,4,Csaba Zongor 1170,Zalán Zakariás 1539,4,4.00,TIE,1530,40,1546.57,-2.75,1543.82,1534,40,1546.57,-2.75,1543.82,1170,40,1498.46,2.75,1501.21,1539,40,1498.46,2.75,1501.21
534,09/14/2024,Alan Wood 1530,Yoann Pidial 1534,6,Miklós Vincze Német 1536,Zsolt Teleky 1543,2,4.00,T1,1530,40,1543.82,6.29,1550.11,1534,40,1543.82,6.29,1550.11,1536,40,1478.55,-6.29,1472.26,1543,40,1478.55,-6.29,1472.26
535,09/14/2024,Alan Wood 1530,Yoann Pidial 1534,6,Álmos Ákos Illyés-Rataj 1050,Szilvia Rataj 1049,2,4.00,T1,1530,40,1550.11,2.09,1552.20,1534,40,1550.11,2.09,1552.20,1050,40,1404.85,-2.09,1402.76,1049,40,1404.85,-2.09,1402.76
536,09/14/2024,Alan Wood 1530,Yoann Pidial 1534,3,Ádám Huszárik 1039,Mihály Huszárik 1040,5,4.00,T2,1530,40,1552.20,-5.92,1546.28,1534,40,1552.20,-5.92,1546.28,1039,40,1536.20,5.92,1542.12,1040,40,1536.20,5.92,1542.12
537,09/14/2024,Alan Wood 1530,Yoann Pidial 1534,0,Nikolett Huszárik 1041,Árpád Lonsták 1042,8,4.00,T2,1530,40,1546.28,-18.40,1527.88,1534,40,1546.28,-18.40,1527.88,1041,40,1574.05,18.40,1592.45,1042,40,1574.05,18.40,1592.45
538,09/14/2024,Alan Wood 1530,Yoann Pidial 1534,3,Tamás Zámbó 1037,Kristóf Zámbó 1038,5,4.00,T2,1530,40,1527.88,-3.31,1524.57,1534,40,1527.88,-3.31,1524.57,1037,40,1557.33,3.31,1560.64,1038,40,1557.33,3.31,1560.64
539,09/14/2024,Alan Wood 1530,Yoann Pidial 1534,6,Lelle Ladányi 1051,Péter Ladányi 1052,2,4.00,T1,1530,40,1524.57,10.19,1534.76,1534,40,1524.57,10.19,1534.76,1051,40,1527.79,-10.19,1517.60,1052,40,1527.79,-10.19,1517.60
540,09/14/2024,Alan Wood 1530,Yoann Pidial 1534,8,Zsolt Bodnár 1043,Zsolt Rimár 1055,0,4.00,T1,1530,40,1534.76,18.38,1553.14,1534,40,1534.76,18.38,1553.14,1043,40,1496.10,-18.38,1477.72,1055,40,1517.03,-18.38,1498.65
541,09/14/2024,Alan Wood 1530,Yoann Pidial 1534,8,Philipp Hampl 1541,Anna Bubashvili 1544,0,4.00,T1,1530,40,1553.14,16.22,1569.36,1534,40,1553.14,16.22,1569.36,1541,40,1486.74,-16.22,1470.52,1544,40,1486.74,-16.22,1470.52
542,09/14/2024,Joert Edink 1172,Sander Brugman 1529,6,István Szász-Köpeczy 1189,Zsombor Kisfaludi-Bak 1174,2,4.00,T1,1172,40,1500.07,9.42,1509.49,1529,40,1500.07,9.42,1509.49,1189,40,1490.06,-9.42,1480.64,1174,40,1490.06,-9.42,1480.64
543,09/14/2024,Joert Edink 1172,Sander Brugman 1529,6,Zsolt Szabó 1533,Sándor Vincze-Palkó 1537,2,4.00,T1,1172,40,1509.49,8.88,1518.37,1529,40,1509.49,8.88,1518.37,1533,40,1490.05,-8.88,1481.17,1537,40,1490.05,-8.88,1481.17
544,09/14/2024,Joert Edink 1172,Sander Brugman 1529,8,Csaba Zongor 1170,Zalán Zakariás 1539,0,4.00,T1,1172,40,1518.37,19.01,1537.38,1529,40,1518.37,19.01,1537.38,1170,40,1501.21,-19.01,1482.20,1539,40,1501.21,-19.01,1482.20
545,09/14/2024,Joert Edink 1172,Sander Brugman 1529,2,Miklós Vincze Német 1536,Zsolt Teleky 1543,6,4.00,T2,1172,40,1537.38,-13.71,1523.67,1529,40,1537.38,-13.71,1523.67,1536,40,1472.26,13.71,1485.97,1543,40,1472.26,13.71,1485.97
546,09/14/2024,Joert Edink 1172,Sander Brugman 1529,6,Álmos Ákos Illyés-Rataj 1050,Szilvia Rataj 1049,0,3.00,T1,1172,40,1523.67,9.98,1533.65,1529,40,1523.67,9.98,1533.65,1050,40,1402.76,-9.98,1392.78,1049,40,1402.76,-9.98,1392.78
547,09/14/2024,Joert Edink 1172,Sander Brugman 1529,4,Ádám Huszárik 1039,Mihály Huszárik 1040,4,4.00,TIE,1172,40,1533.65,0.49,1534.14,1529,40,1533.65,0.49,1534.14,1039,40,1542.12,-0.49,1541.63,1040,40,1542.12,-0.49,1541.63
548,09/14/2024,Joert Edink 1172,Sander Brugman 1529,5,Nikolett Huszárik 1041,Árpád Lonsták 1042,3,4.00,T1,1172,40,1534.14,8.33,1542.47,1529,40,1534.14,8.33,1542.47,1041,40,1592.45,-8.33,1584.12,1042,40,1592.45,-8.33,1584.12
549,09/14/2024,Joert Edink 1172,Sander Brugman 1529,6,Tamás Zámbó 1037,Kristóf Zámbó 1038,2,4.00,T1,1172,40,1542.47,11.04,1553.51,1529,40,1542.47,11.04,1553.51,1037,40,1560.64,-11.04,1549.60,1038,40,1560.64,-11.04,1549.60
550,09/14/2024,Joert Edink 1172,Sander Brugman 1529,8,Lelle Ladányi 1051,Péter Ladányi 1052,0,4.00,T1,1172,40,1553.51,17.94,1571.45,1529,40,1553.51,17.94,1571.45,1051,40,1517.60,-17.94,1499.66,1052,40,1517.60,-17.94,1499.66
551,09/14/2024,Joert Edink 1172,Sander Brugman 1529,3,Zsolt Bodnár 1043,Zsolt Rimár 1055,5,4.00,T2,1172,40,1571.45,-9.70,1561.75,1529,40,1571.45,-9.70,1561.75,1043,40,1477.72,9.70,1487.42,1055,40,1498.65,9.70,1508.35
552,09/14/2024,Joert Edink 1172,Sander Brugman 1529,8,Philipp Hampl 1541,Anna Bubashvili 1544,0,4.00,T1,1172,40,1561.75,14.87,1576.62,1529,40,1561.75,14.87,1576.62,1541,40,1470.52,-14.87,1455.65,1544,40,1470.52,-14.87,1455.65
553,09/14/2024,István Szász-Köpeczy 1189,Zsombor Kisfaludi-Bak 1174,2,Zsolt Szabó 1533,Sándor Vincze-Palkó 1537,6,4.00,T2,1189,40,1480.64,-9.97,1470.67,1174,40,1480.64,-9.97,1470.67,1533,40,1481.17,9.97,1491.14,1537,40,1481.17,9.97,1491.14
554,09/14/2024,István Szász-Köpeczy 1189,Zsombor Kisfaludi-Bak 1174,4,Csaba Zongor 1170,Zalán Zakariás 1539,4,4.00,TIE,1189,40,1470.67,0.66,1471.33,1174,40,1470.67,0.66,1471.33,1170,40,1482.20,-0.66,1481.54,1539,40,1482.20,-0.66,1481.54
555,09/14/2024,István Szász-Köpeczy 1189,Zsombor Kisfaludi-Bak 1174,6,Miklós Vincze Német 1536,Zsolt Teleky 1543,2,4.00,T1,1189,40,1471.33,10.84,1482.17,1174,40,1471.33,10.84,1482.17,1536,40,1485.97,-10.84,1475.13,1543,40,1485.97,-10.84,1475.13
556,09/14/2024,István Szász-Köpeczy 1189,Zsombor Kisfaludi-Bak 1174,6,Álmos Ákos Illyés-Rataj 1050,Szilvia Rataj 1049,2,4.00,T1,1189,40,1482.17,4.96,1487.13,1174,40,1482.17,4.96,1487.13,1050,40,1392.78,-4.96,1387.82,1049,40,1392.78,-4.96,1387.82
557,09/14/2024,István Szász-Köpeczy 1189,Zsombor Kisfaludi-Bak 1174,4,Ádám Huszárik 1039,Mihály Huszárik 1040,4,4.00,TIE,1189,40,1487.13,3.11,1490.24,1174,40,1487.13,3.11,1490.24,1039,40,1541.63,-3.11,1538.52,1040,40,1541.63,-3.11,1538.52
558,09/14/2024,István Szász-Köpeczy 1189,Zsombor Kisfaludi-Bak 1174,1,Nikolett Huszárik 1041,Árpád Lonsták 1042,7,4.00,T2,1189,40,1490.24,-9.72,1480.52,1174,40,1490.24,-9.72,1480.52,1041,40,1584.12,9.72,1593.84,1042,40,1584.12,9.72,1593.84
559,09/14/2024,István Szász-Köpeczy 1189,Zsombor Kisfaludi-Bak 1174,0,Tamás Zámbó 1037,Kristóf Zámbó 1038,8,4.00,T2,1189,40,1480.52,-16.08,1464.44,1174,40,1480.52,-16.08,1464.44,1037,40,1549.60,16.08,1565.68,1038,40,1549.60,16.08,1565.68
560,09/14/2024,István Szász-Köpeczy 1189,Zsombor Kisfaludi-Bak 1174,8,Lelle Ladányi 1051,Péter Ladányi 1052,0,4.00,T1,1189,40,1464.44,22.02,1486.46,1174,40,1464.44,22.02,1486.46,1051,40,1499.66,-22.02,1477.64,1052,40,1499.66,-22.02,1477.64
561,09/14/2024,István Szász-Köpeczy 1189,Zsombor Kisfaludi-Bak 1174,8,Zsolt Bodnár 1043,Zsolt Rimár 1055,0,4.00,T1,1189,40,1486.46,20.66,1507.12,1174,40,1486.46,20.66,1507.12,1043,40,1487.42,-20.66,1466.76,1055,40,1508.35,-20.66,1487.69
562,09/14/2024,István Szász-Köpeczy 1189,Zsombor Kisfaludi-Bak 1174,8,Philipp Hampl 1541,Anna Bubashvili 1544,0,4.00,T1,1189,40,1507.12,17.06,1524.18,1174,40,1507.12,17.06,1524.18,1541,40,1455.65,-17.06,1438.59,1544,40,1455.65,-17.06,1438.59
563,09/14/2024,Zsolt Szabó 1533,Sándor Vincze-Palkó 1537,2,Csaba Zongor 1170,Zalán Zakariás 1539,6,4.00,T2,1533,40,1491.14,-10.55,1480.59,1537,40,1491.14,-10.55,1480.59,1170,40,1481.54,10.55,1492.09,1539,40,1481.54,10.55,1492.09
564,09/14/2024,Zsolt Szabó 1533,Sándor Vincze-Palkó 1537,2,Miklós Vincze Német 1536,Zsolt Teleky 1543,6,4.00,T2,1533,40,1480.59,-10.31,1470.28,1537,40,1480.59,-10.31,1470.28,1536,40,1475.13,10.31,1485.44,1543,40,1475.13,10.31,1485.44
565,09/14/2024,Zsolt Szabó 1533,Sándor Vincze-Palkó 1537,8,Álmos Ákos Illyés-Rataj 1050,Szilvia Rataj 1049,0,4.00,T1,1533,40,1470.28,15.34,1485.62,1537,40,1470.28,15.34,1485.62,1050,40,1387.82,-15.34,1372.48,1049,40,1387.82,-15.34,1372.48
566,09/14/2024,Zsolt Szabó 1533,Sándor Vincze-Palkó 1537,4,Ádám Huszárik 1039,Mihály Huszárik 1040,4,4.00,TIE,1533,40,1485.62,3.02,1488.64,1537,40,1485.62,3.02,1488.64,1039,40,1538.52,-3.02,1535.50,1040,40,1538.52,-3.02,1535.50
567,09/14/2024,Zsolt Szabó 1533,Sándor Vincze-Palkó 1537,0,Nikolett Huszárik 1041,Árpád Lonsták 1042,8,4.00,T2,1533,40,1488.64,-14.12,1474.52,1537,40,1488.64,-14.12,1474.52,1041,40,1593.84,14.12,1607.96,1042,40,1593.84,14.12,1607.96
568,09/14/2024,Zsolt Szabó 1533,Sándor Vincze-Palkó 1537,4,Tamás Zámbó 1037,Kristóf Zámbó 1038,4,4.00,TIE,1533,40,1474.52,5.13,1479.65,1537,40,1474.52,5.13,1479.65,1037,40,1565.68,-5.13,1560.55,1038,40,1565.68,-5.13,1560.55
569,09/14/2024,Zsolt Szabó 1533,Sándor Vincze-Palkó 1537,4,Lelle Ladányi 1051,Péter Ladányi 1052,4,4.00,TIE,1533,40,1479.65,-0.12,1479.53,1537,40,1479.65,-0.12,1479.53,1051,40,1477.64,0.12,1477.76,1052,40,1477.64,0.12,1477.76
570,09/14/2024,Zsolt Szabó 1533,Sándor Vincze-Palkó 1537,2,Zsolt Bodnár 1043,Zsolt Rimár 1055,6,4.00,T2,1533,40,1479.53,-10.13,1469.40,1537,40,1479.53,-10.13,1469.40,1043,40,1466.76,10.13,1476.89,1055,40,1487.69,10.13,1497.82
571,09/14/2024,Zsolt Szabó 1533,Sándor Vincze-Palkó 1537,8,Philipp Hampl 1541,Anna Bubashvili 1544,0,4.00,T1,1533,40,1469.40,18.23,1487.63,1537,40,1469.40,18.23,1487.63,1541,40,1438.59,-18.23,1420.36,1544,40,1438.59,-18.23,1420.36
572,09/14/2024,Csaba Zongor 1170,Zalán Zakariás 1539,5,Miklós Vincze Német 1536,Zsolt Teleky 1543,3,4.00,T1,1170,40,1492.09,4.62,1496.71,1539,40,1492.09,4.62,1496.71,1536,40,1485.44,-4.62,1480.82,1543,40,1485.44,-4.62,1480.82
573,09/14/2024,Csaba Zongor 1170,Zalán Zakariás 1539,7,Álmos Ákos Illyés-Rataj 1050,Szilvia Rataj 1049,1,4.00,T1,1170,40,1496.71,8.14,1504.85,1539,40,1496.71,8.14,1504.85,1050,40,1372.48,-8.14,1364.34,1049,40,1372.48,-8.14,1364.34
574,09/14/2024,Csaba Zongor 1170,Zalán Zakariás 1539,2,Ádám Huszárik 1039,Mihály Huszárik 1040,6,4.00,T2,1170,40,1504.85,-8.24,1496.61,1539,40,1504.85,-8.24,1496.61,1039,40,1535.50,8.24,1543.74,1040,40,1535.50,8.24,1543.74
575,09/14/2024,Csaba Zongor 1170,Zalán Zakariás 1539,1,Nikolett Huszárik 1041,Árpád Lonsták 1042,7,4.00,T2,1170,40,1496.61,-8.80,1487.81,1539,40,1496.61,-8.80,1487.81,1041,40,1607.96,8.80,1616.76,1042,40,1607.96,8.80,1616.76
576,09/14/2024,Csaba Zongor 1170,Zalán Zakariás 1539,6,Tamás Zámbó 1037,Kristóf Zámbó 1038,2,4.00,T1,1170,40,1487.81,14.13,1501.94,1539,40,1487.81,14.13,1501.94,1037,40,1560.55,-14.13,1546.42,1038,40,1560.55,-14.13,1546.42
577,09/14/2024,Csaba Zongor 1170,Zalán Zakariás 1539,2,Lelle Ladányi 1051,Péter Ladányi 1052,6,4.00,T2,1170,40,1501.94,-11.39,1490.55,1539,40,1501.94,-11.39,1490.55,1051,40,1477.76,11.39,1489.15,1052,40,1477.76,11.39,1489.15
578,09/14/2024,Csaba Zongor 1170,Zalán Zakariás 1539,0,Zsolt Bodnár 1043,Zsolt Rimár 1055,8,4.00,T2,1170,40,1490.55,-20.18,1470.37,1539,40,1490.55,-20.18,1470.37,1043,40,1476.89,20.18,1497.07,1055,40,1497.82,20.18,1518.00
579,09/14/2024,Csaba Zongor 1170,Zalán Zakariás 1539,8,Philipp Hampl 1541,Anna Bubashvili 1544,0,4.00,T1,1170,40,1470.37,17.14,1487.51,1539,40,1470.37,17.14,1487.51,1541,40,1420.36,-17.14,1403.22,1544,40,1420.36,-17.14,1403.22
580,09/14/2024,Miklós Vincze Német 1536,Zsolt Teleky 1543,6,Álmos Ákos Illyés-Rataj 1050,Szilvia Rataj 1049,2,4.00,T1,1536,40,1480.82,3.54,1484.36,1543,40,1480.82,3.54,1484.36,1050,40,1364.34,-3.54,1360.80,1049,40,1364.34,-3.54,1360.80
581,09/14/2024,Miklós Vincze Német 1536,Zsolt Teleky 1543,2,Ádám Huszárik 1039,Mihály Huszárik 1040,6,4.00,T2,1536,40,1484.36,-6.61,1477.75,1543,40,1484.36,-6.61,1477.75,1039,40,1543.74,6.61,1550.35,1040,40,1543.74,6.61,1550.35
582,09/14/2024,Miklós Vincze Német 1536,Zsolt Teleky 1543,0,Nikolett Huszárik 1041,Árpád Lonsták 1042,8,4.00,T2,1536,40,1477.75,-12.40,1465.35,1543,40,1477.75,-12.40,1465.35,1041,40,1616.76,12.40,1629.16,1042,40,1616.76,12.40,1629.16
583,09/14/2024,Miklós Vincze Német 1536,Zsolt Teleky 1543,6,Tamás Zámbó 1037,Kristóf Zámbó 1038,2,4.00,T1,1536,40,1465.35,14.58,1479.93,1543,40,1465.35,14.58,1479.93,1037,40,1546.42,-14.58,1531.84,1038,40,1546.42,-14.58,1531.84
584,09/14/2024,Miklós Vincze Német 1536,Zsolt Teleky 1543,6,Lelle Ladányi 1051,Péter Ladányi 1052,2,4.00,T1,1536,40,1479.93,10.53,1490.46,1543,40,1479.93,10.53,1490.46,1051,40,1489.15,-10.53,1478.62,1052,40,1489.15,-10.53,1478.62
585,09/14/2024,Miklós Vincze Német 1536,Zsolt Teleky 1543,2,Zsolt Bodnár 1043,Zsolt Rimár 1055,6,4.00,T2,1536,40,1490.46,-9.02,1481.44,1543,40,1490.46,-9.02,1481.44,1043,40,1497.07,9.02,1506.09,1055,40,1518.00,9.02,1527.02
586,09/14/2024,Miklós Vincze Német 1536,Zsolt Teleky 1543,8,Philipp Hampl 1541,Anna Bubashvili 1544,0,4.00,T1,1536,40,1481.44,15.57,1497.01,1543,40,1481.44,15.57,1497.01,1541,40,1403.22,-15.57,1387.65,1544,40,1403.22,-15.57,1387.65
587,09/14/2024,Álmos Ákos Illyés-Rataj 1050,Szilvia Rataj 1049,0,Ádám Huszárik 1039,Mihály Huszárik 1040,8,4.00,T2,1050,40,1360.80,-10.06,1350.74,1049,40,1360.80,-10.06,1350.74,1039,40,1550.35,10.06,1560.41,1040,40,1550.35,10.06,1560.41
588,09/14/2024,Álmos Ákos Illyés-Rataj 1050,Szilvia Rataj 1049,0,Nikolett Huszárik 1041,Árpád Lonsták 1042,8,4.00,T2,1050,40,1350.74,-6.70,1344.04,1049,40,1350.74,-6.70,1344.04,1041,40,1629.16,6.70,1635.86,1042,40,1629.16,6.70,1635.86
589,09/14/2024,Álmos Ákos Illyés-Rataj 1050,Szilvia Rataj 1049,4,Tamás Zámbó 1037,Kristóf Zámbó 1038,4,4.00,TIE,1050,40,1344.04,9.87,1353.91,1049,40,1344.04,9.87,1353.91,1037,40,1531.84,-9.87,1521.97,1038,40,1531.84,-9.87,1521.97
590,09/14/2024,Álmos Ákos Illyés-Rataj 1050,Szilvia Rataj 1049,2,Lelle Ladányi 1051,Péter Ladányi 1052,6,4.00,T2,1050,40,1353.91,-3.11,1350.80,1049,40,1353.91,-3.11,1350.80,1051,40,1478.62,3.11,1481.73,1052,40,1478.62,3.11,1481.73
591,09/14/2024,Álmos Ákos Illyés-Rataj 1050,Szilvia Rataj 1049,0,Zsolt Bodnár 1043,Zsolt Rimár 1055,8,4.00,T2,1050,40,1350.80,-11.12,1339.68,1049,40,1350.80,-11.12,1339.68,1043,40,1506.09,11.12,1517.21,1055,40,1527.02,11.12,1538.14
592,09/14/2024,Álmos Ákos Illyés-Rataj 1050,Szilvia Rataj 1049,8,Philipp Hampl 1541,Anna Bubashvili 1544,0,4.00,T1,1050,40,1339.68,22.74,1362.42,1049,40,1339.68,22.74,1362.42,1541,40,1387.65,-22.74,1364.91,1544,40,1387.65,-22.74,1364.91
593,09/14/2024,Ádám Huszárik 1039,Mihály Huszárik 1040,4,Nikolett Huszárik 1041,Árpád Lonsták 1042,4,4.00,TIE,1039,40,1560.41,4.28,1564.69,1040,40,1560.41,4.28,1564.69,1041,40,1635.86,-4.28,1631.58,1042,40,1635.86,-4.28,1631.58
594,09/14/2024,Ádám Huszárik 1039,Mihály Huszárik 1040,3,Tamás Zámbó 1037,Kristóf Zámbó 1038,5,4.00,T2,1039,40,1564.69,-7.45,1557.24,1040,40,1564.69,-7.45,1557.24,1037,40,1521.97,7.45,1529.42,1038,40,1521.97,7.45,1529.42
595,09/14/2024,Ádám Huszárik 1039,Mihály Huszárik 1040,6,Lelle Ladányi 1051,Péter Ladányi 1052,2,4.00,T1,1039,40,1557.24,5.72,1562.96,1040,40,1557.24,5.72,1562.96,1051,40,1481.73,-5.72,1476.01,1052,40,1481.73,-5.72,1476.01
596,09/14/2024,Ádám Huszárik 1039,Mihály Huszárik 1040,4,Zsolt Bodnár 1043,Zsolt Rimár 1055,4,4.00,TIE,1039,40,1562.96,-2.02,1560.94,1040,40,1562.96,-2.02,1560.94,1043,40,1517.21,2.02,1519.23,1055,40,1538.14,2.02,1540.16
597,09/14/2024,Ádám Huszárik 1039,Mihály Huszárik 1040,8,Philipp Hampl 1541,Anna Bubashvili 1544,0,4.00,T1,1039,40,1560.94,9.78,1570.72,1040,40,1560.94,9.78,1570.72,1541,40,1364.91,-9.78,1355.13,1544,40,1364.91,-9.78,1355.13
598,09/14/2024,Nikolett Huszárik 1041,Árpád Lonsták 1042,2,Tamás Zámbó 1037,Kristóf Zámbó 1038,6,4.00,T2,1041,40,1631.58,-15.72,1615.86,1042,40,1631.58,-15.72,1615.86,1037,40,1529.42,15.72,1545.14,1038,40,1529.42,15.72,1545.14
599,09/14/2024,Nikolett Huszárik 1041,Árpád Lonsták 1042,6,Lelle Ladányi 1051,Péter Ladányi 1052,2,4.00,T1,1041,40,1615.86,2.36,1618.22,1042,40,1615.86,2.36,1618.22,1051,40,1476.01,-2.36,1473.65,1052,40,1476.01,-2.36,1473.65
600,09/14/2024,Nikolett Huszárik 1041,Árpád Lonsták 1042,6,Zsolt Bodnár 1043,Zsolt Rimár 1055,2,4.00,T1,1041,40,1618.22,5.01,1623.23,1042,40,1618.22,5.01,1623.23,1043,40,1519.23,-5.01,1514.22,1055,40,1540.16,-5.01,1535.15
601,09/14/2024,Nikolett Huszárik 1041,Árpád Lonsták 1042,8,Philipp Hampl 1541,Anna Bubashvili 1544,0,4.00,T1,1041,40,1623.23,7.04,1630.27,1042,40,1623.23,7.04,1630.27,1541,40,1355.13,-7.04,1348.09,1544,40,1355.13,-7.04,1348.09
602,09/14/2024,Tamás Zámbó 1037,Kristóf Zámbó 1038,0,Lelle Ladányi 1051,Péter Ladányi 1052,8,4.00,T2,1037,40,1545.14,-24.06,1521.08,1038,40,1545.14,-24.06,1521.08,1051,40,1473.65,24.06,1497.71,1052,40,1473.65,24.06,1497.71
603,09/14/2024,Tamás Zámbó 1037,Kristóf Zámbó 1038,4,Zsolt Bodnár 1043,Zsolt Rimár 1055,4,4.00,TIE,1037,40,1521.08,0.21,1521.29,1038,40,1521.08,0.21,1521.29,1043,40,1514.22,-0.21,1514.01,1055,40,1535.15,-0.21,1534.94
604,09/14/2024,Tamás Zámbó 1037,Kristóf Zámbó 1038,8,Philipp Hampl 1541,Anna Bubashvili 1544,0,4.00,T1,1037,40,1521.29,10.78,1532.07,1038,40,1521.29,10.78,1532.07,1541,40,1348.09,-10.78,1337.31,1544,40,1348.09,-10.78,1337.31
605,09/14/2024,Lelle Ladányi 1051,Péter Ladányi 1052,5,Zsolt Bodnár 1043,Zsolt Rimár 1055,3,4.00,T1,1051,40,1497.71,6.54,1504.25,1052,40,1497.71,6.54,1504.25,1043,40,1514.01,-6.54,1507.47,1055,40,1534.94,-6.54,1528.40
606,09/14/2024,Lelle Ladányi 1051,Péter Ladányi 1052,8,Philipp Hampl 1541,Anna Bubashvili 1544,0,4.00,T1,1051,40,1504.25,11.07,1515.32,1052,40,1504.25,11.07,1515.32,1541,40,1337.31,-11.07,1326.24,1544,40,1337.31,-11.07,1326.24
607,09/14/2024,Zsolt Bodnár 1043,Zsolt Rimár 1055,7,Philipp Hampl 1541,Anna Bubashvili 1544,1,4.00,T1,1043,40,1507.47,4.96,1512.43,1055,40,1528.40,4.96,1533.36,1541,40,1326.24,-4.96,1321.28,1544,40,1326.24,-4.96,1321.28
608,09/14/2024,Nikolett Huszárik 1041,Árpád Lonsták 1042,4,Joert Edink 1172,Sander Brugman 1529,10,7.00,T2,1041,40,1630.27,-20.36,1609.91,1042,40,1630.27,-20.36,1609.91,1172,40,1576.62,20.36,1596.98,1529,40,1576.62,20.36,1596.98
609,09/14/2024,Alan Wood 1530,Yoann Pidial 1534,10,Ádám Huszárik 1039,Mihály Huszárik 1040,8,9.00,T1,1530,40,1569.36,5.18,1574.54,1534,40,1569.36,5.18,1574.54,1039,40,1570.72,-5.18,1565.54,1040,40,1570.72,-5.18,1565.54
610,09/14/2024,Nikolett Huszárik 1041,Árpád Lonsták 1042,5,Ádám Huszárik 1039,Mihály Huszárik 1040,9,7.00,T2,1041,40,1609.91,-14.45,1595.46,1042,40,1609.91,-14.45,1595.46,1039,40,1565.54,14.45,1579.99,1040,40,1565.54,14.45,1579.99
611,09/14/2024,Alan Wood 1530,Yoann Pidial 1534,5,Joert Edink 1172,Sander Brugman 1529,11,8.00,T2,1530,40,1574.54,-12.42,1562.12,1534,40,1574.54,-12.42,1562.12,1172,40,1596.98,12.42,1609.40,1529,40,1596.98,12.42,1609.40
612,06/18/2025,Ben Harding 1001,Brandyn Osborne 1341,6,Jeff Adamus 1738,Trisha Adamus 1739,2,4.00,T1,1001,20,1685.41,1.84,1687.25,1341,40,1542.33,3.67,1546.00,1738,40,1500.00,-3.67,1496.33,1739,40,1500.00,-3.67,1496.33
613,06/18/2025,Nat Roth 1744,Mars Peifer 1745,6,Melanie Grimm 1522,Noah Dunn 1752,2,4.00,T1,1744,40,1500.00,9.10,1509.10,1745,40,1500.00,9.10,1509.10,1522,40,1468.80,-9.10,1459.70,1752,40,1500.00,-9.10,1490.90
614,06/18/2025,Kelson Grimm 1515,Martina Masters 1737,4,Daniel Livergood 1730,Jonathan Duffy 1731,4,4.00,TIE,1515,40,1469.60,0.87,1470.47,1737,40,1500.00,0.87,1500.87,1730,40,1500.00,-0.87,1499.13,1731,40,1500.00,-0.87,1499.13
615,06/18/2025,Erich Walters 1725,Josh Walters 1701,2,Brad Kwiatek 1030,Rich Swartzwelder 1726,6,4.00,T2,1725,40,1500.00,-10.00,1490.00,1701,40,1500.00,-10.00,1490.00,1030,40,1500.00,10.00,1510.00,1726,40,1500.00,10.00,1510.00
616,06/18/2025,Richard Matney 1704,Michael Castiglia 1721,8,Brent Thelen 1734,Jamshid Zonoozi 1735,0,4.00,T1,1704,40,1500.00,20.00,1520.00,1721,40,1500.00,20.00,1520.00,1734,40,1500.00,-20.00,1480.00,1735,40,1500.00,-20.00,1480.00
617,06/18/2025,Francesca Roth 1732,Ricky Guariglia 1733,7,Javier Fernandez 1740,Megan Fernandez 1741,1,4.00,T1,1732,40,1500.00,15.00,1515.00,1733,40,1500.00,15.00,1515.00,1740,40,1500.00,-15.00,1485.00,1741,40,1500.00,-15.00,1485.00
618,06/18/2025,Kasey Schweinfest 1748,Seren Brumfield 1749,7,Logan Stewart 1750,Callum Stewart 1751,1,4.00,T1,1748,40,1500.00,15.00,1515.00,1749,40,1500.00,15.00,1515.00,1750,40,1500.00,-15.00,1485.00,1751,40,1500.00,-15.00,1485.00
619,06/18/2025,Christopher Westrick 1694,Kelsea Westrick 1713,2,Robert Munro 1697,Andrew Stiles 1722,6,4.00,T2,1694,40,1500.00,-10.00,1490.00,1713,40,1500.00,-10.00,1490.00,1697,40,1500.00,10.00,1510.00,1722,40,1500.00,10.00,1510.00
620,06/18/2025,Rachel Reese 1728,Jared Charlson 1729,0,Natalie McCollum 1723,Nick McCollum 1724,8,4.00,T2,1728,40,1500.00,-20.00,1480.00,1729,40,1500.00,-20.00,1480.00,1723,40,1500.00,20.00,1520.00,1724,40,1500.00,20.00,1520.00
621,06/18/2025,Chris Walters 1742,Ben Walters 1743,4,Rachael Massi 1746,Justin Urdiales 1747,4,4.00,TIE,1742,40,1500.00,0.00,1500.00,1743,40,1500.00,0.00,1500.00,1746,40,1500.00,0.00,1500.00,1747,40,1500.00,0.00,1500.00
622,06/18/2025,Ben Harding 1001,Brandyn Osborne 1341,8,Kasey Schweinfest 1748,Seren Brumfield 1749,0,4.00,T1,1001,20,1687.25,7.16,1694.41,1341,40,1546.00,14.31,1560.31,1748,40,1515.00,-14.31,1500.69,1749,40,1515.00,-14.31,1500.69
623,06/18/2025,Francesca Roth 1732,Ricky Guariglia 1733,1,Brad Kwiatek 1030,Rich Swartzwelder 1726,7,4.00,T2,1732,40,1515.00,-15.29,1499.71,1733,40,1515.00,-15.29,1499.71,1030,40,1510.00,15.29,1525.29,1726,40,1510.00,15.29,1525.29
624,06/18/2025,Melanie Grimm 1522,Noah Dunn 1752,2,Rachel Reese 1728,Jared Charlson 1729,6,4.00,T2,1522,40,1459.70,-9.73,1449.97,1752,40,1490.90,-9.73,1481.17,1728,40,1480.00,9.73,1489.73,1729,40,1480.00,9.73,1489.73
625,06/18/2025,Chris Walters 1742,Ben Walters 1743,4,Daniel Livergood 1730,Jonathan Duffy 1731,4,4.00,TIE,1742,40,1500.00,-0.05,1499.95,1743,40,1500.00,-0.05,1499.95,1730,40,1499.13,0.05,1499.18,1731,40,1499.13,0.05,1499.18
626,06/18/2025,Richard Matney 1704,Michael Castiglia 1721,6,Robert Munro 1697,Andrew Stiles 1722,2,4.00,T1,1704,40,1520.00,9.42,1529.42,1721,40,1520.00,9.42,1529.42,1697,40,1510.00,-9.42,1500.58,1722,40,1510.00,-9.42,1500.58
627,06/18/2025,Logan Stewart 1750,Callum Stewart 1751,2,Jeff Adamus 1738,Trisha Adamus 1739,6,4.00,T2,1750,40,1485.00,-9.35,1475.65,1751,40,1485.00,-9.35,1475.65,1738,40,1496.33,9.35,1505.68,1739,40,1496.33,9.35,1505.68
628,06/18/2025,Brent Thelen 1734,Jamshid Zonoozi 1735,0,Christopher Westrick 1694,Kelsea Westrick 1713,8,4.00,T2,1734,40,1480.00,-19.42,1460.58,1735,40,1480.00,-19.42,1460.58,1694,40,1490.00,19.42,1509.42,1713,40,1490.00,19.42,1509.42
629,06/18/2025,Nat Roth 1744,Mars Peifer 1745,0,Natalie McCollum 1723,Nick McCollum 1724,8,4.00,T2,1744,40,1509.10,-19.37,1489.73,1745,40,1509.10,-19.37,1489.73,1723,40,1520.00,19.37,1539.37,1724,40,1520.00,19.37,1539.37
630,06/18/2025,Javier Fernandez 1740,Megan Fernandez 1741,2,Erich Walters 1725,Josh Walters 1701,6,4.00,T2,1740,40,1485.00,-9.71,1475.29,1741,40,1485.00,-9.71,1475.29,1725,40,1490.00,9.71,1499.71,1701,40,1490.00,9.71,1499.71
631,06/18/2025,Kelson Grimm 1515,Martina Masters 1737,6,Rachael Massi 1746,Justin Urdiales 1747,2,4.00,T1,1515,40,1470.47,10.82,1481.29,1737,40,1500.87,10.82,1511.69,1746,40,1500.00,-10.82,1489.18,1747,40,1500.00,-10.82,1489.18
632,06/18/2025,Ben Harding 1001,Brandyn Osborne 1341,7,Natalie McCollum 1723,Nick McCollum 1724,1,4.00,T1,1001,20,1694.41,5.02,1699.43,1341,40,1560.31,10.04,1570.35,1723,40,1539.37,-10.04,1529.33,1724,40,1539.37,-10.04,1529.33
633,06/18/2025,Javier Fernandez 1740,Megan Fernandez 1741,3,Brent Thelen 1734,Jamshid Zonoozi 1735,7,5.00,T2,1740,40,1475.29,-11.06,1464.23,1741,40,1475.29,-11.06,1464.23,1734,40,1460.58,11.06,1471.64,1735,40,1460.58,11.06,1471.64
634,06/18/2025,Chris Walters 1742,Ben Walters 1743,6,Kasey Schweinfest 1748,Seren Brumfield 1749,2,4.00,T1,1742,40,1499.95,10.04,1509.99,1743,40,1499.95,10.04,1509.99,1748,40,1500.69,-10.04,1490.65,1749,40,1500.69,-10.04,1490.65
635,06/18/2025,Nat Roth 1744,Mars Peifer 1745,8,Francesca Roth 1732,Ricky Guariglia 1733,0,4.00,T1,1744,40,1489.73,20.57,1510.30,1745,40,1489.73,20.57,1510.30,1732,40,1499.71,-20.57,1479.14,1733,40,1499.71,-20.57,1479.14
636,06/18/2025,Richard Matney 1704,Michael Castiglia 1721,7,Brad Kwiatek 1030,Rich Swartzwelder 1726,1,4.00,T1,1704,40,1529.42,14.76,1544.18,1721,40,1529.42,14.76,1544.18,1030,40,1525.29,-14.76,1510.53,1726,40,1525.29,-14.76,1510.53
637,06/18/2025,Kelson Grimm 1515,Martina Masters 1737,1,Robert Munro 1697,Andrew Stiles 1722,7,4.00,T2,1515,40,1481.29,-14.76,1466.53,1737,40,1511.69,-14.76,1496.93,1697,40,1500.58,14.76,1515.34,1722,40,1500.58,14.76,1515.34
638,06/18/2025,Daniel Livergood 1730,Jonathan Duffy 1731,4,Erich Walters 1725,Josh Walters 1701,4,4.00,TIE,1730,40,1499.18,0.03,1499.21,1731,40,1499.18,0.03,1499.21,1725,40,1499.71,-0.03,1499.68,1701,40,1499.71,-0.03,1499.68
639,06/18/2025,Logan Stewart 1750,Callum Stewart 1751,5,Melanie Grimm 1522,Noah Dunn 1752,3,4.00,T1,1750,40,1475.65,4.42,1480.07,1751,40,1475.65,4.42,1480.07,1522,40,1449.97,-4.42,1445.55,1752,40,1481.17,-4.42,1476.75
640,06/18/2025,Rachael Massi 1746,Justin Urdiales 1747,4,Jeff Adamus 1738,Trisha Adamus 1739,4,4.00,TIE,1746,40,1489.18,0.95,1490.13,1747,40,1489.18,0.95,1490.13,1738,40,1505.68,-0.95,1504.73,1739,40,1505.68,-0.95,1504.73
641,06/18/2025,Christopher Westrick 1694,Kelsea Westrick 1713,8,Rachel Reese 1728,Jared Charlson 1729,0,4.00,T1,1694,40,1509.42,18.87,1528.29,1713,40,1509.42,18.87,1528.29,1728,40,1489.73,-18.87,1470.86,1729,40,1489.73,-18.87,1470.86
642,06/18/2025,Richard Matney 1704,Michael Castiglia 1721,2,Ben Harding 1001,Brandyn Osborne 1341,6,4.00,T2,1704,40,1544.18,-4.89,1539.29,1721,40,1544.18,-4.89,1539.29,1001,20,1699.43,2.45,1701.88,1341,40,1570.35,4.89,1575.24
643,06/18/2025,Brad Kwiatek 1030,Rich Swartzwelder 1726,6,Christopher Westrick 1694,Kelsea Westrick 1713,2,4.00,T1,1030,40,1510.53,11.02,1521.55,1726,40,1510.53,11.02,1521.55,1694,40,1528.29,-11.02,1517.27,1713,40,1528.29,-11.02,1517.27
644,06/18/2025,Rachael Massi 1746,Justin Urdiales 1747,2,Francesca Roth 1732,Ricky Guariglia 1733,6,4.00,T2,1746,40,1490.13,-10.63,1479.50,1747,40,1490.13,-10.63,1479.50,1732,40,1479.14,10.63,1489.77,1733,40,1479.14,10.63,1489.77
645,06/18/2025,Kelson Grimm 1515,Martina Masters 1737,2,Erich Walters 1725,Josh Walters 1701,6,4.00,T2,1515,40,1466.53,-8.97,1457.56,1737,40,1496.93,-8.97,1487.96,1725,40,1499.68,8.97,1508.65,1701,40,1499.68,8.97,1508.65
646,06/18/2025,Robert Munro 1697,Andrew Stiles 1722,6,Nat Roth 1744,Mars Peifer 1745,2,4.00,T1,1697,40,1515.34,9.71,1525.05,1722,40,1515.34,9.71,1525.05,1744,40,1510.30,-9.71,1500.59,1745,40,1510.30,-9.71,1500.59
647,06/18/2025,Javier Fernandez 1740,Megan Fernandez 1741,6,Melanie Grimm 1522,Noah Dunn 1752,2,4.00,T1,1740,40,1464.23,9.82,1474.05,1741,40,1464.23,9.82,1474.05,1522,40,1445.55,-9.82,1435.73,1752,40,1476.75,-9.82,1466.93
648,06/18/2025,Brent Thelen 1734,Jamshid Zonoozi 1735,6,Kasey Schweinfest 1748,Seren Brumfield 1749,2,4.00,T1,1734,40,1471.64,11.09,1482.73,1735,40,1471.64,11.09,1482.73,1748,40,1490.65,-11.09,1479.56,1749,40,1490.65,-11.09,1479.56
649,06/18/2025,Natalie McCollum 1723,Nick McCollum 1724,8,Chris Walters 1742,Ben Walters 1743,0,4.00,T1,1723,40,1529.33,18.89,1548.22,1724,40,1529.33,18.89,1548.22,1742,40,1509.99,-18.89,1491.10,1743,40,1509.99,-18.89,1491.10
650,06/18/2025,Logan Stewart 1750,Callum Stewart 1751,0,Rachel Reese 1728,Jared Charlson 1729,8,4.00,T2,1750,40,1480.07,-20.53,1459.54,1751,40,1480.07,-20.53,1459.54,1728,40,1470.86,20.53,1491.39,1729,40,1470.86,20.53,1491.39
651,06/18/2025,Daniel Livergood 1730,Jonathan Duffy 1731,5,Jeff Adamus 1738,Trisha Adamus 1739,3,4.00,T1,1730,40,1499.21,5.32,1504.53,1731,40,1499.21,5.32,1504.53,1738,40,1504.73,-5.32,1499.41,1739,40,1504.73,-5.32,1499.41
652,06/18/2025,Ben Harding 1001,Brandyn Osborne 1341,6,Brad Kwiatek 1030,Rich Swartzwelder 1726,2,4.00,T1,1001,20,1701.88,1.75,1703.63,1341,40,1575.24,3.51,1578.75,1030,40,1521.55,-3.51,1518.04,1726,40,1521.55,-3.51,1518.04
653,06/18/2025,Melanie Grimm 1522,Noah Dunn 1752,4,Rachael Massi 1746,Justin Urdiales 1747,4,4.00,TIE,1522,40,1435.73,1.62,1437.35,1752,40,1466.93,1.62,1468.55,1746,40,1479.50,-1.62,1477.88,1747,40,1479.50,-1.62,1477.88
654,06/18/2025,Daniel Livergood 1730,Jonathan Duffy 1731,4,Christopher Westrick 1694,Kelsea Westrick 1713,4,4.00,TIE,1730,40,1504.53,0.73,1505.26,1731,40,1504.53,0.73,1505.26,1694,40,1517.27,-0.73,1516.54,1713,40,1517.27,-0.73,1516.54
655,06/18/2025,Chris Walters 1742,Ben Walters 1743,3,Francesca Roth 1732,Ricky Guariglia 1733,5,4.00,T2,1742,40,1491.10,-5.08,1486.02,1743,40,1491.10,-5.08,1486.02,1732,40,1489.77,5.08,1494.85,1733,40,1489.77,5.08,1494.85
656,06/18/2025,Richard Matney 1704,Michael Castiglia 1721,6,Natalie McCollum 1723,Nick McCollum 1724,2,4.00,T1,1704,40,1539.29,10.51,1549.80,1721,40,1539.29,10.51,1549.80,1723,40,1548.22,-10.51,1537.71,1724,40,1548.22,-10.51,1537.71
657,06/18/2025,Logan Stewart 1750,Callum Stewart 1751,2,Javier Fernandez 1740,Megan Fernandez 1741,6,4.00,T2,1750,40,1459.54,-9.17,1450.37,1751,40,1459.54,-9.17,1450.37,1740,40,1474.05,9.17,1483.22,1741,40,1474.05,9.17,1483.22
658,06/18/2025,Kelson Grimm 1515,Martina Masters 1737,1,Brent Thelen 1734,Jamshid Zonoozi 1735,7,4.00,T2,1515,40,1457.56,-14.43,1443.13,1737,40,1487.96,-14.43,1473.53,1734,40,1482.73,14.43,1497.16,1735,40,1482.73,14.43,1497.16
659,06/18/2025,Robert Munro 1697,Andrew Stiles 1722,4,Erich Walters 1725,Josh Walters 1701,4,4.00,TIE,1697,40,1525.05,-0.94,1524.11,1722,40,1525.05,-0.94,1524.11,1725,40,1508.65,0.94,1509.59,1701,40,1508.65,0.94,1509.59
660,06/18/2025,Kasey Schweinfest 1748,Seren Brumfield 1749,1,Jeff Adamus 1738,Trisha Adamus 1739,7,4.00,T2,1748,40,1479.56,-13.86,1465.70,1749,40,1479.56,-13.86,1465.70,1738,40,1499.41,13.86,1513.27,1739,40,1499.41,13.86,1513.27
661,06/18/2025,Nat Roth 1744,Mars Peifer 1745,0,Rachel Reese 1728,Jared Charlson 1729,8,4.00,T2,1744,40,1500.59,-20.53,1480.06,1745,40,1500.59,-20.53,1480.06,1728,40,1491.39,20.53,1511.92,1729,40,1491.39,20.53,1511.92
662,06/19/2025,Michael Barth 1342,Adam Ziobrowski 1347,8,Paul Jr. McVay 1788,Paul McVay 1787,0,4.00,T1,1342,40,1555.61,16.12,1571.73,1347,40,1581.07,16.12,1597.19,1788,40,1500.00,-16.12,1483.88,1787,40,1500.00,-16.12,1483.88
663,06/19/2025,Nicholas Curry 1766,Eric Curry 1708,2,Kimberly Gonzalez 1783,Devin Skelton 1784,6,4.00,T2,1766,40,1500.00,-10.00,1490.00,1708,40,1500.00,-10.00,1490.00,1783,40,1500.00,10.00,1510.00,1784,40,1500.00,10.00,1510.00
664,06/19/2025,Heather duLuard 1781,Andrew duLuard 1493,5,Sarah Becker 1776,Gabriel Becker 1777,3,4.00,T1,1781,40,1500.00,5.18,1505.18,1493,40,1493.82,5.18,1499.00,1776,40,1500.00,-5.18,1494.82,1777,40,1500.00,-5.18,1494.82
665,06/19/2025,Jordyn Roach 1785,Whitney Lovelace 1786,3,Joleen Simpson 1779,Paul Simpson 1780,5,4.00,T2,1785,40,1500.00,-5.00,1495.00,1786,40,1500.00,-5.00,1495.00,1779,40,1500.00,5.00,1505.00,1780,40,1500.00,5.00,1505.00
666,06/19/2025,Francis Kolb 1774,Dan Losh 1775,6,Jonathan Duffy 1731,Daniel Livergood 1730,2,4.00,T1,1774,40,1500.00,10.30,1510.30,1775,40,1500.00,10.30,1510.30,1731,40,1505.26,-10.30,1494.96,1730,40,1505.26,-10.30,1494.96
667,06/19/2025,Taylor Snyder 1430,Dominick DeFlippo 1427,8,Ryan Archer 1772,Joshua Slominski 1773,0,4.00,T1,1430,40,1500.00,20.00,1520.00,1427,40,1500.00,20.00,1520.00,1772,40,1500.00,-20.00,1480.00,1773,40,1500.00,-20.00,1480.00
668,06/19/2025,Darin Van Gammeren 1338,Katie Van Gammeren 1438,8,Jenna Rindler 1768,Matt Koch 1769,0,4.00,T1,1338,40,1526.25,18.49,1544.74,1438,40,1526.25,18.49,1544.74,1768,40,1500.00,-18.49,1481.51,1769,40,1500.00,-18.49,1481.51
669,06/19/2025,Alexa Zumhagen 1507,Marc Zumhagen 1412,4,Savanna Albert 1792,Lincoln Becker 1793,4,4.00,TIE,1507,40,1485.71,0.82,1486.53,1412,40,1485.71,0.82,1486.53,1792,40,1500.00,-0.82,1499.18,1793,40,1500.00,-0.82,1499.18
670,06/19/2025,Derek Perkins 1764,Jason Perkins 1765,8,Darren Schilling 1790,Zach Becker 1791,0,4.00,T1,1764,40,1500.00,20.00,1520.00,1765,40,1500.00,20.00,1520.00,1790,40,1500.00,-20.00,1480.00,1791,40,1500.00,-20.00,1480.00
671,06/19/2025,Melyssa Jones 1782,Sarah Morgan 1789,0,Jeffrey Starkey 1762,Jacob Jackson 1763,8,4.00,T2,1782,40,1500.00,-20.00,1480.00,1789,40,1500.00,-20.00,1480.00,1762,40,1500.00,20.00,1520.00,1763,40,1500.00,20.00,1520.00
672,06/19/2025,Kyle Brandon 1778,Jimmy Fain 1767,4,Noe Morse 1770,Liam Davidson 1771,4,4.00,TIE,1778,40,1500.00,0.00,1500.00,1767,40,1500.00,0.00,1500.00,1770,40,1500.00,0.00,1500.00,1771,40,1500.00,0.00,1500.00
673,06/19/2025,Michael Barth 1342,Adam Ziobrowski 1347,6,Francis Kolb 1774,Dan Losh 1775,2,4.00,T1,1342,40,1571.73,5.79,1577.52,1347,40,1597.19,5.79,1602.98,1774,40,1510.30,-5.79,1504.51,1775,40,1510.30,-5.79,1504.51
674,06/19/2025,Heather duLuard 1781,Andrew duLuard 1493,1,Kimberly Gonzalez 1783,Devin Skelton 1784,7,4.00,T2,1781,40,1505.18,-14.54,1490.64,1493,40,1499.00,-14.54,1484.46,1783,40,1510.00,14.54,1524.54,1784,40,1510.00,14.54,1524.54
675,06/19/2025,Ryan Archer 1772,Joshua Slominski 1773,2,Jenna Rindler 1768,Matt Koch 1769,6,4.00,T2,1772,40,1480.00,-9.91,1470.09,1773,40,1480.00,-9.91,1470.09,1768,40,1481.51,9.91,1491.42,1769,40,1481.51,9.91,1491.42
676,06/19/2025,Darren Schilling 1790,Zach Becker 1791,2,Melyssa Jones 1782,Sarah Morgan 1789,6,4.00,T2,1790,40,1480.00,-10.00,1470.00,1791,40,1480.00,-10.00,1470.00,1782,40,1480.00,10.00,1490.00,1789,40,1480.00,10.00,1490.00
677,06/19/2025,Jeffrey Starkey 1762,Jacob Jackson 1763,8,Alexa Zumhagen 1507,Marc Zumhagen 1412,0,4.00,T1,1762,40,1520.00,18.08,1538.08,1763,40,1520.00,18.08,1538.08,1507,40,1486.53,-18.08,1468.45,1412,40,1486.53,-18.08,1468.45
678,06/19/2025,Kyle Brandon 1778,Jimmy Fain 1767,8,Savanna Albert 1792,Lincoln Becker 1793,0,4.00,T1,1778,40,1500.00,19.95,1519.95,1767,40,1500.00,19.95,1519.95,1792,40,1499.18,-19.95,1479.23,1793,40,1499.18,-19.95,1479.23
679,06/19/2025,Darin Van Gammeren 1338,Katie Van Gammeren 1438,8,Taylor Snyder 1430,Dominick DeFlippo 1427,0,4.00,T1,1338,40,1544.74,18.58,1563.32,1438,40,1544.74,18.58,1563.32,1430,40,1520.00,-18.58,1501.42,1427,40,1520.00,-18.58,1501.42
680,06/19/2025,Derek Perkins 1764,Jason Perkins 1765,4,Joleen Simpson 1779,Paul Simpson 1780,4,4.00,TIE,1764,40,1520.00,-0.86,1519.14,1765,40,1520.00,-0.86,1519.14,1779,40,1505.00,0.86,1505.86,1780,40,1505.00,0.86,1505.86
681,06/19/2025,Jonathan Duffy 1731,Daniel Livergood 1730,4,Paul Jr. McVay 1788,Paul McVay 1787,4,4.00,TIE,1731,40,1494.96,-0.64,1494.32,1730,40,1494.96,-0.64,1494.32,1788,40,1483.88,0.64,1484.52,1787,40,1483.88,0.64,1484.52
682,06/19/2025,Sarah Becker 1776,Gabriel Becker 1777,6,Jordyn Roach 1785,Whitney Lovelace 1786,2,4.00,T1,1776,40,1494.82,10.01,1504.83,1777,40,1494.82,10.01,1504.83,1785,40,1495.00,-10.01,1484.99,1786,40,1495.00,-10.01,1484.99
683,06/19/2025,Nicholas Curry 1766,Eric Curry 1708,2,Noe Morse 1770,Liam Davidson 1771,6,4.00,T2,1766,40,1490.00,-9.42,1480.58,1708,40,1490.00,-9.42,1480.58,1770,40,1500.00,9.42,1509.42,1771,40,1500.00,9.42,1509.42
684,06/19/2025,Michael Barth 1342,Adam Ziobrowski 1347,6,Kimberly Gonzalez 1783,Devin Skelton 1784,2,4.00,T1,1342,40,1577.52,6.26,1583.78,1347,40,1602.98,6.26,1609.24,1783,40,1524.54,-6.26,1518.28,1784,40,1524.54,-6.26,1518.28
685,06/19/2025,Derek Perkins 1764,Jason Perkins 1765,6,Noe Morse 1770,Liam Davidson 1771,2,4.00,T1,1764,40,1519.14,9.44,1528.58,1765,40,1519.14,9.44,1528.58,1770,40,1509.42,-9.44,1499.98,1771,40,1509.42,-9.44,1499.98
686,06/19/2025,Ryan Archer 1772,Joshua Slominski 1773,8,Jordyn Roach 1785,Whitney Lovelace 1786,0,4.00,T1,1772,40,1470.09,20.86,1490.95,1773,40,1470.09,20.86,1490.95,1785,40,1484.99,-20.86,1464.13,1786,40,1484.99,-20.86,1464.13
687,06/19/2025,Jonathan Duffy 1731,Daniel Livergood 1730,8,Alexa Zumhagen 1507,Marc Zumhagen 1412,0,4.00,T1,1731,40,1494.32,18.51,1512.83,1730,40,1494.32,18.51,1512.83,1507,40,1468.45,-18.51,1449.94,1412,40,1468.45,-18.51,1449.94
688,06/19/2025,Heather duLuard 1781,Andrew duLuard 1493,2,Taylor Snyder 1430,Dominick DeFlippo 1427,6,4.00,T2,1781,40,1490.64,-9.20,1481.44,1493,40,1484.46,-9.20,1475.26,1430,40,1501.42,9.20,1510.62,1427,40,1501.42,9.20,1510.62
689,06/19/2025,Francis Kolb 1774,Dan Losh 1775,4,Sarah Becker 1776,Gabriel Becker 1777,4,4.00,TIE,1774,40,1504.51,0.02,1504.53,1775,40,1504.51,0.02,1504.53,1776,40,1504.83,-0.02,1504.81,1777,40,1504.83,-0.02,1504.81
690,06/19/2025,Darin Van Gammeren 1338,Katie Van Gammeren 1438,4,Jeffrey Starkey 1762,Jacob Jackson 1763,4,4.00,TIE,1338,40,1563.32,-1.45,1561.87,1438,40,1563.32,-1.45,1561.87,1762,40,1538.08,1.45,1539.53,1763,40,1538.08,1.45,1539.53
691,06/19/2025,Kyle Brandon 1778,Jimmy Fain 1767,2,Joleen Simpson 1779,Paul Simpson 1780,6,4.00,T2,1778,40,1519.95,-10.81,1509.14,1767,40,1519.95,-10.81,1509.14,1779,40,1505.86,10.81,1516.67,1780,40,1505.86,10.81,1516.67
692,06/19/2025,Darren Schilling 1790,Zach Becker 1791,3,Nicholas Curry 1766,Eric Curry 1708,5,4.00,T2,1790,40,1470.00,-4.39,1465.61,1791,40,1470.00,-4.39,1465.61,1766,40,1480.58,4.39,1484.97,1708,40,1480.58,4.39,1484.97
693,06/19/2025,Savanna Albert 1792,Lincoln Becker 1793,2,Paul Jr. McVay 1788,Paul McVay 1787,6,4.00,T2,1792,40,1479.23,-9.70,1469.53,1793,40,1479.23,-9.70,1469.53,1788,40,1484.52,9.70,1494.22,1787,40,1484.52,9.70,1494.22
694,06/19/2025,Melyssa Jones 1782,Sarah Morgan 1789,0,Jenna Rindler 1768,Matt Koch 1769,8,4.00,T2,1782,40,1490.00,-19.92,1470.08,1789,40,1490.00,-19.92,1470.08,1768,40,1491.42,19.92,1511.34,1769,40,1491.42,19.92,1511.34
695,06/19/2025,Michael Barth 1342,Adam Ziobrowski 1347,4,Darin Van Gammeren 1338,Katie Van Gammeren 1438,4,4.00,TIE,1342,40,1583.78,-1.99,1581.79,1347,40,1609.24,-1.99,1607.25,1338,40,1561.87,1.99,1563.86,1438,40,1561.87,1.99,1563.86
696,06/19/2025,Joleen Simpson 1779,Paul Simpson 1780,3,Taylor Snyder 1430,Dominick DeFlippo 1427,5,4.00,T2,1779,40,1516.67,-5.35,1511.32,1780,40,1516.67,-5.35,1511.32,1430,40,1510.62,5.35,1515.97,1427,40,1510.62,5.35,1515.97
697,06/19/2025,Francis Kolb 1774,Dan Losh 1775,5,Melyssa Jones 1782,Sarah Morgan 1789,3,4.00,T1,1774,40,1504.53,3.02,1507.55,1775,40,1504.53,3.02,1507.55,1782,40,1470.08,-3.02,1467.06,1789,40,1470.08,-3.02,1467.06
698,06/19/2025,Paul Jr. McVay 1788,Paul McVay 1787,2,Noe Morse 1770,Liam Davidson 1771,6,4.00,T2,1788,40,1494.22,-9.67,1484.55,1787,40,1494.22,-9.67,1484.55,1770,40,1499.98,9.67,1509.65,1771,40,1499.98,9.67,1509.65
699,06/19/2025,Heather duLuard 1781,Andrew duLuard 1493,8,Darren Schilling 1790,Zach Becker 1791,0,4.00,T1,1781,40,1481.44,19.27,1500.71,1493,40,1475.26,19.27,1494.53,1790,40,1465.61,-19.27,1446.34,1791,40,1465.61,-19.27,1446.34
700,06/19/2025,Savanna Albert 1792,Lincoln Becker 1793,2,Jordyn Roach 1785,Whitney Lovelace 1786,6,4.00,T2,1792,40,1469.53,-10.31,1459.22,1793,40,1469.53,-10.31,1459.22,1785,40,1464.13,10.31,1474.44,1786,40,1464.13,10.31,1474.44
701,06/19/2025,Jeffrey Starkey 1762,Jacob Jackson 1763,2,Derek Perkins 1764,Jason Perkins 1765,6,4.00,T2,1762,40,1539.53,-10.63,1528.90,1763,40,1539.53,-10.63,1528.90,1764,40,1528.58,10.63,1539.21,1765,40,1528.58,10.63,1539.21
702,06/19/2025,Jenna Rindler 1768,Matt Koch 1769,8,Kimberly Gonzalez 1783,Devin Skelton 1784,0,4.00,T1,1768,40,1511.34,20.40,1531.74,1769,40,1511.34,20.40,1531.74,1783,40,1518.28,-20.40,1497.88,1784,40,1518.28,-20.40,1497.88
703,06/19/2025,Kyle Brandon 1778,Jimmy Fain 1767,2,Ryan Archer 1772,Joshua Slominski 1773,6,4.00,T2,1778,40,1509.14,-11.05,1498.09,1767,40,1509.14,-11.05,1498.09,1772,40,1490.95,11.05,1502.00,1773,40,1490.95,11.05,1502.00
704,06/19/2025,Jonathan Duffy 1731,Daniel Livergood 1730,6,Sarah Becker 1776,Gabriel Becker 1777,2,4.00,T1,1731,40,1512.83,9.54,1522.37,1730,40,1512.83,9.54,1522.37,1776,40,1504.81,-9.54,1495.27,1777,40,1504.81,-9.54,1495.27
705,06/19/2025,Nicholas Curry 1766,Eric Curry 1708,8,Alexa Zumhagen 1507,Marc Zumhagen 1412,0,4.00,T1,1766,40,1484.97,17.99,1502.96,1708,40,1484.97,17.99,1502.96,1507,40,1449.94,-17.99,1431.95,1412,40,1449.94,-17.99,1431.95
706,06/19/2025,Derek Perkins 1764,Jason Perkins 1765,2,Michael Barth 1342,Adam Ziobrowski 1347,6,4.00,T2,1764,40,1539.21,-6.84,1532.37,1765,40,1539.21,-6.84,1532.37,1342,40,1581.79,6.84,1588.63,1347,40,1607.25,6.84,1614.09
707,06/19/2025,Darin Van Gammeren 1338,Katie Van Gammeren 1438,6,Joleen Simpson 1779,Paul Simpson 1780,2,4.00,T1,1338,40,1563.86,7.00,1570.86,1438,40,1563.86,7.00,1570.86,1779,40,1511.32,-7.00,1504.32,1780,40,1511.32,-7.00,1504.32
708,06/19/2025,Jeffrey Starkey 1762,Jacob Jackson 1763,6,Jonathan Duffy 1731,Daniel Livergood 1730,2,4.00,T1,1762,40,1528.90,9.62,1538.52,1763,40,1528.90,9.62,1538.52,1731,40,1522.37,-9.62,1512.75,1730,40,1522.37,-9.62,1512.75
709,06/19/2025,Alexa Zumhagen 1507,Marc Zumhagen 1412,2,Jordyn Roach 1785,Whitney Lovelace 1786,6,4.00,T2,1507,40,1431.95,-7.57,1424.38,1412,40,1431.95,-7.57,1424.38,1785,40,1474.44,7.57,1482.01,1786,40,1474.44,7.57,1482.01
710,06/19/2025,Kyle Brandon 1778,Jimmy Fain 1767,5,Paul Jr. McVay 1788,Paul McVay 1787,3,4.00,T1,1778,40,1498.09,4.22,1502.31,1767,40,1498.09,4.22,1502.31,1788,40,1484.55,-4.22,1480.33,1787,40,1484.55,-4.22,1480.33
711,06/19/2025,Heather duLuard 1781,Andrew duLuard 1493,2,Nicholas Curry 1766,Eric Curry 1708,6,4.00,T2,1781,40,1500.71,-9.69,1491.02,1493,40,1494.53,-9.69,1484.84,1766,40,1502.96,9.69,1512.65,1708,40,1502.96,9.69,1512.65
712,06/19/2025,Taylor Snyder 1430,Dominick DeFlippo 1427,8,Jenna Rindler 1768,Matt Koch 1769,0,4.00,T1,1430,40,1515.97,20.91,1536.88,1427,40,1515.97,20.91,1536.88,1768,40,1531.74,-20.91,1510.83,1769,40,1531.74,-20.91,1510.83
713,06/19/2025,Francis Kolb 1774,Dan Losh 1775,4,Noe Morse 1770,Liam Davidson 1771,4,4.00,TIE,1774,40,1507.55,0.12,1507.67,1775,40,1507.55,0.12,1507.67,1770,40,1509.65,-0.12,1509.53,1771,40,1509.65,-0.12,1509.53
714,06/19/2025,Darren Schilling 1790,Zach Becker 1791,8,Savanna Albert 1792,Lincoln Becker 1793,0,4.00,T1,1790,40,1446.34,20.74,1467.08,1791,40,1446.34,20.74,1467.08,1792,40,1459.22,-20.74,1438.48,1793,40,1459.22,-20.74,1438.48
715,06/19/2025,Melyssa Jones 1782,Sarah Morgan 1789,4,Sarah Becker 1776,Gabriel Becker 1777,4,4.00,TIE,1782,40,1467.06,1.62,1468.68,1789,40,1467.06,1.62,1468.68,1776,40,1495.27,-1.62,1493.65,1777,40,1495.27,-1.62,1493.65
716,06/19/2025,Kimberly Gonzalez 1783,Devin Skelton 1784,2,Ryan Archer 1772,Joshua Slominski 1773,6,4.00,T2,1783,40,1497.88,-9.76,1488.12,1784,40,1497.88,-9.76,1488.12,1772,40,1502.00,9.76,1511.76,1773,40,1502.00,9.76,1511.76
717,06/20/2025,Steven Brown 1000,Ryan Buhr 1346,8,Galen Morse 1809,Mack Mack 1808,0,4.00,T1,1000,40,1590.73,13.89,1604.62,1346,40,1628.71,13.89,1642.60,1809,40,1500.00,-13.89,1486.11,1808,40,1500.00,-13.89,1486.11
718,06/20/2025,Bailey Osborne 1350,Emma Buhr 1351,8,John Buffington 1827,Evelyn Brohm 1828,0,4.00,T1,1350,40,1555.61,14.82,1570.43,1351,40,1628.71,14.82,1643.53,1827,40,1500.00,-14.82,1485.18,1828,40,1500.00,-14.82,1485.18
719,06/20/2025,Zach Sherman 1794,Daniel Sherman 1436,8,Harper Buffington 1842,Heather Buffington 1843,0,4.00,T1,1794,40,1500.00,19.06,1519.06,1436,40,1532.66,19.06,1551.72,1842,40,1500.00,-19.06,1480.94,1843,40,1500.00,-19.06,1480.94
720,06/20/2025,Caleb Buhr 1339,Jennifer Buhr 1343,4,Jeremy Wright 1806,Brooke Wright 1417,4,4.00,TIE,1339,40,1533.86,-1.94,1531.92,1343,40,1533.86,-1.94,1531.92,1806,40,1500.00,1.94,1501.94,1417,40,1500.00,1.94,1501.94
721,06/20/2025,Justin Newland 1805,Aspen Newland 1807,6,Ryan Cook 1839,Caleb Cook 1840,2,4.00,T1,1805,40,1500.00,10.00,1510.00,1807,40,1500.00,10.00,1510.00,1839,40,1500.00,-10.00,1490.00,1840,40,1500.00,-10.00,1490.00
722,06/20/2025,Eric Byron 1831,Ashley Byron 1832,2,Arthur Hogg 1817,Jeffrey Geiger 1812,6,4.00,T2,1831,40,1500.00,-10.00,1490.00,1832,40,1500.00,-10.00,1490.00,1817,40,1500.00,10.00,1510.00,1812,40,1500.00,10.00,1510.00
723,06/20/2025,Keith Haddrill 1277,William Parker 1811,4,Alex Emmert 1736,Andrew Emmert 1818,4,4.00,TIE,1277,40,1500.00,0.00,1500.00,1811,40,1500.00,0.00,1500.00,1736,40,1500.00,0.00,1500.00,1818,40,1500.00,0.00,1500.00
724,06/20/2025,Robin Genetti 1821,Mike McNeil 1822,6,Derek Hadley 1410,Lauren Hiller 1395,2,4.00,T1,1821,40,1500.00,10.00,1510.00,1822,40,1500.00,10.00,1510.00,1410,40,1499.95,-10.00,1489.95,1395,40,1499.95,-10.00,1489.95
725,06/20/2025,Donald Eberle 1837,Noah Eberle 1838,2,Tristan Neumann 1813,Jacob Heiss 1814,6,4.00,T2,1837,40,1500.00,-10.00,1490.00,1838,40,1500.00,-10.00,1490.00,1813,40,1500.00,10.00,1510.00,1814,40,1500.00,10.00,1510.00
726,06/20/2025,Grace Cox 1833,Ethan Tobin 1392,4,Marnie Kolinski 1829,Jonathan Kolinski 1830,4,4.00,TIE,1833,40,1500.00,0.60,1500.60,1392,40,1479.11,0.60,1479.71,1829,40,1500.00,-0.60,1499.40,1830,40,1500.00,-0.60,1499.40
727,06/20/2025,Jayce Rubel 1815,Ashley Vojtush 1816,6,Rose Mogle 1834,Christopher Mogle 1841,2,4.00,T1,1815,40,1500.00,10.00,1510.00,1816,40,1500.00,10.00,1510.00,1834,40,1500.00,-10.00,1490.00,1841,40,1500.00,-10.00,1490.00
728,06/20/2025,Dakota Adams 1819,Cole Hockenbury 1820,4,Ryan Scott 1474,Aaron Crow 1475,4,4.00,TIE,1819,40,1500.00,-0.07,1499.93,1820,40,1500.00,-0.07,1499.93,1474,40,1498.74,0.07,1498.81,1475,40,1498.74,0.07,1498.81
729,06/20/2025,Evan Williams 1481,Charlotte Melby 1482,6,Allen Lewis 1825,Richard Mogle 1826,2,4.00,T1,1481,40,1470.11,11.72,1481.83,1482,40,1470.11,11.72,1481.83,1825,40,1500.00,-11.72,1488.28,1826,40,1500.00,-11.72,1488.28
730,06/20/2025,Jessica George 1835,Nicholas Burns 1836,2,Jordyn Roach 1785,Whitney Lovelace 1786,6,4.00,T2,1835,40,1500.00,-11.03,1488.97,1836,40,1500.00,-11.03,1488.97,1785,40,1482.01,11.03,1493.04,1786,40,1482.01,11.03,1493.04
731,06/20/2025,Emily Cooney 1823,Ian Cooney 1824,2,Zachary Niehaus 1761,Jim Kennedy 1363,6,4.00,T2,1823,40,1500.00,-10.04,1489.96,1824,40,1500.00,-10.04,1489.96,1761,40,1500.00,10.04,1510.04,1363,40,1498.72,10.04,1508.76
732,06/20/2025,Steven Brown 1000,Ryan Buhr 1346,8,Jayce Rubel 1815,Ashley Vojtush 1816,0,4.00,T1,1000,40,1604.62,13.68,1618.30,1346,40,1642.60,13.68,1656.28,1815,40,1510.00,-13.68,1496.32,1816,40,1510.00,-13.68,1496.32
733,06/20/2025,Bailey Osborne 1350,Emma Buhr 1351,8,Evan Williams 1481,Charlotte Melby 1482,0,4.00,T1,1350,40,1570.43,13.09,1583.52,1351,40,1643.53,13.09,1656.62,1481,40,1481.83,-13.09,1468.74,1482,40,1481.83,-13.09,1468.74
734,06/20/2025,Zach Sherman 1794,Daniel Sherman 1436,2,Arthur Hogg 1817,Jeffrey Geiger 1812,6,4.00,T2,1794,40,1519.06,-11.46,1507.60,1436,40,1551.72,-11.46,1540.26,1817,40,1510.00,11.46,1521.46,1812,40,1510.00,11.46,1521.46
735,06/20/2025,Justin Newland 1805,Aspen Newland 1807,6,Tristan Neumann 1813,Jacob Heiss 1814,2,4.00,T1,1805,40,1510.00,10.00,1520.00,1807,40,1510.00,10.00,1520.00,1813,40,1510.00,-10.00,1500.00,1814,40,1510.00,-10.00,1500.00
736,06/20/2025,Robin Genetti 1821,Mike McNeil 1822,4,Jordyn Roach 1785,Whitney Lovelace 1786,4,4.00,TIE,1821,40,1510.00,-0.98,1509.02,1822,40,1510.00,-0.98,1509.02,1785,40,1493.04,0.98,1494.02,1786,40,1493.04,0.98,1494.02
737,06/20/2025,Allen Lewis 1825,Richard Mogle 1826,3,John Buffington 1827,Evelyn Brohm 1828,5,4.00,T2,1825,40,1488.28,-5.18,1483.10,1826,40,1488.28,-5.18,1483.10,1827,40,1485.18,5.18,1490.36,1828,40,1485.18,5.18,1490.36
738,06/20/2025,Rose Mogle 1834,Christopher Mogle 1841,0,Galen Morse 1809,Mack Mack 1808,8,4.00,T2,1834,40,1490.00,-20.22,1469.78,1841,40,1490.00,-20.22,1469.78,1809,40,1486.11,20.22,1506.33,1808,40,1486.11,20.22,1506.33
739,06/20/2025,Derek Hadley 1410,Lauren Hiller 1395,7,Emily Cooney 1823,Ian Cooney 1824,1,4.00,T1,1410,40,1489.95,15.00,1504.95,1395,40,1489.95,15.00,1504.95,1823,40,1489.96,-15.00,1474.96,1824,40,1489.96,-15.00,1474.96
740,06/20/2025,Ryan Cook 1839,Caleb Cook 1840,4,Jessica George 1835,Nicholas Burns 1836,4,4.00,TIE,1839,40,1490.00,-0.06,1489.94,1840,40,1490.00,-0.06,1489.94,1835,40,1488.97,0.06,1489.03,1836,40,1488.97,0.06,1489.03
741,06/20/2025,Harper Buffington 1842,Heather Buffington 1843,1,Donald Eberle 1837,Noah Eberle 1838,7,4.00,T2,1842,40,1480.94,-14.48,1466.46,1843,40,1480.94,-14.48,1466.46,1837,40,1490.00,14.48,1504.48,1838,40,1490.00,14.48,1504.48
742,06/20/2025,Zachary Niehaus 1761,Jim Kennedy 1363,2,Caleb Buhr 1339,Jennifer Buhr 1343,6,4.00,T2,1761,40,1510.04,-8.71,1501.33,1363,40,1508.76,-8.71,1500.05,1339,40,1531.92,8.71,1540.63,1343,40,1531.92,8.71,1540.63
743,06/20/2025,Eric Byron 1831,Ashley Byron 1832,4,Ryan Scott 1474,Aaron Crow 1475,4,4.00,TIE,1831,40,1490.00,0.51,1490.51,1832,40,1490.00,0.51,1490.51,1474,40,1498.81,-0.51,1498.30,1475,40,1498.81,-0.51,1498.30
744,06/20/2025,Keith Haddrill 1277,William Parker 1811,7,Marnie Kolinski 1829,Jonathan Kolinski 1830,1,4.00,T1,1277,40,1500.00,14.97,1514.97,1811,40,1500.00,14.97,1514.97,1829,40,1499.40,-14.97,1484.43,1830,40,1499.40,-14.97,1484.43
745,06/20/2025,Grace Cox 1833,Ethan Tobin 1392,4,Alex Emmert 1736,Andrew Emmert 1818,4,4.00,TIE,1833,40,1500.60,0.57,1501.17,1392,40,1479.71,0.57,1480.28,1736,40,1500.00,-0.57,1499.43,1818,40,1500.00,-0.57,1499.43
746,06/20/2025,Dakota Adams 1819,Cole Hockenbury 1820,8,Jeremy Wright 1806,Brooke Wright 1417,0,4.00,T1,1819,40,1499.93,20.12,1520.05,1820,40,1499.93,20.12,1520.05,1806,40,1501.94,-20.12,1481.82,1417,40,1501.94,-20.12,1481.82
747,06/20/2025,Steven Brown 1000,Ryan Buhr 1346,8,Justin Newland 1805,Aspen Newland 1807,0,4.00,T1,1000,40,1618.30,13.49,1631.79,1346,40,1656.28,13.49,1669.77,1805,40,1520.00,-13.49,1506.51,1807,40,1520.00,-13.49,1506.51
748,06/20/2025,Bailey Osborne 1350,Emma Buhr 1351,6,Arthur Hogg 1817,Jeffrey Geiger 1812,2,4.00,T1,1350,40,1583.52,4.47,1587.99,1351,40,1656.62,4.47,1661.09,1817,40,1521.46,-4.47,1516.99,1812,40,1521.46,-4.47,1516.99
749,06/20/2025,Robin Genetti 1821,Mike McNeil 1822,0,Caleb Buhr 1339,Jennifer Buhr 1343,8,4.00,T2,1821,40,1509.02,-18.19,1490.83,1822,40,1509.02,-18.19,1490.83,1339,40,1540.63,18.19,1558.82,1343,40,1540.63,18.19,1558.82
750,06/20/2025,Jordyn Roach 1785,Whitney Lovelace 1786,1,Keith Haddrill 1277,William Parker 1811,7,4.00,T2,1785,40,1494.02,-13.80,1480.22,1786,40,1494.02,-13.80,1480.22,1277,40,1514.97,13.80,1528.77,1811,40,1514.97,13.80,1528.77
751,06/20/2025,Allen Lewis 1825,Richard Mogle 1826,8,Harper Buffington 1842,Heather Buffington 1843,0,4.00,T1,1825,40,1483.10,19.04,1502.14,1826,40,1483.10,19.04,1502.14,1842,40,1466.46,-19.04,1447.42,1843,40,1466.46,-19.04,1447.42
752,06/20/2025,Rose Mogle 1834,Christopher Mogle 1841,2,Emily Cooney 1823,Ian Cooney 1824,6,4.00,T2,1834,40,1469.78,-9.70,1460.08,1841,40,1469.78,-9.70,1460.08,1823,40,1474.96,9.70,1484.66,1824,40,1474.96,9.70,1484.66
753,06/20/2025,Marnie Kolinski 1829,Jonathan Kolinski 1830,4,Eric Byron 1831,Ashley Byron 1832,4,4.00,TIE,1829,40,1484.43,0.35,1484.78,1830,40,1484.43,0.35,1484.78,1831,40,1490.51,-0.35,1490.16,1832,40,1490.51,-0.35,1490.16
754,06/20/2025,Jeremy Wright 1806,Brooke Wright 1417,7,Ryan Cook 1839,Caleb Cook 1840,1,4.00,T1,1806,40,1481.82,15.47,1497.29,1417,40,1481.82,15.47,1497.29,1839,40,1489.94,-15.47,1474.47,1840,40,1489.94,-15.47,1474.47
755,06/20/2025,Dakota Adams 1819,Cole Hockenbury 1820,6,Tristan Neumann 1813,Jacob Heiss 1814,2,4.00,T1,1819,40,1520.05,8.85,1528.90,1820,40,1520.05,8.85,1528.90,1813,40,1500.00,-8.85,1491.15,1814,40,1500.00,-8.85,1491.15
756,06/20/2025,Grace Cox 1833,Ethan Tobin 1392,2,John Buffington 1827,Evelyn Brohm 1828,6,4.00,T2,1833,40,1501.17,-10.02,1491.15,1392,40,1480.28,-10.02,1470.26,1827,40,1490.36,10.02,1500.38,1828,40,1490.36,10.02,1500.38
757,06/20/2025,Alex Emmert 1736,Andrew Emmert 1818,6,Derek Hadley 1410,Lauren Hiller 1395,2,4.00,T1,1736,40,1499.43,10.32,1509.75,1818,40,1499.43,10.32,1509.75,1410,40,1504.95,-10.32,1494.63,1395,40,1504.95,-10.32,1494.63
758,06/20/2025,Zach Sherman 1794,Daniel Sherman 1436,6,Ryan Scott 1474,Aaron Crow 1475,2,4.00,T1,1794,40,1507.60,8.53,1516.13,1436,40,1540.26,8.53,1548.79,1474,40,1498.30,-8.53,1489.77,1475,40,1498.30,-8.53,1489.77
759,06/20/2025,Donald Eberle 1837,Noah Eberle 1838,2,Galen Morse 1809,Mack Mack 1808,6,4.00,T2,1837,40,1504.48,-9.89,1494.59,1838,40,1504.48,-9.89,1494.59,1809,40,1506.33,9.89,1516.22,1808,40,1506.33,9.89,1516.22
760,06/20/2025,Jayce Rubel 1815,Ashley Vojtush 1816,2,Evan Williams 1481,Charlotte Melby 1482,6,4.00,T2,1815,40,1496.32,-11.58,1484.74,1816,40,1496.32,-11.58,1484.74,1481,40,1468.74,11.58,1480.32,1482,40,1468.74,11.58,1480.32
761,06/20/2025,Steven Brown 1000,Ryan Buhr 1346,4,Bailey Osborne 1350,Emma Buhr 1351,4,4.00,TIE,1000,40,1631.79,-1.51,1630.28,1346,40,1669.77,-1.51,1668.26,1350,40,1587.99,1.51,1589.50,1351,40,1661.09,1.51,1662.60
762,06/20/2025,Caleb Buhr 1339,Jennifer Buhr 1343,6,Keith Haddrill 1277,William Parker 1811,2,4.00,T1,1339,40,1558.82,8.27,1567.09,1343,40,1558.82,8.27,1567.09,1277,40,1528.77,-8.27,1520.50,1811,40,1528.77,-8.27,1520.50
763,06/20/2025,Dakota Adams 1819,Cole Hockenbury 1820,2,Arthur Hogg 1817,Jeffrey Geiger 1812,6,4.00,T2,1819,40,1528.90,-10.69,1518.21,1820,40,1528.90,-10.69,1518.21,1817,40,1516.99,10.69,1527.68,1812,40,1516.99,10.69,1527.68
764,06/20/2025,Zach Sherman 1794,Daniel Sherman 1436,8,John Buffington 1827,Evelyn Brohm 1828,0,4.00,T1,1794,40,1516.13,18.16,1534.29,1436,40,1548.79,18.16,1566.95,1827,40,1500.38,-18.16,1482.22,1828,40,1500.38,-18.16,1482.22
765,06/20/2025,Justin Newland 1805,Aspen Newland 1807,6,Alex Emmert 1736,Andrew Emmert 1818,2,4.00,T1,1805,40,1506.51,10.19,1516.70,1807,40,1506.51,10.19,1516.70,1736,40,1509.75,-10.19,1499.56,1818,40,1509.75,-10.19,1499.56
766,06/20/2025,Evan Williams 1481,Charlotte Melby 1482,4,Galen Morse 1809,Mack Mack 1808,4,4.00,TIE,1481,40,1480.32,2.06,1482.38,1482,40,1480.32,2.06,1482.38,1809,40,1516.22,-2.06,1514.16,1808,40,1516.22,-2.06,1514.16
767,06/20/2025,Rose Mogle 1834,Christopher Mogle 1841,4,Harper Buffington 1842,Heather Buffington 1843,4,4.00,TIE,1834,40,1460.08,-0.73,1459.35,1841,40,1460.08,-0.73,1459.35,1842,40,1447.42,0.73,1448.15,1843,40,1447.42,0.73,1448.15
768,06/20/2025,Ryan Cook 1839,Caleb Cook 1840,2,Emily Cooney 1823,Ian Cooney 1824,6,4.00,T2,1839,40,1474.47,-9.41,1465.06,1840,40,1474.47,-9.41,1465.06,1823,40,1484.66,9.41,1494.07,1824,40,1484.66,9.41,1494.07
769,06/20/2025,Donald Eberle 1837,Noah Eberle 1838,2,Ryan Scott 1474,Aaron Crow 1475,6,4.00,T2,1837,40,1494.59,-10.28,1484.31,1838,40,1494.59,-10.28,1484.31,1474,40,1489.77,10.28,1500.05,1475,40,1489.77,10.28,1500.05
770,06/20/2025,Marnie Kolinski 1829,Jonathan Kolinski 1830,0,Tristan Neumann 1813,Jacob Heiss 1814,8,4.00,T2,1829,40,1484.78,-19.63,1465.15,1830,40,1484.78,-19.63,1465.15,1813,40,1491.15,19.63,1510.78,1814,40,1491.15,19.63,1510.78
771,06/20/2025,Eric Byron 1831,Ashley Byron 1832,2,Jayce Rubel 1815,Ashley Vojtush 1816,6,4.00,T2,1831,40,1490.16,-10.31,1479.85,1832,40,1490.16,-10.31,1479.85,1815,40,1484.74,10.31,1495.05,1816,40,1484.74,10.31,1495.05
772,06/20/2025,Derek Hadley 1410,Lauren Hiller 1395,6,Grace Cox 1833,Ethan Tobin 1392,2,4.00,T1,1410,40,1494.63,9.20,1503.83,1395,40,1494.63,9.20,1503.83,1833,40,1491.15,-9.20,1481.95,1392,40,1470.26,-9.20,1461.06
773,06/20/2025,Jessica George 1835,Nicholas Burns 1836,4,Allen Lewis 1825,Richard Mogle 1826,4,4.00,TIE,1835,40,1489.03,0.75,1489.78,1836,40,1489.03,0.75,1489.78,1825,40,1502.14,-0.75,1501.39,1826,40,1502.14,-0.75,1501.39
774,06/20/2025,Jeremy Wright 1806,Brooke Wright 1417,6,Jordyn Roach 1785,Whitney Lovelace 1786,2,4.00,T1,1806,40,1497.29,9.02,1506.31,1417,40,1497.29,9.02,1506.31,1785,40,1480.22,-9.02,1471.20,1786,40,1480.22,-9.02,1471.20
775,06/20/2025,Robin Genetti 1821,Mike McNeil 1822,4,Zachary Niehaus 1761,Jim Kennedy 1363,4,4.00,TIE,1821,40,1490.83,0.57,1491.40,1822,40,1490.83,0.57,1491.40,1761,40,1501.33,-0.57,1500.76,1363,40,1500.05,-0.57,1499.48
776,06/20/2025,Steven Brown 1000,Ryan Buhr 1346,8,Caleb Buhr 1339,Jennifer Buhr 1343,0,4.00,T1,1000,40,1630.28,15.36,1645.64,1346,40,1668.26,15.36,1683.62,1339,40,1567.09,-15.36,1551.73,1343,40,1567.09,-15.36,1551.73
777,06/20/2025,Arthur Hogg 1817,Jeffrey Geiger 1812,2,Justin Newland 1805,Aspen Newland 1807,6,4.00,T2,1817,40,1527.68,-10.63,1517.05,1812,40,1527.68,-10.63,1517.05,1805,40,1516.70,10.63,1527.33,1807,40,1516.70,10.63,1527.33
778,06/20/2025,Bailey Osborne 1350,Emma Buhr 1351,7,Zach Sherman 1794,Daniel Sherman 1436,1,4.00,T1,1350,40,1589.50,10.72,1600.22,1351,40,1662.60,10.72,1673.32,1794,40,1534.29,-10.72,1523.57,1436,40,1566.95,-10.72,1556.23
779,06/20/2025,Dakota Adams 1819,Cole Hockenbury 1820,2,Keith Haddrill 1277,William Parker 1811,6,4.00,T2,1819,40,1518.21,-9.87,1508.34,1820,40,1518.21,-9.87,1508.34,1277,40,1520.50,9.87,1530.37,1811,40,1520.50,9.87,1530.37
780,06/20/2025,Evan Williams 1481,Charlotte Melby 1482,0,Jeremy Wright 1806,Brooke Wright 1417,8,4.00,T2,1481,40,1482.38,-18.62,1463.76,1482,40,1482.38,-18.62,1463.76,1806,40,1506.31,18.62,1524.93,1417,40,1506.31,18.62,1524.93
781,06/20/2025,Galen Morse 1809,Mack Mack 1808,6,John Buffington 1827,Evelyn Brohm 1828,2,4.00,T1,1809,40,1514.16,8.17,1522.33,1808,40,1514.16,8.17,1522.33,1827,40,1482.22,-8.17,1474.05,1828,40,1482.22,-8.17,1474.05
782,06/20/2025,Alex Emmert 1736,Andrew Emmert 1818,6,Jessica George 1835,Nicholas Burns 1836,2,4.00,T1,1736,40,1499.56,9.44,1509.00,1818,40,1499.56,9.44,1509.00,1835,40,1489.78,-9.44,1480.34,1836,40,1489.78,-9.44,1480.34
783,06/20/2025,Robin Genetti 1821,Mike McNeil 1822,4,Eric Byron 1831,Ashley Byron 1832,4,4.00,TIE,1821,40,1491.40,-0.66,1490.74,1822,40,1491.40,-0.66,1490.74,1831,40,1479.85,0.66,1480.51,1832,40,1479.85,0.66,1480.51
784,06/20/2025,Zachary Niehaus 1761,Jim Kennedy 1363,8,Donald Eberle 1837,Noah Eberle 1838,0,4.00,T1,1761,40,1500.76,19.09,1519.85,1363,40,1499.48,19.09,1518.57,1837,40,1484.31,-19.09,1465.22,1838,40,1484.31,-19.09,1465.22
785,06/20/2025,Derek Hadley 1410,Lauren Hiller 1395,3,Jayce Rubel 1815,Ashley Vojtush 1816,5,4.00,T2,1410,40,1503.83,-5.51,1498.32,1395,40,1503.83,-5.51,1498.32,1815,40,1495.05,5.51,1500.56,1816,40,1495.05,5.51,1500.56
786,06/20/2025,Tristan Neumann 1813,Jacob Heiss 1814,6,Ryan Cook 1839,Caleb Cook 1840,2,4.00,T1,1813,40,1510.78,7.38,1518.16,1814,40,1510.78,7.38,1518.16,1839,40,1465.06,-7.38,1457.68,1840,40,1465.06,-7.38,1457.68
787,06/20/2025,Ryan Scott 1474,Aaron Crow 1475,8,Rose Mogle 1834,Christopher Mogle 1841,0,4.00,T1,1474,40,1500.05,17.67,1517.72,1475,40,1500.05,17.67,1517.72,1834,40,1459.35,-17.67,1441.68,1841,40,1459.35,-17.67,1441.68
788,06/20/2025,Emily Cooney 1823,Ian Cooney 1824,2,Jordyn Roach 1785,Whitney Lovelace 1786,6,4.00,T2,1823,40,1494.07,-11.31,1482.76,1824,40,1494.07,-11.31,1482.76,1785,40,1471.20,11.31,1482.51,1786,40,1471.20,11.31,1482.51
789,06/20/2025,Allen Lewis 1825,Richard Mogle 1826,4,Grace Cox 1833,Ethan Tobin 1392,4,4.00,TIE,1825,40,1501.39,-1.72,1499.67,1826,40,1501.39,-1.72,1499.67,1833,40,1481.95,1.72,1483.67,1392,40,1461.06,1.72,1462.78
790,06/20/2025,Marnie Kolinski 1829,Jonathan Kolinski 1830,8,Harper Buffington 1842,Heather Buffington 1843,0,4.00,T1,1829,40,1465.15,19.02,1484.17,1830,40,1465.15,19.02,1484.17,1842,40,1448.15,-19.02,1429.13,1843,40,1448.15,-19.02,1429.13
791,06/21/2025,Travis Byron 1885,Ashley Anschutz 1886,4,Kyra Rubinstein 1756,Nick Cheramie 1890,4,4.00,TIE,1885,40,1500.00,0.00,1500.00,1886,40,1500.00,0.00,1500.00,1756,40,1500.00,0.00,1500.00,1890,40,1500.00,0.00,1500.00
792,06/21/2025,Nathaniel Salmon 1873,JT Salmon 1755,0,Jennifer Buhr 1343,Caleb Buhr 1339,8,4.00,T2,1873,40,1500.00,-17.04,1482.96,1755,40,1500.00,-17.04,1482.96,1343,40,1551.73,17.04,1568.77,1339,40,1551.73,17.04,1568.77
793,06/21/2025,Alex Bruckner 1875,Tom Rogal 1876,4,Jackie Chasteen 1462,Tim Chasteen 1891,4,4.00,TIE,1875,40,1500.00,0.09,1500.09,1876,40,1500.00,0.09,1500.09,1462,40,1503.26,-0.09,1503.17,1891,40,1500.00,-0.09,1499.91
794,06/21/2025,Ian Pegg 1881,Ben Nowicki 1882,8,Cory Vail 1803,Lynette Bates 1802,0,4.00,T1,1881,40,1500.00,20.00,1520.00,1882,40,1500.00,20.00,1520.00,1803,40,1500.00,-20.00,1480.00,1802,40,1500.00,-20.00,1480.00
795,06/21/2025,Lerin Hill 1715,Mike McNeil 1822,6,Jonathan Hardy 1883,Anthony Spicer 1884,2,4.00,T1,1715,40,1500.00,10.27,1510.27,1822,40,1490.74,10.27,1501.01,1883,40,1500.00,-10.27,1489.73,1884,40,1500.00,-10.27,1489.73
796,06/21/2025,Emily Brodbeck 1754,Robert Montano 1877,2,Roger Sikes 1796,Phil Stephens 1869,4,3.00,T2,1754,40,1500.00,-5.00,1495.00,1877,40,1500.00,-5.00,1495.00,1796,40,1500.00,5.00,1505.00,1869,40,1500.00,5.00,1505.00
797,06/21/2025,Jared McPherson 1879,Chrissa McPherson 1880,2,Luke Hanes 1501,Caleb Nesbit 1878,6,4.00,T2,1879,40,1500.00,-10.65,1489.35,1880,40,1500.00,-10.65,1489.35,1501,40,1477.43,10.65,1488.08,1878,40,1500.00,10.65,1510.65
798,06/21/2025,Jeremey Wright 1380,Brooke Wright 1417,5,Rhonda Thorpe 1849,Brad Thorpe 1853,3,4.00,T1,1380,40,1500.00,4.28,1504.28,1417,40,1524.93,4.28,1529.21,1849,40,1500.00,-4.28,1495.72,1853,40,1500.00,-4.28,1495.72
799,06/21/2025,Aaron Cygnarowicz 1855,Michael Zimage 1866,0,Randy Brown 1860,Dan Stephens 1874,8,4.00,T2,1855,40,1500.00,-20.00,1480.00,1866,40,1500.00,-20.00,1480.00,1860,40,1500.00,20.00,1520.00,1874,40,1500.00,20.00,1520.00
800,06/21/2025,Nicholas Burkhart 1887,Michelle Burkhart 1893,2,Brian Roesch 1698,Ashley Roesch 1712,6,4.00,T2,1887,40,1500.00,-10.00,1490.00,1893,40,1500.00,-10.00,1490.00,1698,40,1500.00,10.00,1510.00,1712,40,1500.00,10.00,1510.00
801,06/21/2025,Patrick Schaedig 1892,Amanda Schaedig 1894,2,Jordan Bross 1888,Kyle Wislocky 1889,6,4.00,T2,1892,40,1500.00,-10.00,1490.00,1894,40,1500.00,-10.00,1490.00,1888,40,1500.00,10.00,1510.00,1889,40,1500.00,10.00,1510.00
802,06/21/2025,Ian Pegg 1881,Ben Nowicki 1882,3,Roger Sikes 1796,Phil Stephens 1869,5,4.00,T2,1881,40,1520.00,-5.86,1514.14,1882,40,1520.00,-5.86,1514.14,1796,40,1505.00,5.86,1510.86,1869,40,1505.00,5.86,1510.86
803,06/21/2025,Lerin Hill 1715,Mike McNeil 1822,4,Luke Hanes 1501,Caleb Nesbit 1878,4,4.00,TIE,1715,40,1510.27,-0.36,1509.91,1822,40,1501.01,-0.36,1500.65,1501,40,1488.08,0.36,1488.44,1878,40,1510.65,0.36,1511.01
804,06/21/2025,Jeremey Wright 1380,Brooke Wright 1417,4,Randy Brown 1860,Dan Stephens 1874,4,4.00,TIE,1380,40,1504.28,0.19,1504.47,1417,40,1529.21,0.19,1529.40,1860,40,1520.00,-0.19,1519.81,1874,40,1520.00,-0.19,1519.81
805,06/21/2025,Jennifer Buhr 1343,Caleb Buhr 1339,5,Brian Roesch 1698,Ashley Roesch 1712,3,4.00,T1,1343,40,1568.77,1.65,1570.42,1339,40,1568.77,1.65,1570.42,1698,40,1510.00,-1.65,1508.35,1712,40,1510.00,-1.65,1508.35
806,06/21/2025,Rhonda Thorpe 1849,Brad Thorpe 1853,8,Nicholas Burkhart 1887,Michelle Burkhart 1893,0,4.00,T1,1849,40,1495.72,19.67,1515.39,1853,40,1495.72,19.67,1515.39,1887,40,1490.00,-19.67,1470.33,1893,40,1490.00,-19.67,1470.33
807,06/21/2025,Jonathan Hardy 1883,Anthony Spicer 1884,2,Aaron Cygnarowicz 1855,Michael Zimage 1866,6,4.00,T2,1883,40,1489.73,-10.56,1479.17,1884,40,1489.73,-10.56,1479.17,1855,40,1480.00,10.56,1490.56,1866,40,1480.00,10.56,1490.56
808,06/21/2025,Cory Vail 1803,Lynette Bates 1802,3,Jared McPherson 1879,Chrissa McPherson 1880,5,4.00,T2,1803,40,1480.00,-4.46,1475.54,1802,40,1480.00,-4.46,1475.54,1879,40,1489.35,4.46,1493.81,1880,40,1489.35,4.46,1493.81
809,06/21/2025,Patrick Schaedig 1892,Amanda Schaedig 1894,2,Emily Brodbeck 1754,Robert Montano 1877,6,4.00,T2,1892,40,1490.00,-9.71,1480.29,1894,40,1490.00,-9.71,1480.29,1754,40,1495.00,9.71,1504.71,1877,40,1495.00,9.71,1504.71
810,06/21/2025,Jordan Bross 1888,Kyle Wislocky 1889,4,Travis Byron 1885,Ashley Anschutz 1886,4,4.00,TIE,1888,40,1510.00,-0.58,1509.42,1889,40,1510.00,-0.58,1509.42,1885,40,1500.00,0.58,1500.58,1886,40,1500.00,0.58,1500.58
811,06/21/2025,Nathaniel Salmon 1873,JT Salmon 1755,6,Jackie Chasteen 1462,Tim Chasteen 1891,2,4.00,T1,1873,40,1482.96,11.07,1494.03,1755,40,1482.96,11.07,1494.03,1462,40,1503.17,-11.07,1492.10,1891,40,1499.91,-11.07,1488.84
812,06/21/2025,Alex Bruckner 1875,Tom Rogal 1876,6,Kyra Rubinstein 1756,Nick Cheramie 1890,2,4.00,T1,1875,40,1500.09,9.99,1510.08,1876,40,1500.09,9.99,1510.08,1756,40,1500.00,-9.99,1490.01,1890,40,1500.00,-9.99,1490.01
813,06/21/2025,Jennifer Buhr 1343,Caleb Buhr 1339,4,Roger Sikes 1796,Phil Stephens 1869,4,4.00,TIE,1343,40,1570.42,-3.40,1567.02,1339,40,1570.42,-3.40,1567.02,1796,40,1510.86,3.40,1514.26,1869,40,1510.86,3.40,1514.26
814,06/21/2025,Lerin Hill 1715,Mike McNeil 1822,4,Randy Brown 1860,Dan Stephens 1874,4,4.00,TIE,1715,40,1509.91,0.84,1510.75,1822,40,1500.65,0.84,1501.49,1860,40,1519.81,-0.84,1518.97,1874,40,1519.81,-0.84,1518.97
815,06/21/2025,Jeremey Wright 1380,Brooke Wright 1417,4,Alex Bruckner 1875,Tom Rogal 1876,4,4.00,TIE,1380,40,1504.47,-0.39,1504.08,1417,40,1529.40,-0.39,1529.01,1875,40,1510.08,0.39,1510.47,1876,40,1510.08,0.39,1510.47
816,06/21/2025,Luke Hanes 1501,Caleb Nesbit 1878,6,Jordan Bross 1888,Kyle Wislocky 1889,2,4.00,T1,1501,40,1488.44,10.56,1499.00,1878,40,1511.01,10.56,1521.57,1888,40,1509.42,-10.56,1498.86,1889,40,1509.42,-10.56,1498.86
817,06/21/2025,Jonathan Hardy 1883,Anthony Spicer 1884,5,Patrick Schaedig 1892,Amanda Schaedig 1894,3,4.00,T1,1883,40,1479.17,5.06,1484.23,1884,40,1479.17,5.06,1484.23,1892,40,1480.29,-5.06,1475.23,1894,40,1480.29,-5.06,1475.23
818,06/21/2025,Cory Vail 1803,Lynette Bates 1802,4,Nicholas Burkhart 1887,Michelle Burkhart 1893,4,4.00,TIE,1803,40,1475.54,-0.30,1475.24,1802,40,1475.54,-0.30,1475.24,1887,40,1470.33,0.30,1470.63,1893,40,1470.33,0.30,1470.63
819,06/21/2025,Jackie Chasteen 1462,Tim Chasteen 1891,4,Kyra Rubinstein 1756,Nick Cheramie 1890,4,4.00,TIE,1462,40,1492.10,-0.03,1492.07,1891,40,1488.84,-0.03,1488.81,1756,40,1490.01,0.03,1490.04,1890,40,1490.01,0.03,1490.04
820,06/21/2025,Travis Byron 1885,Ashley Anschutz 1886,6,Jared McPherson 1879,Chrissa McPherson 1880,2,4.00,T1,1885,40,1500.58,9.61,1510.19,1886,40,1500.58,9.61,1510.19,1879,40,1493.81,-9.61,1484.20,1880,40,1493.81,-9.61,1484.20
821,06/21/2025,Nathaniel Salmon 1873,JT Salmon 1755,2,Aaron Cygnarowicz 1855,Michael Zimage 1866,6,4.00,T2,1873,40,1494.03,-10.20,1483.83,1755,40,1494.03,-10.20,1483.83,1855,40,1490.56,10.20,1500.76,1866,40,1490.56,10.20,1500.76
822,06/21/2025,Ian Pegg 1881,Ben Nowicki 1882,2,Rhonda Thorpe 1849,Brad Thorpe 1853,6,4.00,T2,1881,40,1514.14,-9.93,1504.21,1882,40,1514.14,-9.93,1504.21,1849,40,1515.39,9.93,1525.32,1853,40,1515.39,9.93,1525.32
823,06/21/2025,Emily Brodbeck 1754,Robert Montano 1877,2,Brian Roesch 1698,Ashley Roesch 1712,6,4.00,T2,1754,40,1504.71,-9.79,1494.92,1877,40,1504.71,-9.79,1494.92,1698,40,1508.35,9.79,1518.14,1712,40,1508.35,9.79,1518.14
824,06/21/2025,Jennifer Buhr 1343,Caleb Buhr 1339,8,Luke Hanes 1501,Caleb Nesbit 1878,0,4.00,T1,1343,40,1567.02,16.76,1583.78,1339,40,1567.02,16.76,1583.78,1501,40,1499.00,-16.76,1482.24,1878,40,1521.57,-16.76,1504.81
825,06/21/2025,Roger Sikes 1796,Phil Stephens 1869,8,Randy Brown 1860,Dan Stephens 1874,0,4.00,T1,1796,40,1514.26,20.27,1534.53,1869,40,1514.26,20.27,1534.53,1860,40,1518.97,-20.27,1498.70,1874,40,1518.97,-20.27,1498.70
826,06/21/2025,Lerin Hill 1715,Mike McNeil 1822,4,Aaron Cygnarowicz 1855,Michael Zimage 1866,4,4.00,TIE,1715,40,1510.75,-0.31,1510.44,1822,40,1501.49,-0.31,1501.18,1855,40,1500.76,0.31,1501.07,1866,40,1500.76,0.31,1501.07
827,06/21/2025,Jeremey Wright 1380,Brooke Wright 1417,8,Travis Byron 1885,Ashley Anschutz 1886,0,4.00,T1,1380,40,1504.08,19.63,1523.71,1417,40,1529.01,19.63,1548.64,1885,40,1510.19,-19.63,1490.56,1886,40,1510.19,-19.63,1490.56
828,06/21/2025,Alex Bruckner 1875,Tom Rogal 1876,6,Rhonda Thorpe 1849,Brad Thorpe 1853,2,4.00,T1,1875,40,1510.47,10.85,1521.32,1876,40,1510.47,10.85,1521.32,1849,40,1525.32,-10.85,1514.47,1853,40,1525.32,-10.85,1514.47
829,06/21/2025,Patrick Schaedig 1892,Amanda Schaedig 1894,1,Cory Vail 1803,Lynette Bates 1802,7,4.00,T2,1892,40,1475.23,-15.00,1460.23,1894,40,1475.23,-15.00,1460.23,1803,40,1475.24,15.00,1490.24,1802,40,1475.24,15.00,1490.24
830,06/21/2025,Nicholas Burkhart 1887,Michelle Burkhart 1893,5,Jackie Chasteen 1462,Tim Chasteen 1891,3,4.00,T1,1887,40,1470.63,6.14,1476.77,1893,40,1470.63,6.14,1476.77,1462,40,1492.07,-6.14,1485.93,1891,40,1488.81,-6.14,1482.67
831,06/21/2025,Jonathan Hardy 1883,Anthony Spicer 1884,8,Ian Pegg 1881,Ben Nowicki 1882,0,4.00,T1,1883,40,1484.23,21.15,1505.38,1884,40,1484.23,21.15,1505.38,1881,40,1504.21,-21.15,1483.06,1882,40,1504.21,-21.15,1483.06
832,06/21/2025,Kyra Rubinstein 1756,Nick Cheramie 1890,0,Nathaniel Salmon 1873,JT Salmon 1755,8,4.00,T2,1756,40,1490.04,-20.36,1469.68,1890,40,1490.04,-20.36,1469.68,1873,40,1483.83,20.36,1504.19,1755,40,1483.83,20.36,1504.19
833,06/21/2025,Jared McPherson 1879,Chrissa McPherson 1880,3,Emily Brodbeck 1754,Robert Montano 1877,5,4.00,T2,1879,40,1484.20,-4.38,1479.82,1880,40,1484.20,-4.38,1479.82,1754,40,1494.92,4.38,1499.30,1877,40,1494.92,4.38,1499.30
834,06/21/2025,Brian Roesch 1698,Ashley Roesch 1712,8,Jordan Bross 1888,Kyle Wislocky 1889,0,4.00,T1,1698,40,1518.14,18.89,1537.03,1712,40,1518.14,18.89,1537.03,1888,40,1498.86,-18.89,1479.97,1889,40,1498.86,-18.89,1479.97
835,06/21/2025,Jennifer Buhr 1343,Caleb Buhr 1339,4,Jeremey Wright 1380,Brooke Wright 1417,4,4.00,TIE,1343,40,1583.78,-2.72,1581.06,1339,40,1583.78,-2.72,1581.06,1380,40,1523.71,2.72,1526.43,1417,40,1548.64,2.72,1551.36
836,06/21/2025,Roger Sikes 1796,Phil Stephens 1869,8,Brian Roesch 1698,Ashley Roesch 1712,0,4.00,T1,1796,40,1534.53,20.14,1554.67,1869,40,1534.53,20.14,1554.67,1698,40,1537.03,-20.14,1516.89,1712,40,1537.03,-20.14,1516.89
837,06/21/2025,Lerin Hill 1715,Mike McNeil 1822,4,Alex Bruckner 1875,Tom Rogal 1876,4,4.00,TIE,1715,40,1510.44,0.89,1511.33,1822,40,1501.18,0.89,1502.07,1875,40,1521.32,-0.89,1520.43,1876,40,1521.32,-0.89,1520.43
838,06/21/2025,Aaron Cygnarowicz 1855,Michael Zimage 1866,6,Luke Hanes 1501,Caleb Nesbit 1878,2,4.00,T1,1855,40,1501.07,9.57,1510.64,1866,40,1501.07,9.57,1510.64,1501,40,1482.24,-9.57,1472.67,1878,40,1504.81,-9.57,1495.24
839,06/21/2025,Patrick Schaedig 1892,Amanda Schaedig 1894,5,Jackie Chasteen 1462,Tim Chasteen 1891,3,4.00,T1,1892,40,1460.23,6.38,1466.61,1894,40,1460.23,6.38,1466.61,1462,40,1485.93,-6.38,1479.55,1891,40,1482.67,-6.38,1476.29
840,06/21/2025,Kyra Rubinstein 1756,Nick Cheramie 1890,0,Jared McPherson 1879,Chrissa McPherson 1880,8,4.00,T2,1756,40,1469.68,-19.42,1450.26,1890,40,1469.68,-19.42,1450.26,1879,40,1479.82,19.42,1499.24,1880,40,1479.82,19.42,1499.24
841,06/21/2025,Cory Vail 1803,Lynette Bates 1802,8,Jordan Bross 1888,Kyle Wislocky 1889,0,4.00,T1,1803,40,1490.24,19.41,1509.65,1802,40,1490.24,19.41,1509.65,1888,40,1479.97,-19.41,1460.56,1889,40,1479.97,-19.41,1460.56
842,06/21/2025,Ian Pegg 1881,Ben Nowicki 1882,6,Nicholas Burkhart 1887,Michelle Burkhart 1893,2,4.00,T1,1881,40,1483.06,9.64,1492.70,1882,40,1483.06,9.64,1492.70,1887,40,1476.77,-9.64,1467.13,1893,40,1476.77,-9.64,1467.13
843,06/21/2025,Randy Brown 1860,Dan Stephens 1874,8,Nathaniel Salmon 1873,JT Salmon 1755,0,4.00,T1,1860,40,1498.70,20.32,1519.02,1874,40,1498.70,20.32,1519.02,1873,40,1504.19,-20.32,1483.87,1755,40,1504.19,-20.32,1483.87
844,06/21/2025,Rhonda Thorpe 1849,Brad Thorpe 1853,8,Jonathan Hardy 1883,Anthony Spicer 1884,0,4.00,T1,1849,40,1514.47,19.48,1533.95,1853,40,1514.47,19.48,1533.95,1883,40,1505.38,-19.48,1485.90,1884,40,1505.38,-19.48,1485.90
845,06/21/2025,Emily Brodbeck 1754,Robert Montano 1877,8,Travis Byron 1885,Ashley Anschutz 1886,0,4.00,T1,1754,40,1499.30,19.50,1518.80,1877,40,1499.30,19.50,1518.80,1885,40,1490.56,-19.50,1471.06,1886,40,1490.56,-19.50,1471.06
846,06/21/2025,Steven Brown 1000,Ryan Buhr 1346,8,Aaron Cygnarowicz 1855,Michael Zimage 1866,0,4.00,T1,1000,40,1645.64,11.67,1657.31,1346,40,1683.62,11.67,1695.29,1855,40,1510.64,-11.67,1498.97,1866,40,1510.64,-11.67,1498.97
847,06/21/2025,Jeremey Wright 1380,Brooke Wright 1417,4,Taylor Snyder 1430,Dominick DeFlippo 1427,8,6.00,T2,1380,40,1526.43,-10.17,1516.26,1417,40,1551.36,-10.17,1541.19,1430,40,1536.88,10.17,1547.05,1427,40,1536.88,10.17,1547.05
848,06/21/2025,Alex Bruckner 1875,Tom Rogal 1876,2,Bailey Osborne 1350,Emma Buhr 1351,8,5.00,T2,1875,40,1520.43,-6.93,1513.50,1876,40,1520.43,-6.93,1513.50,1350,40,1600.22,6.93,1607.15,1351,40,1673.32,6.93,1680.25
849,06/21/2025,Jennifer Buhr 1343,Caleb Buhr 1339,6,Jeffrey Starkey 1762,Jacob Jackson 1763,8,7.00,T2,1343,40,1581.06,-9.26,1571.80,1339,40,1581.06,-9.26,1571.80,1762,40,1538.52,9.26,1547.78,1763,40,1538.52,9.26,1547.78
850,06/21/2025,Michael Barth 1342,Adam Ziobrowski 1347,8,Natalie McCollum 1723,Nick McCollum 1724,2,5.00,T1,1342,40,1588.63,10.47,1599.10,1347,40,1614.09,10.47,1624.56,1723,40,1537.71,-10.47,1527.24,1724,40,1537.71,-10.47,1527.24
851,06/21/2025,Richard Matney 1704,Michael Castiglia 1721,8,Justin Newland 1805,Aspen Newland 1807,0,4.00,T1,1704,40,1549.80,18.71,1568.51,1721,40,1549.80,18.71,1568.51,1805,40,1527.33,-18.71,1508.62,1807,40,1527.33,-18.71,1508.62
852,06/21/2025,Robert Munro 1697,Andrew Stiles 1722,0,Darin Van Gammeren 1338,Katie Van Gammeren 1438,8,4.00,T2,1697,40,1524.11,-17.32,1506.79,1722,40,1524.11,-17.32,1506.79,1338,40,1570.86,17.32,1588.18,1438,40,1570.86,17.32,1588.18
853,06/21/2025,Ben Harding 1001,Brandyn Osborne 1341,8,Keith Haddrill 1277,William Parker 1811,0,4.00,T1,1001,20,1703.63,6.91,1710.54,1341,40,1578.75,13.83,1592.58,1277,40,1530.37,-13.83,1516.54,1811,40,1530.37,-13.83,1516.54
854,06/21/2025,Steven Brown 1000,Ryan Buhr 1346,8,Taylor Snyder 1430,Dominick DeFlippo 1427,2,5.00,T1,1000,40,1657.31,6.11,1663.42,1346,40,1695.29,6.11,1701.40,1430,40,1547.05,-6.11,1540.94,1427,40,1547.05,-6.11,1540.94
855,06/21/2025,Bailey Osborne 1350,Emma Buhr 1351,9,Jeffrey Starkey 1762,Jacob Jackson 1763,7,8.00,T1,1350,40,1607.15,-5.77,1601.38,1351,40,1680.25,-5.77,1674.48,1762,40,1547.78,5.77,1553.55,1763,40,1547.78,5.77,1553.55
856,06/21/2025,Michael Barth 1342,Adam Ziobrowski 1347,8,Richard Matney 1704,Michael Castiglia 1721,6,7.00,T1,1342,40,1599.10,0.66,1599.76,1347,40,1624.56,0.66,1625.22,1704,40,1568.51,-0.66,1567.85,1721,40,1568.51,-0.66,1567.85
857,06/21/2025,Darin Van Gammeren 1338,Katie Van Gammeren 1438,0,Ben Harding 1001,Brandyn Osborne 1341,8,4.00,T2,1338,40,1588.18,-16.39,1571.79,1438,40,1588.18,-16.39,1571.79,1001,20,1710.54,8.20,1718.74,1341,40,1592.58,16.39,1608.97
858,06/21/2025,Ben Harding 1001,Brandyn Osborne 1341,8,Michael Barth 1342,Adam Ziobrowski 1347,2,5.00,T1,1001,20,1718.74,5.67,1724.41,1341,40,1608.97,11.33,1620.30,1342,40,1599.76,-11.33,1588.43,1347,40,1625.22,-11.33,1613.89
859,06/21/2025,Steven Brown 1000,Ryan Buhr 1346,8,Bailey Osborne 1350,Emma Buhr 1351,2,5.00,T1,1000,40,1663.42,11.82,1675.24,1346,40,1701.40,11.82,1713.22,1350,40,1601.38,-11.82,1589.56,1351,40,1674.48,-11.82,1662.66
860,06/21/2025,Ben Harding 1001,Brandyn Osborne 1341,10,Steven Brown 1000,Ryan Buhr 1346,4,7.00,T1,1001,20,1724.41,8.60,1733.01,1341,40,1620.30,17.20,1637.50,1000,40,1675.24,-17.20,1658.04,1346,40,1713.22,-17.20,1696.02
861,06/21/2025,Aaron Cygnarowicz 1855,Michael Zimage 1866,8,Jeremey Wright 1380,Brooke Wright 1417,4,6.00,T1,1855,40,1498.97,12.56,1511.53,1866,40,1498.97,12.56,1511.53,1380,40,1516.26,-12.56,1503.70,1417,40,1541.19,-12.56,1528.63
862,06/21/2025,Alex Bruckner 1875,Tom Rogal 1876,2,Jennifer Buhr 1343,Caleb Buhr 1339,6,4.00,T2,1875,40,1513.50,-6.68,1506.82,1876,40,1513.50,-6.68,1506.82,1343,40,1571.80,6.68,1578.48,1339,40,1571.80,6.68,1578.48
863,06/21/2025,Natalie McCollum 1723,Nick McCollum 1724,8,Justin Newland 1805,Aspen Newland 1807,6,7.00,T1,1723,40,1527.24,3.13,1530.37,1724,40,1527.24,3.13,1530.37,1805,40,1508.62,-3.13,1505.49,1807,40,1508.62,-3.13,1505.49
864,06/21/2025,Robert Munro 1697,Andrew Stiles 1722,8,Keith Haddrill 1277,William Parker 1811,4,6.00,T1,1697,40,1506.79,10.84,1517.63,1722,40,1506.79,10.84,1517.63,1277,40,1516.54,-10.84,1505.70,1811,40,1516.54,-10.84,1505.70
865,06/21/2025,Taylor Snyder 1430,Dominick DeFlippo 1427,2,Robert Munro 1697,Andrew Stiles 1722,8,5.00,T2,1430,40,1540.94,-16.67,1524.27,1427,40,1540.94,-16.67,1524.27,1697,40,1517.63,16.67,1534.30,1722,40,1517.63,16.67,1534.30
866,06/21/2025,Jeffrey Starkey 1762,Jacob Jackson 1763,2,Natalie McCollum 1723,Nick McCollum 1724,8,5.00,T2,1762,40,1553.55,-16.67,1536.88,1763,40,1553.55,-16.67,1536.88,1723,40,1530.37,16.67,1547.04,1724,40,1530.37,16.67,1547.04
867,06/21/2025,Richard Matney 1704,Michael Castiglia 1721,2,Jennifer Buhr 1343,Caleb Buhr 1339,8,5.00,T2,1704,40,1567.85,-14.24,1553.61,1721,40,1567.85,-14.24,1553.61,1343,40,1578.48,14.24,1592.72,1339,40,1578.48,14.24,1592.72
868,06/21/2025,Darin Van Gammeren 1338,Katie Van Gammeren 1438,8,Aaron Cygnarowicz 1855,Michael Zimage 1866,0,4.00,T1,1338,40,1571.79,16.57,1588.36,1438,40,1571.79,16.57,1588.36,1855,40,1511.53,-16.57,1494.96,1866,40,1511.53,-16.57,1494.96
869,06/21/2025,Darin Van Gammeren 1338,Katie Van Gammeren 1438,2,Jennifer Buhr 1343,Caleb Buhr 1339,8,5.00,T2,1338,40,1588.36,-14.69,1573.67,1438,40,1588.36,-14.69,1573.67,1343,40,1592.72,14.69,1607.41,1339,40,1592.72,14.69,1607.41
870,06/21/2025,Natalie McCollum 1723,Nick McCollum 1724,8,Robert Munro 1697,Andrew Stiles 1722,2,5.00,T1,1723,40,1547.04,14.08,1561.12,1724,40,1547.04,14.08,1561.12,1697,40,1534.30,-14.08,1520.22,1722,40,1534.30,-14.08,1520.22
871,06/21/2025,Jennifer Buhr 1343,Caleb Buhr 1339,7,Natalie McCollum 1723,Nick McCollum 1724,5,6.00,T1,1343,40,1607.41,1.03,1608.44,1339,40,1607.41,1.03,1608.44,1723,40,1561.12,-1.03,1560.09,1724,40,1561.12,-1.03,1560.09
872,06/21/2025,Bailey Osborne 1350,Emma Buhr 1351,2,Michael Barth 1342,Adam Ziobrowski 1347,8,5.00,T2,1350,40,1589.56,-16.79,1572.77,1351,40,1662.66,-16.79,1645.87,1342,40,1588.43,16.79,1605.22,1347,40,1613.89,16.79,1630.68
873,10/03/2025,Lou Wolf 2074,Tim Lind 2075,2,Lucas Finnell 1690,April Finnell 1688,6,4.00,T2,2074,40,1500.00,-10.00,1490.00,2075,40,1500.00,-10.00,1490.00,1690,40,1500.00,10.00,1510.00,1688,40,1500.00,10.00,1510.00
874,10/03/2025,Jacob Flesse 2078,Maxwell Thompson 2079,2,Joe Zieger 1680,Gary Schaefers 1692,6,4.00,T2,2078,40,1500.00,-10.00,1490.00,2079,40,1500.00,-10.00,1490.00,1680,40,1500.00,10.00,1510.00,1692,40,1500.00,10.00,1510.00
875,10/03/2025,Michael Garbett 2067,Ryan Swaney 1914,0,Keith Sibug 2045,Tom Plutt 2069,8,4.00,T2,2067,40,1500.00,-20.00,1480.00,1914,40,1500.00,-20.00,1480.00,2045,40,1500.00,20.00,1520.00,2069,40,1500.00,20.00,1520.00
876,10/03/2025,Glen Parks 1029,Alex Parsons 2064,8,Lana Weber 2076,Pat Weber 2077,0,4.00,T1,1029,40,1542.70,18.77,1561.47,2064,40,1500.00,18.77,1518.77,2076,40,1500.00,-18.77,1481.23,2077,40,1500.00,-18.77,1481.23
877,10/03/2025,Joey Byrnes 2080,Finn Byrnes 2073,4,Andrew Flanders 2081,Andy Flanders 2082,4,4.00,TIE,2080,40,1500.00,0.00,1500.00,2073,40,1500.00,0.00,1500.00,2081,40,1500.00,0.00,1500.00,2082,40,1500.00,0.00,1500.00
878,10/03/2025,Sean Cowles 1681,Alesha Cowles 1685,6,Jared Ritenour 2083,Evan Ritenour 2084,2,4.00,T1,1681,40,1500.00,10.00,1510.00,1685,40,1500.00,10.00,1510.00,2083,40,1500.00,-10.00,1490.00,2084,40,1500.00,-10.00,1490.00
879,10/03/2025,Matthew Aukeman 2085,Levi Hamilton 2086,8,Billy Conner 2087,Steve Yount 2088,0,4.00,T1,2085,40,1500.00,20.00,1520.00,2086,40,1500.00,20.00,1520.00,2087,40,1500.00,-20.00,1480.00,2088,40,1500.00,-20.00,1480.00
880,10/03/2025,Glen Parks 1029,Alex Parsons 2064,6,Lucas Finnell 1690,April Finnell 1688,2,4.00,T1,1029,40,1561.47,8.27,1569.74,2064,40,1518.77,8.27,1527.04,1690,40,1510.00,-8.27,1501.73,1688,40,1510.00,-8.27,1501.73
881,10/03/2025,Sean Cowles 1681,Alesha Cowles 1685,6,Joe Zieger 1680,Gary Schaefers 1692,2,4.00,T1,1681,40,1510.00,10.00,1520.00,1685,40,1510.00,10.00,1520.00,1680,40,1510.00,-10.00,1500.00,1692,40,1510.00,-10.00,1500.00
882,10/03/2025,Matthew Aukeman 2085,Levi Hamilton 2086,2,Keith Sibug 2045,Tom Plutt 2069,6,4.00,T2,2085,40,1520.00,-10.00,1510.00,2086,40,1520.00,-10.00,1510.00,2045,40,1520.00,10.00,1530.00,2069,40,1520.00,10.00,1530.00
883,10/03/2025,Joey Byrnes 2080,Finn Byrnes 2073,0,Lou Wolf 2074,Tim Lind 2075,8,4.00,T2,2080,40,1500.00,-20.58,1479.42,2073,40,1500.00,-20.58,1479.42,2074,40,1490.00,20.58,1510.58,2075,40,1490.00,20.58,1510.58
884,10/03/2025,Andrew Flanders 2081,Andy Flanders 2082,7,Jacob Flesse 2078,Maxwell Thompson 2079,1,4.00,T1,2081,40,1500.00,14.42,1514.42,2082,40,1500.00,14.42,1514.42,2078,40,1490.00,-14.42,1475.58,2079,40,1490.00,-14.42,1475.58
885,10/03/2025,Michael Garbett 2067,Ryan Swaney 1914,4,Lana Weber 2076,Pat Weber 2077,4,4.00,TIE,2067,40,1480.00,0.07,1480.07,1914,40,1480.00,0.07,1480.07,2076,40,1481.23,-0.07,1481.16,2077,40,1481.23,-0.07,1481.16
886,10/03/2025,Jared Ritenour 2083,Evan Ritenour 2084,2,Billy Conner 2087,Steve Yount 2088,6,4.00,T2,2083,40,1490.00,-10.58,1479.42,2084,40,1490.00,-10.58,1479.42,2087,40,1480.00,10.58,1490.58,2088,40,1480.00,10.58,1490.58
887,10/03/2025,Sean Cowles 1681,Alesha Cowles 1685,4,Glen Parks 1029,Alex Parsons 2064,4,4.00,TIE,1681,40,1520.00,1.63,1521.63,1685,40,1520.00,1.63,1521.63,1029,40,1569.74,-1.63,1568.11,2064,40,1527.04,-1.63,1525.41
888,10/03/2025,Keith Sibug 2045,Tom Plutt 2069,7,Andrew Flanders 2081,Andy Flanders 2082,1,4.00,T1,2045,40,1530.00,14.10,1544.10,2069,40,1530.00,14.10,1544.10,2081,40,1514.42,-14.10,1500.32,2082,40,1514.42,-14.10,1500.32
889,10/03/2025,Matthew Aukeman 2085,Levi Hamilton 2086,4,Michael Garbett 2067,Ryan Swaney 1914,4,4.00,TIE,2085,40,1510.00,-1.72,1508.28,2086,40,1510.00,-1.72,1508.28,2067,40,1480.07,1.72,1481.79,1914,40,1480.07,1.72,1481.79
890,10/03/2025,Lucas Finnell 1690,April Finnell 1688,0,Joe Zieger 1680,Gary Schaefers 1692,8,4.00,T2,1690,40,1501.73,-20.10,1481.63,1688,40,1501.73,-20.10,1481.63,1680,40,1500.00,20.10,1520.10,1692,40,1500.00,20.10,1520.10
891,10/03/2025,Lou Wolf 2074,Tim Lind 2075,7,Billy Conner 2087,Steve Yount 2088,1,4.00,T1,2074,40,1510.58,13.85,1524.43,2075,40,1510.58,13.85,1524.43,2087,40,1490.58,-13.85,1476.73,2088,40,1490.58,-13.85,1476.73
892,10/03/2025,Lana Weber 2076,Pat Weber 2077,6,Joey Byrnes 2080,Finn Byrnes 2073,2,4.00,T1,2076,40,1481.16,9.90,1491.06,2077,40,1481.16,9.90,1491.06,2080,40,1479.42,-9.90,1469.52,2073,40,1479.42,-9.90,1469.52
893,10/03/2025,Jacob Flesse 2078,Maxwell Thompson 2079,2,Jared Ritenour 2083,Evan Ritenour 2084,6,4.00,T2,2078,40,1475.58,-9.78,1465.80,2079,40,1475.58,-9.78,1465.80,2083,40,1479.42,9.78,1489.20,2084,40,1479.42,9.78,1489.20
894,10/03/2025,Keith Sibug 2045,Tom Plutt 2069,4,Sean Cowles 1681,Alesha Cowles 1685,4,4.00,TIE,2045,40,1544.10,-1.29,1542.81,2069,40,1544.10,-1.29,1542.81,1681,40,1521.63,1.29,1522.92,1685,40,1521.63,1.29,1522.92
895,10/03/2025,Glen Parks 1029,Alex Parsons 2064,6,Lou Wolf 2074,Tim Lind 2075,2,4.00,T1,1029,40,1568.11,8.72,1576.83,2064,40,1525.41,8.72,1534.13,2074,40,1524.43,-8.72,1515.71,2075,40,1524.43,-8.72,1515.71
896,10/03/2025,Jacob Flesse 2078,Maxwell Thompson 2079,4,Joey Byrnes 2080,Finn Byrnes 2073,4,4.00,TIE,2078,40,1465.80,0.21,1466.01,2079,40,1465.80,0.21,1466.01,2080,40,1469.52,-0.21,1469.31,2073,40,1469.52,-0.21,1469.31
897,10/03/2025,Jared Ritenour 2083,Evan Ritenour 2084,3,Michael Garbett 2067,Ryan Swaney 1914,5,4.00,T2,2083,40,1489.20,-5.43,1483.77,2084,40,1489.20,-5.43,1483.77,2067,40,1481.79,5.43,1487.22,1914,40,1481.79,5.43,1487.22
898,10/03/2025,Billy Conner 2087,Steve Yount 2088,8,Lucas Finnell 1690,April Finnell 1688,0,4.00,T1,2087,40,1476.73,20.28,1497.01,2088,40,1476.73,20.28,1497.01,1690,40,1481.63,-20.28,1461.35,1688,40,1481.63,-20.28,1461.35
899,10/03/2025,Joe Zieger 1680,Gary Schaefers 1692,1,Matthew Aukeman 2085,Levi Hamilton 2086,7,4.00,T2,1680,40,1520.10,-15.68,1504.42,1692,40,1520.10,-15.68,1504.42,2085,40,1508.28,15.68,1523.96,2086,40,1508.28,15.68,1523.96
900,10/03/2025,Lana Weber 2076,Pat Weber 2077,8,Andrew Flanders 2081,Andy Flanders 2082,0,4.00,T1,2076,40,1491.06,20.53,1511.59,2077,40,1491.06,20.53,1511.59,2081,40,1500.32,-20.53,1479.79,2082,40,1500.32,-20.53,1479.79
901,10/03/2025,Glen Parks 1029,Alex Parsons 2064,4,Keith Sibug 2045,Tom Plutt 2069,4,4.00,TIE,1029,40,1576.83,-0.73,1576.10,2064,40,1534.13,-0.73,1533.40,2045,40,1542.81,0.73,1543.54,2069,40,1542.81,0.73,1543.54
902,10/03/2025,Sean Cowles 1681,Alesha Cowles 1685,4,Matthew Aukeman 2085,Levi Hamilton 2086,4,4.00,TIE,1681,40,1522.92,0.06,1522.98,1685,40,1522.92,0.06,1522.98,2085,40,1523.96,-0.06,1523.90,2086,40,1523.96,-0.06,1523.90
903,10/03/2025,Jacob Flesse 2078,Maxwell Thompson 2079,1,Lucas Finnell 1690,April Finnell 1688,7,4.00,T2,2078,40,1466.01,-15.27,1450.74,2079,40,1466.01,-15.27,1450.74,1690,40,1461.35,15.27,1476.62,1688,40,1461.35,15.27,1476.62
904,10/03/2025,Joey Byrnes 2080,Finn Byrnes 2073,6,Jared Ritenour 2083,Evan Ritenour 2084,2,4.00,T1,2080,40,1469.31,10.83,1480.14,2073,40,1469.31,10.83,1480.14,2083,40,1483.77,-10.83,1472.94,2084,40,1483.77,-10.83,1472.94
905,10/03/2025,Lana Weber 2076,Pat Weber 2077,3,Joe Zieger 1680,Gary Schaefers 1692,5,4.00,T2,2076,40,1511.59,-5.41,1506.18,2077,40,1511.59,-5.41,1506.18,1680,40,1504.42,5.41,1509.83,1692,40,1504.42,5.41,1509.83
906,10/03/2025,Andrew Flanders 2081,Andy Flanders 2082,4,Billy Conner 2087,Steve Yount 2088,4,4.00,TIE,2081,40,1479.79,0.99,1480.78,2082,40,1479.79,0.99,1480.78,2087,40,1497.01,-0.99,1496.02,2088,40,1497.01,-0.99,1496.02
907,10/03/2025,Michael Garbett 2067,Ryan Swaney 1914,4,Lou Wolf 2074,Tim Lind 2075,4,4.00,TIE,2067,40,1487.22,1.64,1488.86,1914,40,1487.22,1.64,1488.86,2074,40,1515.71,-1.64,1514.07,2075,40,1515.71,-1.64,1514.07